order_id,order_year,order_month,order_day,demand_phase,product_id,product_title,product_category,current_product_stock,client_id,price_inr,quantity_ordered
O04211,2014,1,1,pre_covid,P003,Smartphone,Electronics,322,C009,22000,4
O05265,2014,1,1,pre_covid,P012,Festive Sarees,Fashion,414,C015,6000,2
O05277,2014,1,1,pre_covid,P006,Office Chair (Ergonomic),Home & Kitchen,85,C013,8500,5
O03174,2014,1,3,pre_covid,P010,Men's Formal Shirts,Fashion,1647,C006,1800,2
O03297,2014,1,3,pre_covid,P007,Treadmill,Gym Equipment,78,C009,42000,7
O03494,2014,1,3,pre_covid,P007,Treadmill,Gym Equipment,51,C007,42000,5
O04076,2014,1,4,pre_covid,P009,Yoga Mat,Gym Equipment,516,C004,1500,7
O05256,2014,1,4,pre_covid,P004,Air Purifier,Home & Kitchen,142,C007,12000,1
O00029,2014,1,5,pre_covid,P009,Yoga Mat,Gym Equipment,1440,C002,1500,8
O00319,2014,1,5,pre_covid,P007,Treadmill,Gym Equipment,71,C003,42000,7
O02140,2014,1,5,pre_covid,P006,Office Chair (Ergonomic),Home & Kitchen,170,C010,8500,1
O03628,2014,1,6,pre_covid,P011,Casual Loungewear Set,Fashion,2278,C020,1200,4
O02755,2014,1,7,pre_covid,P004,Air Purifier,Home & Kitchen,180,C008,12000,5
O04376,2014,1,7,pre_covid,P015,Drawing Tablet (EdTech),Stationery & EdTech,18,C014,7500,6
O00259,2014,1,8,pre_covid,P008,Resistance Bands & Dumbbell Set,Gym Equipment,1086,C009,3500,15
O00792,2014,1,8,pre_covid,P010,Men's Formal Shirts,Fashion,2931,C019,1800,5
O05227,2014,1,8,pre_covid,P005,Microwave Oven,Home & Kitchen,123,C008,9000,3
O01344,2014,1,9,pre_covid,P006,Office Chair (Ergonomic),Home & Kitchen,132,C015,8500,3
O03095,2014,1,9,pre_covid,P011,Casual Loungewear Set,Fashion,2539,C011,1200,1
O05228,2014,1,9,pre_covid,P003,Smartphone,Electronics,89,C001,22000,3
O00481,2014,1,10,pre_covid,P009,Yoga Mat,Gym Equipment,2240,C005,1500,15
O00882,2014,1,10,pre_covid,P011,Casual Loungewear Set,Fashion,3149,C011,1200,6
O02942,2014,1,10,pre_covid,P014,Packaged Grocery Staples,Groceries & Hygiene,2724,C018,800,6
O04220,2014,1,10,pre_covid,P005,Microwave Oven,Home & Kitchen,261,C004,9000,6
O03291,2014,1,11,pre_covid,P014,Packaged Grocery Staples,Groceries & Hygiene,2575,C014,800,6
O07024,2014,1,11,pre_covid,P009,Yoga Mat,Gym Equipment,546,C003,1500,8
O01446,2014,1,12,pre_covid,P006,Office Chair (Ergonomic),Home & Kitchen,95,C016,8500,3
O04939,2014,1,12,pre_covid,P009,Yoga Mat,Gym Equipment,1066,C011,1500,5
O06275,2014,1,13,pre_covid,P011,Casual Loungewear Set,Fashion,1032,C012,1200,1
O01676,2014,1,14,pre_covid,P008,Resistance Bands & Dumbbell Set,Gym Equipment,1196,C005,3500,8
O02592,2014,1,14,pre_covid,P001,Laptop,Electronics,123,C020,55000,3
O03885,2014,1,14,pre_covid,P008,Resistance Bands & Dumbbell Set,Gym Equipment,539,C015,3500,5
O00697,2014,1,15,pre_covid,P007,Treadmill,Gym Equipment,43,C002,42000,7
O05191,2014,1,15,pre_covid,P008,Resistance Bands & Dumbbell Set,Gym Equipment,703,C005,3500,18
O07995,2014,1,15,pre_covid,P002,Webcam & Headset Combo,Electronics,190,C004,4500,5
O01196,2014,1,16,pre_covid,P007,Treadmill,Gym Equipment,19,C016,42000,8
O05784,2014,1,16,pre_covid,P008,Resistance Bands & Dumbbell Set,Gym Equipment,118,C009,3500,8
O06097,2014,1,16,pre_covid,P010,Men's Formal Shirts,Fashion,1957,C016,1800,6
O06621,2014,1,16,pre_covid,P009,Yoga Mat,Gym Equipment,927,C020,1500,7
O07319,2014,1,16,pre_covid,P008,Resistance Bands & Dumbbell Set,Gym Equipment,1052,C019,3500,7
O04575,2014,1,18,pre_covid,P007,Treadmill,Gym Equipment,5,C016,42000,2
O07310,2014,1,18,pre_covid,P006,Office Chair (Ergonomic),Home & Kitchen,25,C015,8500,4
O01413,2014,1,19,pre_covid,P012,Festive Sarees,Fashion,1175,C013,6000,1
O03069,2014,1,19,pre_covid,P015,Drawing Tablet (EdTech),Stationery & EdTech,192,C004,7500,5
O03154,2014,1,19,pre_covid,P008,Resistance Bands & Dumbbell Set,Gym Equipment,1158,C019,3500,7
O03850,2014,1,19,pre_covid,P008,Resistance Bands & Dumbbell Set,Gym Equipment,577,C005,3500,8
O06781,2014,1,19,pre_covid,P001,Laptop,Electronics,142,C004,55000,1
O01580,2014,1,20,pre_covid,P014,Packaged Grocery Staples,Groceries & Hygiene,2980,C019,800,5
O03785,2014,1,20,pre_covid,P001,Laptop,Electronics,75,C010,55000,1
O04822,2014,1,20,pre_covid,P007,Treadmill,Gym Equipment,27,C016,42000,3
O02230,2014,1,21,pre_covid,P007,Treadmill,Gym Equipment,74,C002,42000,7
O03038,2014,1,21,pre_covid,P008,Resistance Bands & Dumbbell Set,Gym Equipment,67,C004,3500,16
O06960,2014,1,21,pre_covid,P004,Air Purifier,Home & Kitchen,75,C006,12000,3
O02853,2014,1,22,pre_covid,P003,Smartphone,Electronics,260,C012,22000,6
O02970,2014,1,22,pre_covid,P013,Hand Sanitizer (Bulk Pack),Groceries & Hygiene,505,C005,1200,2
O00348,2014,1,23,pre_covid,P012,Festive Sarees,Fashion,1725,C005,6000,6
O02789,2014,1,23,pre_covid,P010,Men's Formal Shirts,Fashion,1841,C002,1800,3
O05673,2014,1,23,pre_covid,P008,Resistance Bands & Dumbbell Set,Gym Equipment,225,C007,3500,15
O01024,2014,1,24,pre_covid,P003,Smartphone,Electronics,238,C009,22000,2
O06357,2014,1,24,pre_covid,P007,Treadmill,Gym Equipment,38,C019,42000,4
O03960,2014,1,25,pre_covid,P001,Laptop,Electronics,144,C015,55000,1
O07736,2014,1,25,pre_covid,P011,Casual Loungewear Set,Fashion,272,C019,1200,6
O04904,2014,1,26,pre_covid,P009,Yoga Mat,Gym Equipment,1098,C013,1500,12
O01053,2014,1,27,pre_covid,P009,Yoga Mat,Gym Equipment,1434,C007,1500,18
O07821,2014,1,27,pre_covid,P007,Treadmill,Gym Equipment,47,C001,42000,3
O03784,2014,1,28,pre_covid,P004,Air Purifier,Home & Kitchen,217,C015,12000,2
O06909,2014,1,28,pre_covid,P009,Yoga Mat,Gym Equipment,679,C017,1500,15
O00625,2014,1,29,pre_covid,P009,Yoga Mat,Gym Equipment,2043,C015,1500,15
O04725,2014,1,29,pre_covid,P007,Treadmill,Gym Equipment,67,C005,42000,2
O05114,2014,1,29,pre_covid,P008,Resistance Bands & Dumbbell Set,Gym Equipment,730,C013,3500,14
O03242,2014,2,1,pre_covid,P012,Festive Sarees,Fashion,1443,C007,6000,6
O01740,2014,2,2,pre_covid,P009,Yoga Mat,Gym Equipment,886,C006,1500,4
O06419,2014,2,2,pre_covid,P010,Men's Formal Shirts,Fashion,1781,C016,1800,15
O02125,2014,2,3,pre_covid,P006,Office Chair (Ergonomic),Home & Kitchen,175,C006,8500,5
O01157,2014,2,4,pre_covid,P003,Smartphone,Electronics,211,C018,22000,2
O02538,2014,2,4,pre_covid,P002,Webcam & Headset Combo,Electronics,520,C007,4500,1
O04091,2014,2,4,pre_covid,P015,Drawing Tablet (EdTech),Stationery & EdTech,212,C010,7500,5
O04508,2014,2,4,pre_covid,P003,Smartphone,Electronics,245,C001,22000,3
O05303,2014,2,4,pre_covid,P005,Microwave Oven,Home & Kitchen,45,C007,9000,3
O04565,2014,2,5,pre_covid,P004,Air Purifier,Home & Kitchen,271,C008,12000,5
O04639,2014,2,5,pre_covid,P009,Yoga Mat,Gym Equipment,1341,C004,1500,1
O04257,2014,2,6,pre_covid,P004,Air Purifier,Home & Kitchen,100,C002,12000,4
O00417,2014,2,7,pre_covid,P004,Air Purifier,Home & Kitchen,164,C018,12000,6
O04595,2014,2,7,pre_covid,P004,Air Purifier,Home & Kitchen,260,C008,12000,1
O00911,2014,2,8,pre_covid,P015,Drawing Tablet (EdTech),Stationery & EdTech,181,C020,7500,3
O00926,2014,2,9,pre_covid,P015,Drawing Tablet (EdTech),Stationery & EdTech,162,C001,7500,6
O01638,2014,2,9,pre_covid,P010,Men's Formal Shirts,Fashion,2461,C010,1800,20
O03217,2014,2,9,pre_covid,P012,Festive Sarees,Fashion,1470,C019,6000,16
O03727,2014,2,9,pre_covid,P009,Yoga Mat,Gym Equipment,841,C006,1500,4
O04254,2014,2,9,pre_covid,P014,Packaged Grocery Staples,Groceries & Hygiene,2216,C002,800,6
O05139,2014,2,9,pre_covid,P002,Webcam & Headset Combo,Electronics,399,C009,4500,4
O06098,2014,2,9,pre_covid,P012,Festive Sarees,Fashion,1277,C006,6000,10
O02495,2014,2,10,pre_covid,P010,Men's Formal Shirts,Fashion,1999,C012,1800,6
O07436,2014,2,10,pre_covid,P004,Air Purifier,Home & Kitchen,266,C002,12000,3
O00229,2014,2,11,pre_covid,P012,Festive Sarees,Fashion,1783,C014,6000,6
O04218,2014,2,11,pre_covid,P010,Men's Formal Shirts,Fashion,1170,C018,1800,20
O04348,2014,2,11,pre_covid,P015,Drawing Tablet (EdTech),Stationery & EdTech,26,C012,7500,6
O06158,2014,2,11,pre_covid,P010,Men's Formal Shirts,Fashion,1912,C002,1800,6
O00559,2014,2,12,pre_covid,P014,Packaged Grocery Staples,Groceries & Hygiene,3066,C007,800,6
O02177,2014,2,12,pre_covid,P009,Yoga Mat,Gym Equipment,305,C003,1500,5
O03983,2014,2,12,pre_covid,P007,Treadmill,Gym Equipment,29,C004,42000,3
O06490,2014,2,12,pre_covid,P009,Yoga Mat,Gym Equipment,1025,C013,1500,1
O06714,2014,2,12,pre_covid,P012,Festive Sarees,Fashion,889,C020,6000,18
O03813,2014,2,13,pre_covid,P012,Festive Sarees,Fashion,1224,C017,6000,17
O04736,2014,2,13,pre_covid,P014,Packaged Grocery Staples,Groceries & Hygiene,2513,C020,800,2
O04949,2014,2,13,pre_covid,P005,Microwave Oven,Home & Kitchen,300,C010,9000,4
O05437,2014,2,13,pre_covid,P003,Smartphone,Electronics,390,C016,22000,1
O00527,2014,2,14,pre_covid,P003,Smartphone,Electronics,306,C014,22000,1
O02989,2014,2,14,pre_covid,P008,Resistance Bands & Dumbbell Set,Gym Equipment,128,C013,3500,6
O03179,2014,2,14,pre_covid,P001,Laptop,Electronics,52,C007,55000,1
O04660,2014,2,14,pre_covid,P007,Treadmill,Gym Equipment,78,C008,42000,1
O07784,2014,2,14,pre_covid,P003,Smartphone,Electronics,266,C005,22000,2
O03490,2014,2,16,pre_covid,P008,Resistance Bands & Dumbbell Set,Gym Equipment,880,C016,3500,6
O05343,2014,2,16,pre_covid,P009,Yoga Mat,Gym Equipment,714,C011,1500,6
O00081,2014,2,17,pre_covid,P015,Drawing Tablet (EdTech),Stationery & EdTech,237,C006,7500,5
O02456,2014,2,17,pre_covid,P012,Festive Sarees,Fashion,543,C009,6000,18
O03956,2014,2,17,pre_covid,P009,Yoga Mat,Gym Equipment,593,C020,1500,3
O04932,2014,2,17,pre_covid,P001,Laptop,Electronics,69,C019,55000,1
O05391,2014,2,18,pre_covid,P013,Hand Sanitizer (Bulk Pack),Groceries & Hygiene,225,C005,1200,3
O04446,2014,2,19,pre_covid,P007,Treadmill,Gym Equipment,46,C020,42000,3
O02075,2014,2,20,pre_covid,P009,Yoga Mat,Gym Equipment,412,C017,1500,3
O02548,2014,2,20,pre_covid,P014,Packaged Grocery Staples,Groceries & Hygiene,2918,C013,800,5
O02813,2014,2,20,pre_covid,P015,Drawing Tablet (EdTech),Stationery & EdTech,38,C012,7500,5
O06716,2014,2,20,pre_covid,P010,Men's Formal Shirts,Fashion,1524,C014,1800,13
O01922,2014,2,21,pre_covid,P002,Webcam & Headset Combo,Electronics,537,C011,4500,2
O04396,2014,2,21,pre_covid,P015,Drawing Tablet (EdTech),Stationery & EdTech,277,C007,7500,1
O05970,2014,2,22,pre_covid,P010,Men's Formal Shirts,Fashion,157,C001,1800,10
O04843,2014,2,25,pre_covid,P005,Microwave Oven,Home & Kitchen,58,C001,9000,1
O01266,2014,2,26,pre_covid,P013,Hand Sanitizer (Bulk Pack),Groceries & Hygiene,399,C011,1200,5
O07152,2014,2,27,pre_covid,P003,Smartphone,Electronics,19,C018,22000,2
O07819,2014,2,27,pre_covid,P013,Hand Sanitizer (Bulk Pack),Groceries & Hygiene,1579,C013,1200,2
O02311,2014,2,28,pre_covid,P004,Air Purifier,Home & Kitchen,294,C013,12000,6
O03697,2014,2,28,pre_covid,P010,Men's Formal Shirts,Fashion,1405,C008,1800,10
O05003,2014,2,28,pre_covid,P010,Men's Formal Shirts,Fashion,718,C018,1800,20
O05085,2014,3,1,pre_covid,P001,Laptop,Electronics,42,C007,55000,1
O06156,2014,3,1,pre_covid,P005,Microwave Oven,Home & Kitchen,124,C008,9000,6
O00116,2014,3,2,pre_covid,P015,Drawing Tablet (EdTech),Stationery & EdTech,229,C019,7500,3
O00894,2014,3,2,pre_covid,P007,Treadmill,Gym Equipment,43,C011,42000,2
O01275,2014,3,2,pre_covid,P009,Yoga Mat,Gym Equipment,1310,C005,1500,2
O00535,2014,3,3,pre_covid,P010,Men's Formal Shirts,Fashion,3049,C008,1800,16
O01785,2014,3,4,pre_covid,P009,Yoga Mat,Gym Equipment,871,C005,1500,2
O01897,2014,3,4,pre_covid,P003,Smartphone,Electronics,392,C014,22000,1
O03782,2014,3,4,pre_covid,P012,Festive Sarees,Fashion,1253,C010,6000,20
O05660,2014,3,4,pre_covid,P005,Microwave Oven,Home & Kitchen,54,C016,9000,6
O06628,2014,3,4,pre_covid,P012,Festive Sarees,Fashion,905,C018,6000,12
O00258,2014,3,5,pre_covid,P005,Microwave Oven,Home & Kitchen,138,C010,9000,3
O04333,2014,3,5,pre_covid,P002,Webcam & Headset Combo,Electronics,80,C017,4500,2
O07486,2014,3,5,pre_covid,P004,Air Purifier,Home & Kitchen,262,C015,12000,3
O00738,2014,3,6,pre_covid,P004,Air Purifier,Home & Kitchen,87,C003,12000,4
O01295,2014,3,6,pre_covid,P006,Office Chair (Ergonomic),Home & Kitchen,165,C018,8500,6
O06577,2014,3,6,pre_covid,P015,Drawing Tablet (EdTech),Stationery & EdTech,80,C010,7500,6
O01610,2014,3,7,pre_covid,P012,Festive Sarees,Fashion,1062,C006,6000,9
O02556,2014,3,7,pre_covid,P015,Drawing Tablet (EdTech),Stationery & EdTech,264,C009,7500,5
O02752,2014,3,7,pre_covid,P012,Festive Sarees,Fashion,376,C012,6000,6
O04751,2014,3,7,pre_covid,P011,Casual Loungewear Set,Fashion,1694,C010,1200,3
O07526,2014,3,7,pre_covid,P005,Microwave Oven,Home & Kitchen,216,C010,9000,2
O00450,2014,3,8,pre_covid,P001,Laptop,Electronics,81,C002,55000,3
O00486,2014,3,8,pre_covid,P002,Webcam & Headset Combo,Electronics,263,C003,4500,3
O05968,2014,3,8,pre_covid,P005,Microwave Oven,Home & Kitchen,170,C013,9000,1
O07601,2014,3,8,pre_covid,P011,Casual Loungewear Set,Fashion,390,C016,1200,1
O01339,2014,3,9,pre_covid,P005,Microwave Oven,Home & Kitchen,338,C003,9000,2
O06784,2014,3,10,pre_covid,P010,Men's Formal Shirts,Fashion,1427,C016,1800,9
O02689,2014,3,11,pre_covid,P002,Webcam & Headset Combo,Electronics,385,C002,4500,2
O00556,2014,3,12,pre_covid,P006,Office Chair (Ergonomic),Home & Kitchen,12,C015,8500,6
O01513,2014,3,12,pre_covid,P012,Festive Sarees,Fashion,1123,C001,6000,17
O05671,2014,3,12,pre_covid,P010,Men's Formal Shirts,Fashion,353,C009,1800,13
O01332,2014,3,13,pre_covid,P011,Casual Loungewear Set,Fashion,2849,C012,1200,5
O05825,2014,3,13,pre_covid,P003,Smartphone,Electronics,347,C019,22000,3
O02199,2014,3,14,pre_covid,P011,Casual Loungewear Set,Fashion,3041,C010,1200,4
O02717,2014,3,14,pre_covid,P006,Office Chair (Ergonomic),Home & Kitchen,56,C009,8500,5
O06120,2014,3,14,pre_covid,P011,Casual Loungewear Set,Fashion,1063,C019,1200,1
O00390,2014,3,15,pre_covid,P002,Webcam & Headset Combo,Electronics,378,C012,4500,2
O02264,2014,3,15,pre_covid,P009,Yoga Mat,Gym Equipment,174,C006,1500,5
O03602,2014,3,15,pre_covid,P007,Treadmill,Gym Equipment,11,C008,42000,2
O06949,2014,3,15,pre_covid,P004,Air Purifier,Home & Kitchen,78,C020,12000,1
O07012,2014,3,15,pre_covid,P012,Festive Sarees,Fashion,709,C002,6000,20
O00002,2014,3,16,pre_covid,P004,Air Purifier,Home & Kitchen,232,C010,12000,6
O01680,2014,3,16,pre_covid,P013,Hand Sanitizer (Bulk Pack),Groceries & Hygiene,1994,C002,1200,2
O02979,2014,3,16,pre_covid,P012,Festive Sarees,Fashion,232,C012,6000,17
O00819,2014,3,17,pre_covid,P015,Drawing Tablet (EdTech),Stationery & EdTech,300,C002,7500,5
O02183,2014,3,17,pre_covid,P001,Laptop,Electronics,143,C019,55000,3
O04088,2014,3,17,pre_covid,P009,Yoga Mat,Gym Equipment,494,C018,1500,2
O06487,2014,3,18,pre_covid,P006,Office Chair (Ergonomic),Home & Kitchen,167,C012,8500,2
O03433,2014,3,19,pre_covid,P005,Microwave Oven,Home & Kitchen,62,C005,9000,2
O00942,2014,3,20,pre_covid,P010,Men's Formal Shirts,Fashion,2805,C020,1800,10
O04180,2014,3,20,pre_covid,P011,Casual Loungewear Set,Fashion,1972,C005,1200,5
O06093,2014,3,20,pre_covid,P012,Festive Sarees,Fashion,1293,C006,6000,10
O02151,2014,3,21,pre_covid,P010,Men's Formal Shirts,Fashion,2177,C020,1800,15
O02251,2014,3,21,pre_covid,P003,Smartphone,Electronics,368,C001,22000,2
O02691,2014,3,21,pre_covid,P011,Casual Loungewear Set,Fashion,2883,C004,1200,5
O00376,2014,3,22,pre_covid,P010,Men's Formal Shirts,Fashion,2887,C020,1800,11
O03966,2014,3,22,pre_covid,P001,Laptop,Electronics,143,C004,55000,3
O04748,2014,3,22,pre_covid,P012,Festive Sarees,Fashion,715,C019,6000,10
O04759,2014,3,22,pre_covid,P005,Microwave Oven,Home & Kitchen,162,C013,9000,3
O04029,2014,3,24,pre_covid,P009,Yoga Mat,Gym Equipment,547,C004,1500,5
O00865,2014,3,25,pre_covid,P005,Microwave Oven,Home & Kitchen,291,C007,9000,4
O01016,2014,3,25,pre_covid,P012,Festive Sarees,Fashion,1405,C003,6000,7
O00188,2014,3,26,pre_covid,P015,Drawing Tablet (EdTech),Stationery & EdTech,130,C008,7500,6
O04752,2014,3,26,pre_covid,P002,Webcam & Headset Combo,Electronics,235,C007,4500,6
O05576,2014,3,26,pre_covid,P004,Air Purifier,Home & Kitchen,69,C014,12000,6
O05991,2014,3,26,pre_covid,P014,Packaged Grocery Staples,Groceries & Hygiene,1991,C003,800,6
O02131,2014,3,27,pre_covid,P014,Packaged Grocery Staples,Groceries & Hygiene,3063,C005,800,5
O06169,2014,3,28,pre_covid,P005,Microwave Oven,Home & Kitchen,72,C008,9000,4
O00083,2014,3,29,pre_covid,P013,Hand Sanitizer (Bulk Pack),Groceries & Hygiene,1314,C004,1200,2
O00174,2014,3,29,pre_covid,P012,Festive Sarees,Fashion,1818,C017,6000,15
O02241,2014,3,29,pre_covid,P004,Air Purifier,Home & Kitchen,297,C004,12000,2
O06046,2014,3,29,pre_covid,P013,Hand Sanitizer (Bulk Pack),Groceries & Hygiene,1393,C006,1200,1
O02231,2014,3,30,pre_covid,P010,Men's Formal Shirts,Fashion,2134,C009,1800,16
O05451,2014,3,30,pre_covid,P012,Festive Sarees,Fashion,307,C002,6000,16
O02526,2014,3,31,pre_covid,P002,Webcam & Headset Combo,Electronics,526,C003,4500,6
O00392,2014,4,1,pre_covid,P014,Packaged Grocery Staples,Groceries & Hygiene,3116,C015,800,5
O00679,2014,4,1,pre_covid,P010,Men's Formal Shirts,Fashion,2988,C014,1800,2
O02712,2014,4,1,pre_covid,P009,Yoga Mat,Gym Equipment,1375,C017,1500,4
O04042,2014,4,2,pre_covid,P002,Webcam & Headset Combo,Electronics,397,C015,4500,1
O02451,2014,4,3,pre_covid,P003,Smartphone,Electronics,327,C015,22000,2
O02544,2014,4,3,pre_covid,P008,Resistance Bands & Dumbbell Set,Gym Equipment,573,C013,3500,5
O07574,2014,4,3,pre_covid,P009,Yoga Mat,Gym Equipment,1484,C014,1500,2
O00032,2014,4,4,pre_covid,P010,Men's Formal Shirts,Fashion,1872,C017,1800,5
O00111,2014,4,4,pre_covid,P012,Festive Sarees,Fashion,1634,C008,6000,2
O06881,2014,4,4,pre_covid,P012,Festive Sarees,Fashion,761,C019,6000,6
O01235,2014,4,5,pre_covid,P008,Resistance Bands & Dumbbell Set,Gym Equipment,343,C003,3500,1
O05765,2014,4,5,pre_covid,P014,Packaged Grocery Staples,Groceries & Hygiene,2069,C012,800,4
O06060,2014,4,5,pre_covid,P012,Festive Sarees,Fashion,1304,C007,6000,6
O00183,2014,4,6,pre_covid,P012,Festive Sarees,Fashion,1796,C009,6000,4
O02513,2014,4,6,pre_covid,P013,Hand Sanitizer (Bulk Pack),Groceries & Hygiene,1077,C003,1200,2
O04487,2014,4,6,pre_covid,P012,Festive Sarees,Fashion,914,C015,6000,3
O06597,2014,4,6,pre_covid,P010,Men's Formal Shirts,Fashion,1586,C016,1800,5
O03075,2014,4,7,pre_covid,P005,Microwave Oven,Home & Kitchen,269,C015,9000,2
O05749,2014,4,7,pre_covid,P005,Microwave Oven,Home & Kitchen,300,C013,9000,2
O05918,2014,4,7,pre_covid,P004,Air Purifier,Home & Kitchen,294,C018,12000,6
O03047,2014,4,8,pre_covid,P009,Yoga Mat,Gym Equipment,1171,C011,1500,5
O03511,2014,4,8,pre_covid,P004,Air Purifier,Home & Kitchen,268,C007,12000,4
O06236,2014,4,8,pre_covid,P004,Air Purifier,Home & Kitchen,239,C013,12000,5
O01330,2014,4,9,pre_covid,P010,Men's Formal Shirts,Fashion,2661,C016,1800,5
O02707,2014,4,9,pre_covid,P010,Men's Formal Shirts,Fashion,1859,C011,1800,1
O04380,2014,4,9,pre_covid,P007,Treadmill,Gym Equipment,59,C007,42000,3
O07164,2014,4,9,pre_covid,P011,Casual Loungewear Set,Fashion,580,C001,1200,6
O04072,2014,4,10,pre_covid,P006,Office Chair (Ergonomic),Home & Kitchen,46,C011,8500,4
O05072,2014,4,10,pre_covid,P005,Microwave Oven,Home & Kitchen,217,C016,9000,2
O02985,2014,4,11,pre_covid,P007,Treadmill,Gym Equipment,11,C006,42000,1
O04183,2014,4,11,pre_covid,P009,Yoga Mat,Gym Equipment,288,C014,1500,5
O07086,2014,4,11,pre_covid,P009,Yoga Mat,Gym Equipment,471,C014,1500,3
O00884,2014,4,12,pre_covid,P008,Resistance Bands & Dumbbell Set,Gym Equipment,645,C010,3500,3
O07723,2014,4,12,pre_covid,P004,Air Purifier,Home & Kitchen,248,C019,12000,6
O02878,2014,4,13,pre_covid,P014,Packaged Grocery Staples,Groceries & Hygiene,2782,C016,800,2
O00766,2014,4,14,pre_covid,P001,Laptop,Electronics,113,C018,55000,3
O02156,2014,4,14,pre_covid,P012,Festive Sarees,Fashion,692,C008,6000,5
O03946,2014,4,14,pre_covid,P012,Festive Sarees,Fashion,1152,C006,6000,3
O05515,2014,4,14,pre_covid,P004,Air Purifier,Home & Kitchen,100,C012,12000,5
O06390,2014,4,14,pre_covid,P005,Microwave Oven,Home & Kitchen,185,C016,9000,2
O00295,2014,4,15,pre_covid,P010,Men's Formal Shirts,Fashion,2904,C017,1800,6
O02767,2014,4,15,pre_covid,P008,Resistance Bands & Dumbbell Set,Gym Equipment,356,C012,3500,1
O02881,2014,4,15,pre_covid,P006,Office Chair (Ergonomic),Home & Kitchen,148,C006,8500,6
O03031,2014,4,15,pre_covid,P012,Festive Sarees,Fashion,160,C006,6000,2
O05442,2014,4,16,pre_covid,P006,Office Chair (Ergonomic),Home & Kitchen,63,C014,8500,4
O01028,2014,4,18,pre_covid,P007,Treadmill,Gym Equipment,3,C001,42000,3
O03228,2014,4,18,pre_covid,P006,Office Chair (Ergonomic),Home & Kitchen,128,C003,8500,3
O00133,2014,4,19,pre_covid,P008,Resistance Bands & Dumbbell Set,Gym Equipment,1130,C005,3500,2
O05338,2014,4,19,pre_covid,P012,Festive Sarees,Fashion,379,C010,6000,2
O01458,2014,4,20,pre_covid,P014,Packaged Grocery Staples,Groceries & Hygiene,2646,C003,800,5
O02394,2014,4,20,pre_covid,P001,Laptop,Electronics,61,C012,55000,1
O06759,2014,4,20,pre_covid,P009,Yoga Mat,Gym Equipment,779,C013,1500,3
O05489,2014,4,21,pre_covid,P001,Laptop,Electronics,33,C001,55000,2
O02531,2014,4,22,pre_covid,P001,Laptop,Electronics,17,C001,55000,2
O02836,2014,4,22,pre_covid,P010,Men's Formal Shirts,Fashion,1812,C020,1800,2
O04045,2014,4,22,pre_covid,P003,Smartphone,Electronics,380,C018,22000,3
O04959,2014,4,22,pre_covid,P012,Festive Sarees,Fashion,605,C018,6000,3
O05222,2014,4,22,pre_covid,P009,Yoga Mat,Gym Equipment,835,C015,1500,5
O06787,2014,4,22,pre_covid,P011,Casual Loungewear Set,Fashion,876,C004,1200,1
O07437,2014,4,22,pre_covid,P012,Festive Sarees,Fashion,429,C020,6000,1
O05021,2014,4,23,pre_covid,P012,Festive Sarees,Fashion,576,C015,6000,1
O05279,2014,4,23,pre_covid,P010,Men's Formal Shirts,Fashion,540,C009,1800,2
O06361,2014,4,23,pre_covid,P013,Hand Sanitizer (Bulk Pack),Groceries & Hygiene,1066,C001,1200,4
O00765,2014,4,24,pre_covid,P008,Resistance Bands & Dumbbell Set,Gym Equipment,701,C015,3500,6
O04046,2014,4,24,pre_covid,P006,Office Chair (Ergonomic),Home & Kitchen,50,C001,8500,4
O06101,2014,4,24,pre_covid,P007,Treadmill,Gym Equipment,21,C003,42000,1
O03337,2014,4,25,pre_covid,P013,Hand Sanitizer (Bulk Pack),Groceries & Hygiene,292,C011,1200,2
O04829,2014,4,25,pre_covid,P013,Hand Sanitizer (Bulk Pack),Groceries & Hygiene,574,C011,1200,1
O00287,2014,4,26,pre_covid,P006,Office Chair (Ergonomic),Home & Kitchen,15,C018,8500,4
O02583,2014,4,26,pre_covid,P001,Laptop,Electronics,131,C011,55000,3
O07458,2014,4,26,pre_covid,P012,Festive Sarees,Fashion,428,C014,6000,2
O00787,2014,4,27,pre_covid,P007,Treadmill,Gym Equipment,3,C007,42000,3
O07256,2014,4,27,pre_covid,P010,Men's Formal Shirts,Fashion,1229,C009,1800,3
O02283,2014,4,28,pre_covid,P001,Laptop,Electronics,96,C001,55000,3
O04460,2014,4,28,pre_covid,P001,Laptop,Electronics,133,C020,55000,2
O06128,2014,4,28,pre_covid,P014,Packaged Grocery Staples,Groceries & Hygiene,1928,C013,800,6
O06521,2014,4,28,pre_covid,P007,Treadmill,Gym Equipment,68,C014,42000,1
O05617,2014,4,29,pre_covid,P002,Webcam & Headset Combo,Electronics,496,C008,4500,3
O00772,2014,4,30,pre_covid,P012,Festive Sarees,Fashion,1469,C007,6000,2
O03223,2014,4,30,pre_covid,P015,Drawing Tablet (EdTech),Stationery & EdTech,68,C016,7500,3
O03593,2014,4,30,pre_covid,P007,Treadmill,Gym Equipment,14,C014,42000,3
O05775,2014,4,30,pre_covid,P003,Smartphone,Electronics,352,C001,22000,1
O02258,2014,5,1,pre_covid,P013,Hand Sanitizer (Bulk Pack),Groceries & Hygiene,1484,C016,1200,3
O06183,2014,5,1,pre_covid,P005,Microwave Oven,Home & Kitchen,55,C006,9000,15
O06387,2014,5,1,pre_covid,P005,Microwave Oven,Home & Kitchen,191,C004,9000,6
O07215,2014,5,1,pre_covid,P005,Microwave Oven,Home & Kitchen,148,C002,9000,9
O01950,2014,5,2,pre_covid,P015,Drawing Tablet (EdTech),Stationery & EdTech,300,C015,7500,2
O04929,2014,5,2,pre_covid,P005,Microwave Oven,Home & Kitchen,27,C011,9000,20
O05311,2014,5,2,pre_covid,P014,Packaged Grocery Staples,Groceries & Hygiene,2317,C009,800,3
O02982,2014,5,3,pre_covid,P005,Microwave Oven,Home & Kitchen,27,C008,9000,16
O04563,2014,5,3,pre_covid,P014,Packaged Grocery Staples,Groceries & Hygiene,2634,C006,800,2
O06629,2014,5,3,pre_covid,P006,Office Chair (Ergonomic),Home & Kitchen,92,C018,8500,2
O06229,2014,5,4,pre_covid,P013,Hand Sanitizer (Bulk Pack),Groceries & Hygiene,1219,C005,1200,4
O02224,2014,5,5,pre_covid,P005,Microwave Oven,Home & Kitchen,127,C004,9000,11
O02525,2014,5,5,pre_covid,P006,Office Chair (Ergonomic),Home & Kitchen,137,C005,8500,5
O04074,2014,5,5,pre_covid,P010,Men's Formal Shirts,Fashion,1232,C018,1800,3
O06428,2014,5,5,pre_covid,P004,Air Purifier,Home & Kitchen,173,C007,12000,5
O00180,2014,5,6,pre_covid,P011,Casual Loungewear Set,Fashion,3507,C001,1200,6
O03028,2014,5,6,pre_covid,P006,Office Chair (Ergonomic),Home & Kitchen,102,C017,8500,5
O04247,2014,5,6,pre_covid,P010,Men's Formal Shirts,Fashion,1147,C008,1800,2
O04346,2014,5,6,pre_covid,P005,Microwave Oven,Home & Kitchen,181,C017,9000,6
O04623,2014,5,6,pre_covid,P014,Packaged Grocery Staples,Groceries & Hygiene,2613,C020,800,4
O05002,2014,5,6,pre_covid,P004,Air Purifier,Home & Kitchen,176,C019,12000,5
O03165,2014,5,7,pre_covid,P010,Men's Formal Shirts,Fashion,1653,C011,1800,3
O02730,2014,5,8,pre_covid,P005,Microwave Oven,Home & Kitchen,259,C007,9000,6
O03698,2014,5,8,pre_covid,P003,Smartphone,Electronics,48,C002,22000,2
O04457,2014,5,8,pre_covid,P009,Yoga Mat,Gym Equipment,92,C012,1500,4
O05738,2014,5,8,pre_covid,P007,Treadmill,Gym Equipment,29,C014,42000,1
O07223,2014,5,8,pre_covid,P008,Resistance Bands & Dumbbell Set,Gym Equipment,1099,C003,3500,2
O01887,2014,5,9,pre_covid,P006,Office Chair (Ergonomic),Home & Kitchen,112,C011,8500,2
O03591,2014,5,9,pre_covid,P015,Drawing Tablet (EdTech),Stationery & EdTech,13,C018,7500,2
O07478,2014,5,9,pre_covid,P002,Webcam & Headset Combo,Electronics,76,C016,4500,4
O07884,2014,5,9,pre_covid,P010,Men's Formal Shirts,Fashion,800,C003,1800,4
O02073,2014,5,10,pre_covid,P007,Treadmill,Gym Equipment,78,C016,42000,2
O04116,2014,5,10,pre_covid,P004,Air Purifier,Home & Kitchen,114,C005,12000,1
O02971,2014,5,11,pre_covid,P007,Treadmill,Gym Equipment,20,C004,42000,2
O04605,2014,5,11,pre_covid,P003,Smartphone,Electronics,225,C010,22000,1
O06214,2014,5,11,pre_covid,P015,Drawing Tablet (EdTech),Stationery & EdTech,26,C001,7500,3
O06294,2014,5,12,pre_covid,P004,Air Purifier,Home & Kitchen,221,C003,12000,1
O03082,2014,5,13,pre_covid,P008,Resistance Bands & Dumbbell Set,Gym Equipment,1200,C008,3500,1
O07840,2014,5,13,pre_covid,P014,Packaged Grocery Staples,Groceries & Hygiene,1060,C011,800,6
O05005,2014,5,14,pre_covid,P012,Festive Sarees,Fashion,582,C005,6000,6
O07361,2014,5,14,pre_covid,P013,Hand Sanitizer (Bulk Pack),Groceries & Hygiene,81,C003,1200,2
O00362,2014,5,15,pre_covid,P007,Treadmill,Gym Equipment,64,C001,42000,2
O02148,2014,5,15,pre_covid,P010,Men's Formal Shirts,Fashion,2181,C014,1800,4
O03465,2014,5,15,pre_covid,P008,Resistance Bands & Dumbbell Set,Gym Equipment,905,C013,3500,6
O04826,2014,5,15,pre_covid,P006,Office Chair (Ergonomic),Home & Kitchen,118,C008,8500,4
O04231,2014,5,16,pre_covid,P001,Laptop,Electronics,45,C005,55000,3
O06241,2014,5,16,pre_covid,P004,Air Purifier,Home & Kitchen,234,C001,12000,1
O06951,2014,5,16,pre_covid,P014,Packaged Grocery Staples,Groceries & Hygiene,1543,C007,800,5
O02000,2014,5,17,pre_covid,P009,Yoga Mat,Gym Equipment,481,C009,1500,1
O04851,2014,5,17,pre_covid,P011,Casual Loungewear Set,Fashion,1629,C014,1200,3
O06718,2014,5,17,pre_covid,P013,Hand Sanitizer (Bulk Pack),Groceries & Hygiene,701,C011,1200,5
O00278,2014,5,18,pre_covid,P009,Yoga Mat,Gym Equipment,2398,C012,1500,6
O06192,2014,5,19,pre_covid,P015,Drawing Tablet (EdTech),Stationery & EdTech,56,C007,7500,2
O06984,2014,5,19,pre_covid,P005,Microwave Oven,Home & Kitchen,300,C006,9000,13
O00050,2014,5,20,pre_covid,P005,Microwave Oven,Home & Kitchen,238,C005,9000,19
O02628,2014,5,20,pre_covid,P005,Microwave Oven,Home & Kitchen,61,C009,9000,11
O07344,2014,5,21,pre_covid,P012,Festive Sarees,Fashion,482,C005,6000,3
O01632,2014,5,22,pre_covid,P015,Drawing Tablet (EdTech),Stationery & EdTech,22,C013,7500,1
O05818,2014,5,22,pre_covid,P001,Laptop,Electronics,40,C011,55000,1
O05676,2014,5,23,pre_covid,P009,Yoga Mat,Gym Equipment,400,C011,1500,3
O06524,2014,5,23,pre_covid,P012,Festive Sarees,Fashion,995,C009,6000,2
O06601,2014,5,23,pre_covid,P007,Treadmill,Gym Equipment,60,C006,42000,2
O00033,2014,5,24,pre_covid,P003,Smartphone,Electronics,341,C014,22000,1
O00717,2014,5,24,pre_covid,P007,Treadmill,Gym Equipment,32,C002,42000,3
O03222,2014,5,24,pre_covid,P006,Office Chair (Ergonomic),Home & Kitchen,133,C014,8500,5
O03609,2014,5,24,pre_covid,P014,Packaged Grocery Staples,Groceries & Hygiene,2429,C015,800,1
O03331,2014,5,25,pre_covid,P014,Packaged Grocery Staples,Groceries & Hygiene,2569,C009,800,5
O05685,2014,5,27,pre_covid,P007,Treadmill,Gym Equipment,44,C014,42000,3
O00418,2014,5,28,pre_covid,P005,Microwave Oven,Home & Kitchen,111,C020,9000,9
O00553,2014,5,28,pre_covid,P006,Office Chair (Ergonomic),Home & Kitchen,24,C016,8500,1
O02774,2014,5,28,pre_covid,P004,Air Purifier,Home & Kitchen,175,C001,12000,3
O00533,2014,5,29,pre_covid,P012,Festive Sarees,Fashion,1621,C015,6000,3
O03027,2014,5,29,pre_covid,P005,Microwave Oven,Home & Kitchen,291,C007,9000,10
O06471,2014,5,30,pre_covid,P007,Treadmill,Gym Equipment,7,C006,42000,2
O06683,2014,5,30,pre_covid,P004,Air Purifier,Home & Kitchen,147,C010,12000,2
O07060,2014,5,30,pre_covid,P011,Casual Loungewear Set,Fashion,720,C005,1200,3
O02102,2014,5,31,pre_covid,P009,Yoga Mat,Gym Equipment,372,C007,1500,4
O06679,2014,5,31,pre_covid,P004,Air Purifier,Home & Kitchen,150,C013,12000,3
O07630,2014,5,31,pre_covid,P007,Treadmill,Gym Equipment,8,C002,42000,3
O00734,2014,6,1,pre_covid,P005,Microwave Oven,Home & Kitchen,94,C008,9000,12
O01673,2014,6,1,pre_covid,P015,Drawing Tablet (EdTech),Stationery & EdTech,270,C013,7500,4
O05956,2014,6,1,pre_covid,P014,Packaged Grocery Staples,Groceries & Hygiene,1996,C012,800,1
O07246,2014,6,1,pre_covid,P015,Drawing Tablet (EdTech),Stationery & EdTech,92,C016,7500,3
O03182,2014,6,2,pre_covid,P009,Yoga Mat,Gym Equipment,1047,C011,1500,4
O00694,2014,6,3,pre_covid,P001,Laptop,Electronics,127,C015,55000,3
O02921,2014,6,3,pre_covid,P014,Packaged Grocery Staples,Groceries & Hygiene,2735,C019,800,5
O03046,2014,6,3,pre_covid,P005,Microwave Oven,Home & Kitchen,281,C011,9000,12
O06758,2014,6,3,pre_covid,P003,Smartphone,Electronics,122,C016,22000,2
O07838,2014,6,3,pre_covid,P002,Webcam & Headset Combo,Electronics,329,C010,4500,5
O00238,2014,6,4,pre_covid,P004,Air Purifier,Home & Kitchen,229,C008,12000,5
O02061,2014,6,4,pre_covid,P004,Air Purifier,Home & Kitchen,76,C010,12000,5
O05579,2014,6,4,pre_covid,P009,Yoga Mat,Gym Equipment,470,C016,1500,1
O07967,2014,6,4,pre_covid,P014,Packaged Grocery Staples,Groceries & Hygiene,919,C001,800,6
O00782,2014,6,5,pre_covid,P014,Packaged Grocery Staples,Groceries & Hygiene,2920,C010,800,1
O03125,2014,6,5,pre_covid,P004,Air Purifier,Home & Kitchen,67,C018,12000,1
O03187,2014,6,5,pre_covid,P014,Packaged Grocery Staples,Groceries & Hygiene,2593,C003,800,6
O05096,2014,6,5,pre_covid,P008,Resistance Bands & Dumbbell Set,Gym Equipment,741,C012,3500,6
O07395,2014,6,5,pre_covid,P014,Packaged Grocery Staples,Groceries & Hygiene,1333,C013,800,5
O02358,2014,6,6,pre_covid,P009,Yoga Mat,Gym Equipment,114,C013,1500,5
O05103,2014,6,6,pre_covid,P008,Resistance Bands & Dumbbell Set,Gym Equipment,735,C010,3500,5
O06481,2014,6,6,pre_covid,P005,Microwave Oven,Home & Kitchen,75,C008,9000,15
O03711,2014,6,7,pre_covid,P008,Resistance Bands & Dumbbell Set,Gym Equipment,787,C005,3500,5
O01661,2014,6,8,pre_covid,P004,Air Purifier,Home & Kitchen,193,C018,12000,3
O05195,2014,6,8,pre_covid,P012,Festive Sarees,Fashion,497,C011,6000,6
O06958,2014,6,8,pre_covid,P005,Microwave Oven,Home & Kitchen,44,C006,9000,6
O00526,2014,6,9,pre_covid,P005,Microwave Oven,Home & Kitchen,31,C008,9000,18
O06869,2014,6,10,pre_covid,P010,Men's Formal Shirts,Fashion,1390,C006,1800,2
O01257,2014,6,11,pre_covid,P015,Drawing Tablet (EdTech),Stationery & EdTech,290,C011,7500,4
O06772,2014,6,11,pre_covid,P015,Drawing Tablet (EdTech),Stationery & EdTech,154,C005,7500,5
O07583,2014,6,11,pre_covid,P009,Yoga Mat,Gym Equipment,1482,C008,1500,3
O04464,2014,6,13,pre_covid,P012,Festive Sarees,Fashion,915,C020,6000,1
O01464,2014,6,14,pre_covid,P012,Festive Sarees,Fashion,1147,C018,6000,1
O01788,2014,6,14,pre_covid,P010,Men's Formal Shirts,Fashion,2356,C009,1800,6
O04270,2014,6,15,pre_covid,P001,Laptop,Electronics,38,C007,55000,3
O04393,2014,6,15,pre_covid,P013,Hand Sanitizer (Bulk Pack),Groceries & Hygiene,1104,C015,1200,6
O04777,2014,6,15,pre_covid,P011,Casual Loungewear Set,Fashion,1639,C002,1200,2
O06506,2014,6,15,pre_covid,P001,Laptop,Electronics,64,C019,55000,1
O07104,2014,6,15,pre_covid,P006,Office Chair (Ergonomic),Home & Kitchen,168,C014,8500,3
O07400,2014,6,15,pre_covid,P005,Microwave Oven,Home & Kitchen,277,C007,9000,11
O00982,2014,6,16,pre_covid,P014,Packaged Grocery Staples,Groceries & Hygiene,2898,C001,800,4
O01666,2014,6,16,pre_covid,P010,Men's Formal Shirts,Fashion,2436,C011,1800,5
O02960,2014,6,16,pre_covid,P009,Yoga Mat,Gym Equipment,1273,C003,1500,1
O04661,2014,6,16,pre_covid,P006,Office Chair (Ergonomic),Home & Kitchen,186,C020,8500,1
O00664,2014,6,17,pre_covid,P005,Microwave Oven,Home & Kitchen,204,C002,9000,18
O03804,2014,6,17,pre_covid,P001,Laptop,Electronics,60,C003,55000,2
O03843,2014,6,17,pre_covid,P011,Casual Loungewear Set,Fashion,2129,C019,1200,3
O05294,2014,6,17,pre_covid,P014,Packaged Grocery Staples,Groceries & Hygiene,2318,C006,800,1
O06373,2014,6,17,pre_covid,P013,Hand Sanitizer (Bulk Pack),Groceries & Hygiene,1062,C015,1200,4
O00477,2014,6,18,pre_covid,P002,Webcam & Headset Combo,Electronics,269,C004,4500,3
O03213,2014,6,18,pre_covid,P004,Air Purifier,Home & Kitchen,43,C004,12000,6
O01003,2014,6,19,pre_covid,P008,Resistance Bands & Dumbbell Set,Gym Equipment,589,C016,3500,4
O03512,2014,6,19,pre_covid,P002,Webcam & Headset Combo,Electronics,169,C003,4500,2
O05864,2014,6,19,pre_covid,P012,Festive Sarees,Fashion,1473,C009,6000,4
O07503,2014,6,19,pre_covid,P005,Microwave Oven,Home & Kitchen,240,C019,9000,14
O07144,2014,6,20,pre_covid,P007,Treadmill,Gym Equipment,80,C011,42000,2
O01881,2014,6,21,pre_covid,P011,Casual Loungewear Set,Fashion,3158,C001,1200,6
O07032,2014,6,21,pre_covid,P011,Casual Loungewear Set,Fashion,734,C012,1200,2
O02471,2014,6,22,pre_covid,P007,Treadmill,Gym Equipment,17,C006,42000,3
O03178,2014,6,22,pre_covid,P013,Hand Sanitizer (Bulk Pack),Groceries & Hygiene,403,C007,1200,5
O03957,2014,6,22,pre_covid,P015,Drawing Tablet (EdTech),Stationery & EdTech,63,C003,7500,5
O03794,2014,6,23,pre_covid,P002,Webcam & Headset Combo,Electronics,556,C019,4500,6
O05572,2014,6,24,pre_covid,P015,Drawing Tablet (EdTech),Stationery & EdTech,253,C003,7500,3
O07141,2014,6,24,pre_covid,P014,Packaged Grocery Staples,Groceries & Hygiene,1444,C011,800,3
O00482,2014,6,25,pre_covid,P006,Office Chair (Ergonomic),Home & Kitchen,76,C011,8500,1
O04459,2014,6,25,pre_covid,P006,Office Chair (Ergonomic),Home & Kitchen,19,C002,8500,2
O06086,2014,6,25,pre_covid,P013,Hand Sanitizer (Bulk Pack),Groceries & Hygiene,1319,C020,1200,6
O04570,2014,6,26,pre_covid,P007,Treadmill,Gym Equipment,12,C019,42000,3
O05380,2014,6,26,pre_covid,P013,Hand Sanitizer (Bulk Pack),Groceries & Hygiene,226,C002,1200,1
O00037,2014,6,27,pre_covid,P006,Office Chair (Ergonomic),Home & Kitchen,160,C001,8500,5
O05407,2014,6,28,pre_covid,P001,Laptop,Electronics,76,C016,55000,2
O06161,2014,6,28,pre_covid,P012,Festive Sarees,Fashion,1225,C011,6000,5
O00480,2014,6,29,pre_covid,P006,Office Chair (Ergonomic),Home & Kitchen,78,C020,8500,2
O07190,2014,6,29,pre_covid,P008,Resistance Bands & Dumbbell Set,Gym Equipment,1150,C013,3500,4
O00118,2014,6,30,pre_covid,P005,Microwave Oven,Home & Kitchen,245,C014,9000,16
O01186,2014,6,30,pre_covid,P008,Resistance Bands & Dumbbell Set,Gym Equipment,382,C019,3500,2
O04785,2014,6,30,pre_covid,P012,Festive Sarees,Fashion,700,C011,6000,5
O00600,2014,7,1,pre_covid,P001,Laptop,Electronics,29,C015,55000,7
O01045,2014,7,1,pre_covid,P011,Casual Loungewear Set,Fashion,3050,C017,1200,1
O04856,2014,7,1,pre_covid,P002,Webcam & Headset Combo,Electronics,104,C007,4500,2
O01403,2014,7,2,pre_covid,P010,Men's Formal Shirts,Fashion,2610,C014,1800,3
O00460,2014,7,3,pre_covid,P013,Hand Sanitizer (Bulk Pack),Groceries & Hygiene,1327,C006,1200,6
O00502,2014,7,3,pre_covid,P001,Laptop,Electronics,63,C020,55000,5
O01329,2014,7,4,pre_covid,P009,Yoga Mat,Gym Equipment,1203,C006,1500,2
O06894,2014,7,4,pre_covid,P001,Laptop,Electronics,119,C005,55000,4
O07550,2014,7,4,pre_covid,P013,Hand Sanitizer (Bulk Pack),Groceries & Hygiene,1842,C006,1200,6
O03958,2014,7,5,pre_covid,P013,Hand Sanitizer (Bulk Pack),Groceries & Hygiene,1596,C002,1200,5
O05171,2014,7,5,pre_covid,P015,Drawing Tablet (EdTech),Stationery & EdTech,230,C010,7500,20
O07345,2014,7,5,pre_covid,P009,Yoga Mat,Gym Equipment,233,C011,1500,6
O01188,2014,7,6,pre_covid,P015,Drawing Tablet (EdTech),Stationery & EdTech,84,C012,7500,12
O01886,2014,7,6,pre_covid,P015,Drawing Tablet (EdTech),Stationery & EdTech,100,C011,7500,8
O02036,2014,7,6,pre_covid,P010,Men's Formal Shirts,Fashion,2262,C019,1800,4
O02041,2014,7,6,pre_covid,P014,Packaged Grocery Staples,Groceries & Hygiene,3073,C002,800,4
O03424,2014,7,6,pre_covid,P009,Yoga Mat,Gym Equipment,1065,C007,1500,2
O05305,2014,7,6,pre_covid,P003,Smartphone,Electronics,76,C012,22000,1
O00667,2014,7,7,pre_covid,P005,Microwave Oven,Home & Kitchen,186,C005,9000,20
O03926,2014,7,7,pre_covid,P008,Resistance Bands & Dumbbell Set,Gym Equipment,479,C001,3500,3
O04497,2014,7,7,pre_covid,P005,Microwave Oven,Home & Kitchen,77,C017,9000,7
O06250,2014,7,7,pre_covid,P012,Festive Sarees,Fashion,1161,C002,6000,2
O04649,2014,7,8,pre_covid,P005,Microwave Oven,Home & Kitchen,252,C002,9000,11
O02472,2014,7,9,pre_covid,P015,Drawing Tablet (EdTech),Stationery & EdTech,25,C001,7500,13
O02543,2014,7,9,pre_covid,P006,Office Chair (Ergonomic),Home & Kitchen,113,C005,8500,1
O03265,2014,7,9,pre_covid,P015,Drawing Tablet (EdTech),Stationery & EdTech,33,C007,7500,11
O00825,2014,7,10,pre_covid,P013,Hand Sanitizer (Bulk Pack),Groceries & Hygiene,741,C010,1200,2
O03669,2014,7,10,pre_covid,P001,Laptop,Electronics,148,C003,55000,2
O07061,2014,7,10,pre_covid,P015,Drawing Tablet (EdTech),Stationery & EdTech,55,C014,7500,7
O03128,2014,7,11,pre_covid,P001,Laptop,Electronics,73,C011,55000,8
O04377,2014,7,11,pre_covid,P015,Drawing Tablet (EdTech),Stationery & EdTech,12,C005,7500,12
O04701,2014,7,11,pre_covid,P010,Men's Formal Shirts,Fashion,969,C011,1800,6
O05393,2014,7,11,pre_covid,P001,Laptop,Electronics,87,C002,55000,8
O06878,2014,7,12,pre_covid,P005,Microwave Oven,Home & Kitchen,90,C001,9000,10
O01803,2014,7,13,pre_covid,P009,Yoga Mat,Gym Equipment,849,C010,1500,2
O02088,2014,7,13,pre_covid,P005,Microwave Oven,Home & Kitchen,225,C007,9000,20
O04584,2014,7,13,pre_covid,P015,Drawing Tablet (EdTech),Stationery & EdTech,156,C014,7500,19
O05485,2014,7,13,pre_covid,P015,Drawing Tablet (EdTech),Stationery & EdTech,300,C002,7500,20
O04985,2014,7,14,pre_covid,P002,Webcam & Headset Combo,Electronics,83,C003,4500,4
O07852,2014,7,14,pre_covid,P007,Treadmill,Gym Equipment,44,C001,42000,1
O05105,2014,7,15,pre_covid,P005,Microwave Oven,Home & Kitchen,215,C002,9000,10
O07864,2014,7,15,pre_covid,P010,Men's Formal Shirts,Fashion,813,C018,1800,3
O05174,2014,7,16,pre_covid,P006,Office Chair (Ergonomic),Home & Kitchen,36,C003,8500,4
O05224,2014,7,16,pre_covid,P006,Office Chair (Ergonomic),Home & Kitchen,153,C009,8500,6
O00708,2014,7,17,pre_covid,P014,Packaged Grocery Staples,Groceries & Hygiene,2950,C016,800,4
O01503,2014,7,17,pre_covid,P012,Festive Sarees,Fashion,1125,C004,6000,2
O00528,2014,7,18,pre_covid,P004,Air Purifier,Home & Kitchen,139,C009,12000,6
O02743,2014,7,18,pre_covid,P010,Men's Formal Shirts,Fashion,1852,C001,1800,4
O03153,2014,7,18,pre_covid,P011,Casual Loungewear Set,Fashion,2533,C003,1200,1
O06405,2014,7,18,pre_covid,P005,Microwave Oven,Home & Kitchen,183,C014,9000,12
O01060,2014,7,19,pre_covid,P005,Microwave Oven,Home & Kitchen,213,C008,9000,13
O07363,2014,7,19,pre_covid,P009,Yoga Mat,Gym Equipment,211,C005,1500,6
O03895,2014,7,20,pre_covid,P005,Microwave Oven,Home & Kitchen,133,C010,9000,9
O03293,2014,7,21,pre_covid,P008,Resistance Bands & Dumbbell Set,Gym Equipment,1061,C005,3500,1
O03323,2014,7,21,pre_covid,P012,Festive Sarees,Fashion,1412,C010,6000,3
O03746,2014,7,21,pre_covid,P001,Laptop,Electronics,99,C010,55000,8
O06213,2014,7,21,pre_covid,P015,Drawing Tablet (EdTech),Stationery & EdTech,46,C010,7500,20
O03835,2014,7,22,pre_covid,P002,Webcam & Headset Combo,Electronics,537,C019,4500,6
O07963,2014,7,22,pre_covid,P010,Men's Formal Shirts,Fashion,744,C010,1800,6
O00139,2014,7,24,pre_covid,P013,Hand Sanitizer (Bulk Pack),Groceries & Hygiene,1298,C019,1200,4
O04124,2014,7,24,pre_covid,P003,Smartphone,Electronics,353,C018,22000,1
O04675,2014,7,24,pre_covid,P004,Air Purifier,Home & Kitchen,248,C005,12000,2
O00718,2014,7,25,pre_covid,P011,Casual Loungewear Set,Fashion,3247,C006,1200,2
O06566,2014,7,25,pre_covid,P007,Treadmill,Gym Equipment,67,C001,42000,2
O03578,2014,7,26,pre_covid,P005,Microwave Oven,Home & Kitchen,266,C008,9000,14
O02783,2014,7,28,pre_covid,P015,Drawing Tablet (EdTech),Stationery & EdTech,64,C009,7500,16
O01711,2014,7,29,pre_covid,P005,Microwave Oven,Home & Kitchen,171,C002,9000,13
O02585,2014,7,30,pre_covid,P012,Festive Sarees,Fashion,459,C011,6000,5
O03803,2014,7,30,pre_covid,P001,Laptop,Electronics,68,C001,55000,8
O07983,2014,7,30,pre_covid,P005,Microwave Oven,Home & Kitchen,191,C003,9000,17
O00981,2014,7,31,pre_covid,P015,Drawing Tablet (EdTech),Stationery & EdTech,149,C007,7500,15
O01123,2014,7,31,pre_covid,P005,Microwave Oven,Home & Kitchen,158,C018,9000,15
O05822,2014,7,31,pre_covid,P015,Drawing Tablet (EdTech),Stationery & EdTech,15,C010,7500,9
O07777,2014,7,31,pre_covid,P010,Men's Formal Shirts,Fashion,869,C018,1800,5
O00855,2014,8,1,pre_covid,P015,Drawing Tablet (EdTech),Stationery & EdTech,290,C015,7500,9
O04232,2014,8,1,pre_covid,P001,Laptop,Electronics,42,C017,55000,2
O05292,2014,8,1,pre_covid,P005,Microwave Oven,Home & Kitchen,46,C016,9000,1
O00373,2014,8,2,pre_covid,P003,Smartphone,Electronics,354,C008,22000,3
O03734,2014,8,2,pre_covid,P008,Resistance Bands & Dumbbell Set,Gym Equipment,763,C013,3500,2
O06847,2014,8,2,pre_covid,P001,Laptop,Electronics,132,C008,55000,3
O00630,2014,8,3,pre_covid,P015,Drawing Tablet (EdTech),Stationery & EdTech,155,C010,7500,14
O02171,2014,8,3,pre_covid,P006,Office Chair (Ergonomic),Home & Kitchen,166,C007,8500,1
O05745,2014,8,4,pre_covid,P015,Drawing Tablet (EdTech),Stationery & EdTech,40,C001,7500,5
O07774,2014,8,4,pre_covid,P004,Air Purifier,Home & Kitchen,219,C003,12000,4
O03798,2014,8,5,pre_covid,P012,Festive Sarees,Fashion,1228,C018,6000,4
O04669,2014,8,5,pre_covid,P005,Microwave Oven,Home & Kitchen,241,C014,9000,2
O06447,2014,8,5,pre_covid,P005,Microwave Oven,Home & Kitchen,96,C016,9000,3
O04097,2014,8,6,pre_covid,P010,Men's Formal Shirts,Fashion,1226,C006,1800,5
O06267,2014,8,6,pre_covid,P004,Air Purifier,Home & Kitchen,230,C006,12000,4
O01107,2014,8,7,pre_covid,P009,Yoga Mat,Gym Equipment,1389,C012,1500,6
O03407,2014,8,7,pre_covid,P006,Office Chair (Ergonomic),Home & Kitchen,200,C012,8500,6
O00228,2014,8,8,pre_covid,P007,Treadmill,Gym Equipment,21,C003,42000,2
O02346,2014,8,8,pre_covid,P015,Drawing Tablet (EdTech),Stationery & EdTech,92,C006,7500,19
O03064,2014,8,8,pre_covid,P015,Drawing Tablet (EdTech),Stationery & EdTech,212,C009,7500,20
O05615,2014,8,8,pre_covid,P012,Festive Sarees,Fashion,219,C003,6000,3
O05640,2014,8,8,pre_covid,P001,Laptop,Electronics,121,C005,55000,2
O05882,2014,8,8,pre_covid,P015,Drawing Tablet (EdTech),Stationery & EdTech,278,C008,7500,5
O00234,2014,8,9,pre_covid,P007,Treadmill,Gym Equipment,19,C016,42000,1
O03524,2014,8,9,pre_covid,P008,Resistance Bands & Dumbbell Set,Gym Equipment,874,C011,3500,6
O06110,2014,8,9,pre_covid,P015,Drawing Tablet (EdTech),Stationery & EdTech,113,C007,7500,18
O01537,2014,8,10,pre_covid,P001,Laptop,Electronics,100,C011,55000,8
O02069,2014,8,10,pre_covid,P015,Drawing Tablet (EdTech),Stationery & EdTech,264,C001,7500,6
O06871,2014,8,10,pre_covid,P003,Smartphone,Electronics,92,C006,22000,3
O07306,2014,8,10,pre_covid,P006,Office Chair (Ergonomic),Home & Kitchen,30,C003,8500,5
O00236,2014,8,11,pre_covid,P009,Yoga Mat,Gym Equipment,2476,C015,1500,5
O01582,2014,8,12,pre_covid,P015,Drawing Tablet (EdTech),Stationery & EdTech,107,C002,7500,17
O02305,2014,8,12,pre_covid,P015,Drawing Tablet (EdTech),Stationery & EdTech,103,C013,7500,11
O02702,2014,8,12,pre_covid,P005,Microwave Oven,Home & Kitchen,261,C016,9000,2
O00837,2014,8,13,pre_covid,P001,Laptop,Electronics,92,C001,55000,3
O00899,2014,8,13,pre_covid,P015,Drawing Tablet (EdTech),Stationery & EdTech,229,C005,7500,9
O02181,2014,8,14,pre_covid,P009,Yoga Mat,Gym Equipment,285,C018,1500,3
O05768,2014,8,14,pre_covid,P007,Treadmill,Gym Equipment,14,C008,42000,2
O07304,2014,8,14,pre_covid,P010,Men's Formal Shirts,Fashion,1194,C019,1800,1
O01732,2014,8,15,pre_covid,P008,Resistance Bands & Dumbbell Set,Gym Equipment,1136,C015,3500,6
O03252,2014,8,16,pre_covid,P007,Treadmill,Gym Equipment,7,C017,42000,2
O03659,2014,8,16,pre_covid,P006,Office Chair (Ergonomic),Home & Kitchen,104,C013,8500,1
O05422,2014,8,16,pre_covid,P005,Microwave Oven,Home & Kitchen,161,C018,9000,5
O05601,2014,8,16,pre_covid,P012,Festive Sarees,Fashion,224,C017,6000,5
O06144,2014,8,16,pre_covid,P015,Drawing Tablet (EdTech),Stationery & EdTech,89,C019,7500,16
O03766,2014,8,17,pre_covid,P008,Resistance Bands & Dumbbell Set,Gym Equipment,759,C019,3500,1
O07607,2014,8,17,pre_covid,P010,Men's Formal Shirts,Fashion,965,C019,1800,6
O01717,2014,8,18,pre_covid,P007,Treadmill,Gym Equipment,18,C010,42000,3
O01835,2014,8,18,pre_covid,P008,Resistance Bands & Dumbbell Set,Gym Equipment,1199,C008,3500,4
O03826,2014,8,18,pre_covid,P014,Packaged Grocery Staples,Groceries & Hygiene,2381,C001,800,2
O06913,2014,8,18,pre_covid,P013,Hand Sanitizer (Bulk Pack),Groceries & Hygiene,586,C016,1200,6
O07282,2014,8,19,pre_covid,P011,Casual Loungewear Set,Fashion,497,C016,1200,2
O00126,2014,8,21,pre_covid,P014,Packaged Grocery Staples,Groceries & Hygiene,2892,C018,800,1
O00372,2014,8,21,pre_covid,P015,Drawing Tablet (EdTech),Stationery & EdTech,249,C012,7500,8
O05975,2014,8,21,pre_covid,P015,Drawing Tablet (EdTech),Stationery & EdTech,240,C010,7500,20
O05996,2014,8,21,pre_covid,P009,Yoga Mat,Gym Equipment,1500,C016,1500,4
O06136,2014,8,21,pre_covid,P014,Packaged Grocery Staples,Groceries & Hygiene,1922,C012,800,4
O01202,2014,8,22,pre_covid,P013,Hand Sanitizer (Bulk Pack),Groceries & Hygiene,487,C003,1200,2
O02044,2014,8,22,pre_covid,P015,Drawing Tablet (EdTech),Stationery & EdTech,284,C008,7500,20
O04328,2014,8,22,pre_covid,P009,Yoga Mat,Gym Equipment,189,C001,1500,6
O06287,2014,8,22,pre_covid,P007,Treadmill,Gym Equipment,78,C017,42000,2
O00778,2014,8,23,pre_covid,P015,Drawing Tablet (EdTech),Stationery & EdTech,77,C004,7500,8
O02587,2014,8,23,pre_covid,P005,Microwave Oven,Home & Kitchen,68,C008,9000,1
O04521,2014,8,23,pre_covid,P015,Drawing Tablet (EdTech),Stationery & EdTech,214,C016,7500,18
O07096,2014,8,23,pre_covid,P001,Laptop,Electronics,71,C003,55000,4
O07355,2014,8,23,pre_covid,P014,Packaged Grocery Staples,Groceries & Hygiene,1415,C005,800,3
O07568,2014,8,23,pre_covid,P006,Office Chair (Ergonomic),Home & Kitchen,104,C018,8500,4
O01079,2014,8,24,pre_covid,P010,Men's Formal Shirts,Fashion,2715,C014,1800,1
O01684,2014,8,24,pre_covid,P015,Drawing Tablet (EdTech),Stationery & EdTech,246,C006,7500,19
O03564,2014,8,25,pre_covid,P015,Drawing Tablet (EdTech),Stationery & EdTech,26,C012,7500,13
O05859,2014,8,25,pre_covid,P001,Laptop,Electronics,22,C001,55000,8
O07126,2014,8,25,pre_covid,P013,Hand Sanitizer (Bulk Pack),Groceries & Hygiene,346,C007,1200,1
O07632,2014,8,25,pre_covid,P005,Microwave Oven,Home & Kitchen,91,C010,9000,4
O03641,2014,8,26,pre_covid,P001,Laptop,Electronics,12,C010,55000,4
O05263,2014,8,26,pre_covid,P011,Casual Loungewear Set,Fashion,1312,C019,1200,6
O06976,2014,8,26,pre_covid,P015,Drawing Tablet (EdTech),Stationery & EdTech,116,C001,7500,10
O01541,2014,8,27,pre_covid,P002,Webcam & Headset Combo,Electronics,501,C010,4500,1
O03241,2014,8,27,pre_covid,P012,Festive Sarees,Fashion,1445,C009,6000,2
O03392,2014,8,27,pre_covid,P009,Yoga Mat,Gym Equipment,1119,C006,1500,1
O00805,2014,8,28,pre_covid,P007,Treadmill,Gym Equipment,80,C001,42000,2
O06196,2014,8,28,pre_covid,P008,Resistance Bands & Dumbbell Set,Gym Equipment,1019,C013,3500,3
O00275,2014,8,29,pre_covid,P002,Webcam & Headset Combo,Electronics,553,C009,4500,5
O00284,2014,8,29,pre_covid,P001,Laptop,Electronics,133,C015,55000,2
O01046,2014,8,29,pre_covid,P011,Casual Loungewear Set,Fashion,3049,C018,1200,5
O01657,2014,8,29,pre_covid,P015,Drawing Tablet (EdTech),Stationery & EdTech,279,C017,7500,8
O03888,2014,8,29,pre_covid,P015,Drawing Tablet (EdTech),Stationery & EdTech,187,C009,7500,15
O04883,2014,8,29,pre_covid,P001,Laptop,Electronics,103,C016,55000,5
O03438,2014,8,30,pre_covid,P015,Drawing Tablet (EdTech),Stationery & EdTech,145,C018,7500,18
O06018,2014,8,30,pre_covid,P015,Drawing Tablet (EdTech),Stationery & EdTech,195,C012,7500,19
O06692,2014,8,31,pre_covid,P015,Drawing Tablet (EdTech),Stationery & EdTech,268,C013,7500,6
O03043,2014,9,2,pre_covid,P014,Packaged Grocery Staples,Groceries & Hygiene,2664,C015,800,5
O04821,2014,9,2,pre_covid,P004,Air Purifier,Home & Kitchen,213,C007,12000,5
O06634,2014,9,2,pre_covid,P013,Hand Sanitizer (Bulk Pack),Groceries & Hygiene,743,C010,1200,2
O07121,2014,9,2,pre_covid,P006,Office Chair (Ergonomic),Home & Kitchen,165,C002,8500,6
O03420,2014,9,4,pre_covid,P012,Festive Sarees,Fashion,1362,C011,6000,2
O07348,2014,9,4,pre_covid,P007,Treadmill,Gym Equipment,24,C017,42000,1
O07845,2014,9,4,pre_covid,P013,Hand Sanitizer (Bulk Pack),Groceries & Hygiene,1577,C013,1200,2
O02100,2014,9,6,pre_covid,P009,Yoga Mat,Gym Equipment,376,C020,1500,4
O04421,2014,9,6,pre_covid,P009,Yoga Mat,Gym Equipment,131,C013,1500,6
O02388,2014,9,7,pre_covid,P010,Men's Formal Shirts,Fashion,2041,C008,1800,5
O02831,2014,9,7,pre_covid,P008,Resistance Bands & Dumbbell Set,Gym Equipment,288,C010,3500,4
O03257,2014,9,7,pre_covid,P008,Resistance Bands & Dumbbell Set,Gym Equipment,1073,C003,3500,6
O03408,2014,9,7,pre_covid,P009,Yoga Mat,Gym Equipment,1118,C006,1500,3
O04581,2014,9,7,pre_covid,P009,Yoga Mat,Gym Equipment,1363,C015,1500,5
O04637,2014,9,7,pre_covid,P004,Air Purifier,Home & Kitchen,253,C004,12000,3
O07209,2014,9,7,pre_covid,P007,Treadmill,Gym Equipment,60,C005,42000,1
O00897,2014,9,8,pre_covid,P004,Air Purifier,Home & Kitchen,46,C009,12000,2
O03647,2014,9,9,pre_covid,P005,Microwave Oven,Home & Kitchen,252,C007,9000,6
O06035,2014,9,9,pre_covid,P005,Microwave Oven,Home & Kitchen,141,C006,9000,5
O07688,2014,9,9,pre_covid,P013,Hand Sanitizer (Bulk Pack),Groceries & Hygiene,1695,C012,1200,1
O01398,2014,9,10,pre_covid,P013,Hand Sanitizer (Bulk Pack),Groceries & Hygiene,224,C002,1200,6
O04059,2014,9,11,pre_covid,P012,Festive Sarees,Fashion,1067,C008,6000,4
O06822,2014,9,12,pre_covid,P010,Men's Formal Shirts,Fashion,1409,C002,1800,4
O03959,2014,9,14,pre_covid,P003,Smartphone,Electronics,381,C007,22000,1
O06176,2014,9,14,pre_covid,P014,Packaged Grocery Staples,Groceries & Hygiene,1916,C018,800,6
O06583,2014,9,14,pre_covid,P005,Microwave Oven,Home & Kitchen,264,C005,9000,3
O01000,2014,9,15,pre_covid,P004,Air Purifier,Home & Kitchen,49,C015,12000,1
O02293,2014,9,15,pre_covid,P008,Resistance Bands & Dumbbell Set,Gym Equipment,737,C012,3500,1
O07088,2014,9,15,pre_covid,P009,Yoga Mat,Gym Equipment,468,C013,1500,1
O07494,2014,9,15,pre_covid,P009,Yoga Mat,Gym Equipment,92,C003,1500,4
O00115,2014,9,16,pre_covid,P008,Resistance Bands & Dumbbell Set,Gym Equipment,1136,C019,3500,6
O00849,2014,9,16,pre_covid,P001,Laptop,Electronics,89,C006,55000,2
O01934,2014,9,16,pre_covid,P005,Microwave Oven,Home & Kitchen,32,C008,9000,3
O02576,2014,9,16,pre_covid,P009,Yoga Mat,Gym Equipment,66,C006,1500,4
O03738,2014,9,16,pre_covid,P012,Festive Sarees,Fashion,1268,C016,6000,4
O05420,2014,9,16,pre_covid,P005,Microwave Oven,Home & Kitchen,163,C005,9000,2
O05668,2014,9,16,pre_covid,P015,Drawing Tablet (EdTech),Stationery & EdTech,192,C005,7500,4
O07709,2014,9,16,pre_covid,P006,Office Chair (Ergonomic),Home & Kitchen,198,C009,8500,5
O01061,2014,9,17,pre_covid,P010,Men's Formal Shirts,Fashion,2735,C018,1800,1
O04964,2014,9,17,pre_covid,P002,Webcam & Headset Combo,Electronics,88,C014,4500,5
O06533,2014,9,17,pre_covid,P014,Packaged Grocery Staples,Groceries & Hygiene,1717,C019,800,6
O04804,2014,9,18,pre_covid,P009,Yoga Mat,Gym Equipment,1176,C008,1500,4
O06231,2014,9,18,pre_covid,P010,Men's Formal Shirts,Fashion,1874,C011,1800,4
O03398,2014,9,19,pre_covid,P010,Men's Formal Shirts,Fashion,1542,C018,1800,6
O00261,2014,9,20,pre_covid,P015,Drawing Tablet (EdTech),Stationery & EdTech,300,C005,7500,2
O01809,2014,9,21,pre_covid,P009,Yoga Mat,Gym Equipment,847,C007,1500,4
O01947,2014,9,21,pre_covid,P013,Hand Sanitizer (Bulk Pack),Groceries & Hygiene,1814,C020,1200,5
O06635,2014,9,21,pre_covid,P006,Office Chair (Ergonomic),Home & Kitchen,90,C009,8500,4
O04299,2014,9,22,pre_covid,P015,Drawing Tablet (EdTech),Stationery & EdTech,122,C020,7500,6
O04809,2014,9,22,pre_covid,P013,Hand Sanitizer (Bulk Pack),Groceries & Hygiene,576,C007,1200,2
O04970,2014,9,22,pre_covid,P014,Packaged Grocery Staples,Groceries & Hygiene,2374,C009,800,1
O06248,2014,9,22,pre_covid,P001,Laptop,Electronics,15,C007,55000,1
O06507,2014,9,22,pre_covid,P014,Packaged Grocery Staples,Groceries & Hygiene,1756,C013,800,5
O02316,2014,9,23,pre_covid,P014,Packaged Grocery Staples,Groceries & Hygiene,2991,C019,800,1
O05809,2014,9,23,pre_covid,P006,Office Chair (Ergonomic),Home & Kitchen,9,C015,8500,2
O06216,2014,9,23,pre_covid,P007,Treadmill,Gym Equipment,5,C014,42000,1
O03244,2014,9,24,pre_covid,P002,Webcam & Headset Combo,Electronics,477,C010,4500,6
O07068,2014,9,24,pre_covid,P009,Yoga Mat,Gym Equipment,525,C018,1500,3
O07694,2014,9,24,pre_covid,P002,Webcam & Headset Combo,Electronics,437,C014,4500,3
O02578,2014,9,25,pre_covid,P005,Microwave Oven,Home & Kitchen,74,C009,9000,6
O03248,2014,9,25,pre_covid,P008,Resistance Bands & Dumbbell Set,Gym Equipment,1078,C002,3500,5
O05087,2014,9,25,pre_covid,P015,Drawing Tablet (EdTech),Stationery & EdTech,292,C016,7500,3
O06554,2014,9,25,pre_covid,P002,Webcam & Headset Combo,Electronics,299,C015,4500,1
O07375,2014,9,25,pre_covid,P010,Men's Formal Shirts,Fashion,1173,C019,1800,1
O00039,2014,9,26,pre_covid,P013,Hand Sanitizer (Bulk Pack),Groceries & Hygiene,1176,C014,1200,2
O06058,2014,9,26,pre_covid,P004,Air Purifier,Home & Kitchen,274,C004,12000,5
O00142,2014,9,27,pre_covid,P007,Treadmill,Gym Equipment,45,C010,42000,3
O00240,2014,9,27,pre_covid,P005,Microwave Oven,Home & Kitchen,148,C006,9000,6
O00367,2014,9,27,pre_covid,P012,Festive Sarees,Fashion,1709,C013,6000,3
O00878,2014,9,27,pre_covid,P004,Air Purifier,Home & Kitchen,50,C010,12000,1
O05215,2014,9,28,pre_covid,P008,Resistance Bands & Dumbbell Set,Gym Equipment,685,C011,3500,2
O07428,2014,9,28,pre_covid,P013,Hand Sanitizer (Bulk Pack),Groceries & Hygiene,1924,C002,1200,2
O00358,2014,9,29,pre_covid,P014,Packaged Grocery Staples,Groceries & Hygiene,3132,C020,800,6
O05275,2014,9,29,pre_covid,P006,Office Chair (Ergonomic),Home & Kitchen,90,C013,8500,5
O05493,2014,9,29,pre_covid,P003,Smartphone,Electronics,381,C002,22000,1
O07853,2014,9,29,pre_covid,P012,Festive Sarees,Fashion,158,C004,6000,6
O02141,2014,9,30,pre_covid,P010,Men's Formal Shirts,Fashion,2203,C010,1800,5
O03690,2014,9,30,pre_covid,P007,Treadmill,Gym Equipment,59,C011,42000,3
O07518,2014,9,30,pre_covid,P005,Microwave Oven,Home & Kitchen,226,C018,9000,5
O04237,2014,10,1,pre_covid,P012,Festive Sarees,Fashion,1002,C013,6000,7
O01877,2014,10,2,pre_covid,P012,Festive Sarees,Fashion,886,C019,6000,19
O02923,2014,10,2,pre_covid,P014,Packaged Grocery Staples,Groceries & Hygiene,2730,C007,800,4
O03198,2014,10,2,pre_covid,P006,Office Chair (Ergonomic),Home & Kitchen,147,C010,8500,3
O03501,2014,10,3,pre_covid,P010,Men's Formal Shirts,Fashion,1475,C005,1800,17
O02197,2014,10,5,pre_covid,P007,Treadmill,Gym Equipment,78,C018,42000,1
O05119,2014,10,5,pre_covid,P012,Festive Sarees,Fashion,550,C019,6000,19
O07900,2014,10,5,pre_covid,P010,Men's Formal Shirts,Fashion,796,C005,1800,9
O05837,2014,10,6,pre_covid,P014,Packaged Grocery Staples,Groceries & Hygiene,2059,C013,800,5
O06508,2014,10,6,pre_covid,P010,Men's Formal Shirts,Fashion,1682,C003,1800,13
O02174,2014,10,7,pre_covid,P003,Smartphone,Electronics,396,C011,22000,8
O00199,2014,10,8,pre_covid,P010,Men's Formal Shirts,Fashion,2316,C016,1800,9
O01672,2014,10,8,pre_covid,P008,Resistance Bands & Dumbbell Set,Gym Equipment,1198,C003,3500,2
O02054,2014,10,8,pre_covid,P001,Laptop,Electronics,28,C015,55000,2
O01411,2014,10,9,pre_covid,P004,Air Purifier,Home & Kitchen,272,C005,12000,5
O02466,2014,10,9,pre_covid,P001,Laptop,Electronics,27,C001,55000,8
O00529,2014,10,10,pre_covid,P015,Drawing Tablet (EdTech),Stationery & EdTech,176,C003,7500,1
O07971,2014,10,10,pre_covid,P005,Microwave Oven,Home & Kitchen,194,C014,9000,2
O00731,2014,10,11,pre_covid,P003,Smartphone,Electronics,240,C004,22000,2
O01303,2014,10,11,pre_covid,P002,Webcam & Headset Combo,Electronics,182,C008,4500,18
O06701,2014,10,11,pre_covid,P015,Drawing Tablet (EdTech),Stationery & EdTech,262,C005,7500,3
O04405,2014,10,12,pre_covid,P012,Festive Sarees,Fashion,953,C015,6000,20
O05542,2014,10,12,pre_covid,P006,Office Chair (Ergonomic),Home & Kitchen,163,C002,8500,5
O05556,2014,10,12,pre_covid,P003,Smartphone,Electronics,371,C005,22000,2
O05772,2014,10,12,pre_covid,P013,Hand Sanitizer (Bulk Pack),Groceries & Hygiene,1735,C017,1200,5
O02727,2014,10,13,pre_covid,P003,Smartphone,Electronics,285,C012,22000,7
O00550,2014,10,14,pre_covid,P009,Yoga Mat,Gym Equipment,2155,C001,1500,3
O01916,2014,10,14,pre_covid,P001,Laptop,Electronics,100,C012,55000,4
O07980,2014,10,14,pre_covid,P001,Laptop,Electronics,131,C011,55000,8
O00163,2014,10,15,pre_covid,P011,Casual Loungewear Set,Fashion,3546,C020,1200,6
O04501,2014,10,15,pre_covid,P003,Smartphone,Electronics,250,C016,22000,5
O00660,2014,10,16,pre_covid,P006,Office Chair (Ergonomic),Home & Kitchen,186,C006,8500,5
O01285,2014,10,16,pre_covid,P003,Smartphone,Electronics,177,C017,22000,3
O05465,2014,10,16,pre_covid,P012,Festive Sarees,Fashion,284,C001,6000,17
O03491,2014,10,18,pre_covid,P015,Drawing Tablet (EdTech),Stationery & EdTech,97,C017,7500,6
O06436,2014,10,18,pre_covid,P015,Drawing Tablet (EdTech),Stationery & EdTech,149,C001,7500,1
O06835,2014,10,18,pre_covid,P013,Hand Sanitizer (Bulk Pack),Groceries & Hygiene,687,C002,1200,4
O07408,2014,10,18,pre_covid,P006,Office Chair (Ergonomic),Home & Kitchen,151,C015,8500,6
O00025,2014,10,21,pre_covid,P012,Festive Sarees,Fashion,1684,C020,6000,16
O01173,2014,10,21,pre_covid,P015,Drawing Tablet (EdTech),Stationery & EdTech,87,C003,7500,2
O06552,2014,10,21,pre_covid,P005,Microwave Oven,Home & Kitchen,53,C010,9000,2
O01357,2014,10,23,pre_covid,P010,Men's Formal Shirts,Fashion,2645,C015,1800,18
O01718,2014,10,23,pre_covid,P001,Laptop,Electronics,27,C003,55000,8
O07673,2014,10,23,pre_covid,P003,Smartphone,Electronics,279,C003,22000,2
O01739,2014,10,24,pre_covid,P012,Festive Sarees,Fashion,975,C012,6000,8
O02249,2014,10,24,pre_covid,P002,Webcam & Headset Combo,Electronics,289,C008,4500,17
O05781,2014,10,24,pre_covid,P003,Smartphone,Electronics,351,C018,22000,2
O01447,2014,10,25,pre_covid,P010,Men's Formal Shirts,Fashion,2591,C005,1800,14
O01755,2014,10,25,pre_covid,P015,Drawing Tablet (EdTech),Stationery & EdTech,188,C008,7500,6
O02507,2014,10,25,pre_covid,P012,Festive Sarees,Fashion,482,C015,6000,8
O04090,2014,10,25,pre_covid,P004,Air Purifier,Home & Kitchen,126,C005,12000,6
O07173,2014,10,25,pre_covid,P001,Laptop,Electronics,67,C018,55000,7
O07669,2014,10,25,pre_covid,P014,Packaged Grocery Staples,Groceries & Hygiene,1172,C008,800,4
O07651,2014,10,26,pre_covid,P011,Casual Loungewear Set,Fashion,363,C018,1200,5
O03836,2014,10,27,pre_covid,P012,Festive Sarees,Fashion,1199,C003,6000,18
O04849,2014,10,27,pre_covid,P001,Laptop,Electronics,117,C009,55000,5
O07229,2014,10,27,pre_covid,P006,Office Chair (Ergonomic),Home & Kitchen,111,C008,8500,1
O07894,2014,10,27,pre_covid,P006,Office Chair (Ergonomic),Home & Kitchen,45,C014,8500,5
O01459,2014,10,28,pre_covid,P006,Office Chair (Ergonomic),Home & Kitchen,92,C005,8500,2
O04084,2014,10,28,pre_covid,P002,Webcam & Headset Combo,Electronics,388,C002,4500,13
O01940,2014,10,29,pre_covid,P004,Air Purifier,Home & Kitchen,95,C007,12000,6
O04695,2014,10,29,pre_covid,P001,Laptop,Electronics,147,C007,55000,2
O06876,2014,10,29,pre_covid,P005,Microwave Oven,Home & Kitchen,95,C016,9000,5
O01816,2014,10,30,pre_covid,P005,Microwave Oven,Home & Kitchen,92,C009,9000,2
O02136,2014,10,30,pre_covid,P012,Festive Sarees,Fashion,703,C003,6000,6
O02437,2014,10,30,pre_covid,P006,Office Chair (Ergonomic),Home & Kitchen,153,C004,8500,3
O02739,2014,10,30,pre_covid,P001,Laptop,Electronics,43,C004,55000,8
O02189,2014,10,31,pre_covid,P008,Resistance Bands & Dumbbell Set,Gym Equipment,809,C002,3500,6
O03044,2014,10,31,pre_covid,P008,Resistance Bands & Dumbbell Set,Gym Equipment,50,C013,3500,6
O03224,2014,10,31,pre_covid,P015,Drawing Tablet (EdTech),Stationery & EdTech,65,C005,7500,1
O05812,2014,10,31,pre_covid,P002,Webcam & Headset Combo,Electronics,327,C019,4500,12
O06347,2014,10,31,pre_covid,P004,Air Purifier,Home & Kitchen,208,C010,12000,5
O07909,2014,10,31,pre_covid,P005,Microwave Oven,Home & Kitchen,205,C008,9000,1
O02617,2014,11,1,pre_covid,P001,Laptop,Electronics,116,C017,55000,4
O03339,2014,11,1,pre_covid,P007,Treadmill,Gym Equipment,68,C006,42000,2
O03357,2014,11,2,pre_covid,P002,Webcam & Headset Combo,Electronics,346,C008,4500,18
O04756,2014,11,2,pre_covid,P003,Smartphone,Electronics,191,C001,22000,3
O01347,2014,11,3,pre_covid,P015,Drawing Tablet (EdTech),Stationery & EdTech,259,C009,7500,6
O02057,2014,11,3,pre_covid,P012,Festive Sarees,Fashion,748,C020,6000,16
O03140,2014,11,3,pre_covid,P002,Webcam & Headset Combo,Electronics,538,C012,4500,6
O04011,2014,11,3,pre_covid,P004,Air Purifier,Home & Kitchen,142,C018,12000,3
O02955,2014,11,4,pre_covid,P015,Drawing Tablet (EdTech),Stationery & EdTech,266,C018,7500,3
O00677,2014,11,5,pre_covid,P011,Casual Loungewear Set,Fashion,3255,C019,1200,3
O02225,2014,11,5,pre_covid,P014,Packaged Grocery Staples,Groceries & Hygiene,3055,C017,800,4
O06802,2014,11,6,pre_covid,P009,Yoga Mat,Gym Equipment,757,C018,1500,1
O02274,2014,11,7,pre_covid,P010,Men's Formal Shirts,Fashion,2118,C017,1800,5
O03054,2014,11,7,pre_covid,P014,Packaged Grocery Staples,Groceries & Hygiene,2659,C009,800,5
O06468,2014,11,7,pre_covid,P008,Resistance Bands & Dumbbell Set,Gym Equipment,860,C003,3500,5
O07549,2014,11,7,pre_covid,P003,Smartphone,Electronics,305,C006,22000,4
O02720,2014,11,8,pre_covid,P001,Laptop,Electronics,50,C013,55000,4
O05900,2014,11,8,pre_covid,P013,Hand Sanitizer (Bulk Pack),Groceries & Hygiene,1631,C001,1200,1
O01023,2014,11,9,pre_covid,P003,Smartphone,Electronics,246,C017,22000,8
O01306,2014,11,9,pre_covid,P007,Treadmill,Gym Equipment,80,C011,42000,2
O05394,2014,11,9,pre_covid,P003,Smartphone,Electronics,32,C007,22000,8
O00382,2014,11,11,pre_covid,P004,Air Purifier,Home & Kitchen,171,C007,12000,6
O01620,2014,11,11,pre_covid,P001,Laptop,Electronics,71,C020,55000,4
O05934,2014,11,11,pre_covid,P002,Webcam & Headset Combo,Electronics,216,C010,4500,5
O01066,2014,11,12,pre_covid,P005,Microwave Oven,Home & Kitchen,198,C008,9000,1
O03452,2014,11,12,pre_covid,P001,Laptop,Electronics,107,C014,55000,2
O04879,2014,11,12,pre_covid,P013,Hand Sanitizer (Bulk Pack),Groceries & Hygiene,564,C002,1200,6
O02754,2014,11,13,pre_covid,P001,Laptop,Electronics,35,C014,55000,7
O05675,2014,11,13,pre_covid,P008,Resistance Bands & Dumbbell Set,Gym Equipment,210,C001,3500,6
O03679,2014,11,14,pre_covid,P014,Packaged Grocery Staples,Groceries & Hygiene,2412,C010,800,1
O06531,2014,11,14,pre_covid,P003,Smartphone,Electronics,177,C018,22000,2
O05906,2014,11,15,pre_covid,P012,Festive Sarees,Fashion,1391,C013,6000,16
O06532,2014,11,15,pre_covid,P012,Festive Sarees,Fashion,978,C009,6000,17
O06780,2014,11,15,pre_covid,P009,Yoga Mat,Gym Equipment,776,C017,1500,1
O04228,2014,11,16,pre_covid,P012,Festive Sarees,Fashion,1021,C016,6000,19
O04266,2014,11,16,pre_covid,P010,Men's Formal Shirts,Fashion,1145,C010,1800,7
O05152,2014,11,16,pre_covid,P008,Resistance Bands & Dumbbell Set,Gym Equipment,715,C015,3500,6
O06032,2014,11,16,pre_covid,P003,Smartphone,Electronics,304,C014,22000,6
O00875,2014,11,17,pre_covid,P013,Hand Sanitizer (Bulk Pack),Groceries & Hygiene,723,C014,1200,4
O00986,2014,11,17,pre_covid,P003,Smartphone,Electronics,212,C011,22000,6
O04127,2014,11,17,pre_covid,P004,Air Purifier,Home & Kitchen,113,C019,12000,2
O07683,2014,11,17,pre_covid,P007,Treadmill,Gym Equipment,73,C002,42000,3
O03710,2014,11,18,pre_covid,P003,Smartphone,Electronics,43,C001,22000,3
O04620,2014,11,18,pre_covid,P014,Packaged Grocery Staples,Groceries & Hygiene,2619,C020,800,4
O06585,2014,11,18,pre_covid,P002,Webcam & Headset Combo,Electronics,295,C014,4500,7
O00888,2014,11,19,pre_covid,P010,Men's Formal Shirts,Fashion,2845,C014,1800,18
O01315,2014,11,19,pre_covid,P003,Smartphone,Electronics,167,C013,22000,6
O00384,2014,11,20,pre_covid,P010,Men's Formal Shirts,Fashion,2876,C014,1800,16
O02541,2014,11,20,pre_covid,P004,Air Purifier,Home & Kitchen,238,C003,12000,5
O04450,2014,11,20,pre_covid,P014,Packaged Grocery Staples,Groceries & Hygiene,2645,C003,800,2
O00052,2014,11,21,pre_covid,P004,Air Purifier,Home & Kitchen,262,C010,12000,1
O07095,2014,11,21,pre_covid,P003,Smartphone,Electronics,38,C002,22000,2
O07370,2014,11,21,pre_covid,P003,Smartphone,Electronics,329,C007,22000,3
O07509,2014,11,21,pre_covid,P002,Webcam & Headset Combo,Electronics,24,C002,4500,12
O01316,2014,11,22,pre_covid,P012,Festive Sarees,Fashion,1223,C013,6000,9
O02488,2014,11,22,pre_covid,P008,Resistance Bands & Dumbbell Set,Gym Equipment,631,C003,3500,3
O07278,2014,11,23,pre_covid,P012,Festive Sarees,Fashion,563,C005,6000,10
O07962,2014,11,23,pre_covid,P001,Laptop,Electronics,137,C007,55000,5
O03411,2014,11,24,pre_covid,P010,Men's Formal Shirts,Fashion,1528,C014,1800,7
O00200,2014,11,25,pre_covid,P011,Casual Loungewear Set,Fashion,3495,C019,1200,6
O02207,2014,11,25,pre_covid,P003,Smartphone,Electronics,378,C006,22000,8
O02958,2014,11,25,pre_covid,P010,Men's Formal Shirts,Fashion,1725,C014,1800,9
O03422,2014,11,25,pre_covid,P004,Air Purifier,Home & Kitchen,278,C004,12000,5
O07511,2014,11,25,pre_covid,P010,Men's Formal Shirts,Fashion,1046,C005,1800,17
O07925,2014,11,26,pre_covid,P006,Office Chair (Ergonomic),Home & Kitchen,24,C001,8500,4
O02914,2014,11,27,pre_covid,P008,Resistance Bands & Dumbbell Set,Gym Equipment,181,C004,3500,2
O04256,2014,11,27,pre_covid,P009,Yoga Mat,Gym Equipment,245,C003,1500,1
O06820,2014,11,27,pre_covid,P003,Smartphone,Electronics,117,C002,22000,6
O03675,2014,11,28,pre_covid,P012,Festive Sarees,Fashion,1317,C012,6000,12
O05111,2014,11,28,pre_covid,P005,Microwave Oven,Home & Kitchen,205,C020,9000,4
O00086,2014,11,29,pre_covid,P003,Smartphone,Electronics,388,C020,22000,3
O01685,2014,11,29,pre_covid,P015,Drawing Tablet (EdTech),Stationery & EdTech,227,C008,7500,6
O03550,2014,11,29,pre_covid,P006,Office Chair (Ergonomic),Home & Kitchen,183,C004,8500,6
O00575,2014,11,30,pre_covid,P012,Festive Sarees,Fashion,1601,C014,6000,12
O04945,2014,12,1,pre_covid,P013,Hand Sanitizer (Bulk Pack),Groceries & Hygiene,556,C012,1200,2
O05150,2014,12,1,pre_covid,P013,Hand Sanitizer (Bulk Pack),Groceries & Hygiene,482,C015,1200,6
O05502,2014,12,1,pre_covid,P007,Treadmill,Gym Equipment,70,C010,42000,2
O07371,2014,12,1,pre_covid,P001,Laptop,Electronics,22,C012,55000,2
O01494,2014,12,2,pre_covid,P010,Men's Formal Shirts,Fashion,2577,C005,1800,15
O02779,2014,12,2,pre_covid,P014,Packaged Grocery Staples,Groceries & Hygiene,2849,C015,800,6
O05504,2014,12,2,pre_covid,P003,Smartphone,Electronics,380,C001,22000,2
O05913,2014,12,2,pre_covid,P003,Smartphone,Electronics,328,C014,22000,3
O03281,2014,12,3,pre_covid,P010,Men's Formal Shirts,Fashion,1592,C004,1800,19
O05113,2014,12,3,pre_covid,P007,Treadmill,Gym Equipment,35,C009,42000,1
O06778,2014,12,3,pre_covid,P010,Men's Formal Shirts,Fashion,1433,C009,1800,6
O00263,2014,12,4,pre_covid,P014,Packaged Grocery Staples,Groceries & Hygiene,2885,C020,800,4
O04107,2014,12,4,pre_covid,P003,Smartphone,Electronics,365,C004,22000,3
O01508,2014,12,5,pre_covid,P003,Smartphone,Electronics,101,C009,22000,2
O04520,2014,12,5,pre_covid,P012,Festive Sarees,Fashion,899,C005,6000,7
O05743,2014,12,5,pre_covid,P002,Webcam & Headset Combo,Electronics,440,C016,4500,6
O06095,2014,12,5,pre_covid,P003,Smartphone,Electronics,286,C010,22000,7
O01193,2014,12,6,pre_covid,P015,Drawing Tablet (EdTech),Stationery & EdTech,72,C009,7500,4
O06424,2014,12,6,pre_covid,P001,Laptop,Electronics,92,C016,55000,4
O01229,2014,12,7,pre_covid,P011,Casual Loungewear Set,Fashion,2899,C017,1200,1
O05028,2014,12,8,pre_covid,P015,Drawing Tablet (EdTech),Stationery & EdTech,37,C017,7500,6
O01436,2014,12,9,pre_covid,P009,Yoga Mat,Gym Equipment,1122,C004,1500,6
O03632,2014,12,10,pre_covid,P003,Smartphone,Electronics,78,C013,22000,8
O07224,2014,12,10,pre_covid,P001,Laptop,Electronics,45,C010,55000,7
O06336,2014,12,12,pre_covid,P015,Drawing Tablet (EdTech),Stationery & EdTech,286,C016,7500,4
O01010,2014,12,13,pre_covid,P010,Men's Formal Shirts,Fashion,2753,C014,1800,12
O01832,2014,12,13,pre_covid,P005,Microwave Oven,Home & Kitchen,90,C002,9000,2
O04869,2014,12,13,pre_covid,P010,Men's Formal Shirts,Fashion,844,C006,1800,8
O06278,2014,12,13,pre_covid,P008,Resistance Bands & Dumbbell Set,Gym Equipment,969,C004,3500,5
O03891,2014,12,14,pre_covid,P010,Men's Formal Shirts,Fashion,1298,C007,1800,20
O07079,2014,12,14,pre_covid,P010,Men's Formal Shirts,Fashion,1285,C014,1800,15
O01959,2014,12,15,pre_covid,P004,Air Purifier,Home & Kitchen,89,C002,12000,3
O03840,2014,12,15,pre_covid,P003,Smartphone,Electronics,398,C017,22000,4
O04576,2014,12,15,pre_covid,P010,Men's Formal Shirts,Fashion,1008,C008,1800,6
O01176,2014,12,16,pre_covid,P012,Festive Sarees,Fashion,1328,C007,6000,10
O05252,2014,12,17,pre_covid,P012,Festive Sarees,Fashion,434,C020,6000,13
O00751,2014,12,18,pre_covid,P002,Webcam & Headset Combo,Electronics,600,C007,4500,20
O02928,2014,12,18,pre_covid,P003,Smartphone,Electronics,243,C003,22000,8
O01644,2014,12,19,pre_covid,P002,Webcam & Headset Combo,Electronics,368,C005,4500,15
O05475,2014,12,19,pre_covid,P004,Air Purifier,Home & Kitchen,111,C007,12000,6
O06258,2014,12,19,pre_covid,P012,Festive Sarees,Fashion,1159,C006,6000,6
O00397,2014,12,20,pre_covid,P010,Men's Formal Shirts,Fashion,2860,C009,1800,6
O01101,2014,12,20,pre_covid,P005,Microwave Oven,Home & Kitchen,195,C011,9000,2
O00621,2014,12,21,pre_covid,P012,Festive Sarees,Fashion,1564,C018,6000,19
O04365,2014,12,21,pre_covid,P004,Air Purifier,Home & Kitchen,64,C007,12000,4
O04774,2014,12,21,pre_covid,P005,Microwave Oven,Home & Kitchen,159,C016,9000,5
O05588,2014,12,21,pre_covid,P007,Treadmill,Gym Equipment,58,C003,42000,1
O05985,2014,12,21,pre_covid,P002,Webcam & Headset Combo,Electronics,188,C018,4500,15
O00570,2014,12,22,pre_covid,P003,Smartphone,Electronics,303,C005,22000,4
O02461,2014,12,22,pre_covid,P010,Men's Formal Shirts,Fashion,2011,C014,1800,12
O04373,2014,12,22,pre_covid,P005,Microwave Oven,Home & Kitchen,137,C014,9000,6
O06727,2014,12,22,pre_covid,P010,Men's Formal Shirts,Fashion,1492,C008,1800,9
O03428,2014,12,23,pre_covid,P012,Festive Sarees,Fashion,1356,C012,6000,18
O03945,2014,12,24,pre_covid,P005,Microwave Oven,Home & Kitchen,116,C008,9000,5
O04306,2014,12,24,pre_covid,P012,Festive Sarees,Fashion,985,C018,6000,13
O04600,2014,12,24,pre_covid,P002,Webcam & Headset Combo,Electronics,363,C015,4500,17
O05971,2014,12,24,pre_covid,P003,Smartphone,Electronics,322,C002,22000,4
O07616,2014,12,24,pre_covid,P005,Microwave Oven,Home & Kitchen,94,C015,9000,2
O05415,2014,12,25,pre_covid,P001,Laptop,Electronics,65,C020,55000,4
O01105,2014,12,26,pre_covid,P005,Microwave Oven,Home & Kitchen,193,C014,9000,3
O01756,2014,12,26,pre_covid,P008,Resistance Bands & Dumbbell Set,Gym Equipment,1260,C010,3500,4
O07050,2014,12,26,pre_covid,P006,Office Chair (Ergonomic),Home & Kitchen,174,C013,8500,5
O07942,2014,12,26,pre_covid,P008,Resistance Bands & Dumbbell Set,Gym Equipment,371,C018,3500,2
O03410,2014,12,27,pre_covid,P002,Webcam & Headset Combo,Electronics,234,C016,4500,16
O04655,2014,12,28,pre_covid,P002,Webcam & Headset Combo,Electronics,328,C004,4500,17
O05799,2014,12,28,pre_covid,P009,Yoga Mat,Gym Equipment,264,C004,1500,6
O04495,2014,12,29,pre_covid,P014,Packaged Grocery Staples,Groceries & Hygiene,2638,C018,800,3
O04681,2014,12,29,pre_covid,P013,Hand Sanitizer (Bulk Pack),Groceries & Hygiene,720,C005,1200,4
O05353,2014,12,29,pre_covid,P009,Yoga Mat,Gym Equipment,688,C016,1500,1
O01243,2014,12,30,pre_covid,P012,Festive Sarees,Fashion,1275,C006,6000,16
O05392,2014,12,30,pre_covid,P007,Treadmill,Gym Equipment,12,C004,42000,1
O07559,2014,12,30,pre_covid,P015,Drawing Tablet (EdTech),Stationery & EdTech,179,C004,7500,5
O01860,2014,12,31,pre_covid,P010,Men's Formal Shirts,Fashion,2336,C003,1800,14
O05197,2015,1,1,pre_covid,P014,Packaged Grocery Staples,Groceries & Hygiene,2329,C011,824,3
O07157,2015,1,2,pre_covid,P008,Resistance Bands & Dumbbell Set,Gym Equipment,1195,C016,3605,15
O01489,2015,1,3,pre_covid,P009,Yoga Mat,Gym Equipment,1081,C005,1545,10
O04283,2015,1,3,pre_covid,P006,Office Chair (Ergonomic),Home & Kitchen,94,C013,8755,2
O05055,2015,1,3,pre_covid,P002,Webcam & Headset Combo,Electronics,528,C002,4635,3
O07524,2015,1,3,pre_covid,P005,Microwave Oven,Home & Kitchen,221,C017,9270,2
O01891,2015,1,4,pre_covid,P008,Resistance Bands & Dumbbell Set,Gym Equipment,1179,C018,3605,20
O03770,2015,1,4,pre_covid,P007,Treadmill,Gym Equipment,25,C012,43260,3
O06083,2015,1,4,pre_covid,P009,Yoga Mat,Gym Equipment,1434,C017,1545,16
O00431,2015,1,5,pre_covid,P006,Office Chair (Ergonomic),Home & Kitchen,84,C008,8755,6
O07203,2015,1,5,pre_covid,P002,Webcam & Headset Combo,Electronics,371,C015,4635,3
O07420,2015,1,5,pre_covid,P009,Yoga Mat,Gym Equipment,185,C013,1545,15
O01958,2015,1,6,pre_covid,P015,Drawing Tablet (EdTech),Stationery & EdTech,298,C012,7725,1
O03450,2015,1,6,pre_covid,P008,Resistance Bands & Dumbbell Set,Gym Equipment,937,C013,3605,13
O04699,2015,1,6,pre_covid,P011,Casual Loungewear Set,Fashion,1702,C006,1236,5
O04994,2015,1,6,pre_covid,P009,Yoga Mat,Gym Equipment,995,C002,1545,19
O05246,2015,1,6,pre_covid,P005,Microwave Oven,Home & Kitchen,99,C009,9270,2
O06005,2015,1,7,pre_covid,P008,Resistance Bands & Dumbbell Set,Gym Equipment,1105,C011,3605,6
O00053,2015,1,8,pre_covid,P013,Hand Sanitizer (Bulk Pack),Groceries & Hygiene,1170,C008,1236,6
O06837,2015,1,8,pre_covid,P002,Webcam & Headset Combo,Electronics,124,C016,4635,1
O00476,2015,1,9,pre_covid,P015,Drawing Tablet (EdTech),Stationery & EdTech,198,C003,7725,1
O05575,2015,1,9,pre_covid,P006,Office Chair (Ergonomic),Home & Kitchen,158,C020,8755,2
O01544,2015,1,10,pre_covid,P006,Office Chair (Ergonomic),Home & Kitchen,86,C001,8755,6
O03695,2015,1,10,pre_covid,P009,Yoga Mat,Gym Equipment,859,C017,1545,9
O04131,2015,1,10,pre_covid,P002,Webcam & Headset Combo,Electronics,330,C013,4635,1
O07308,2015,1,10,pre_covid,P009,Yoga Mat,Gym Equipment,290,C008,1545,11
O01475,2015,1,11,pre_covid,P015,Drawing Tablet (EdTech),Stationery & EdTech,197,C018,7725,6
O03712,2015,1,11,pre_covid,P007,Treadmill,Gym Equipment,52,C019,43260,2
O04164,2015,1,11,pre_covid,P007,Treadmill,Gym Equipment,53,C004,43260,8
O07369,2015,1,11,pre_covid,P008,Resistance Bands & Dumbbell Set,Gym Equipment,1040,C014,3605,12
O03126,2015,1,12,pre_covid,P001,Laptop,Electronics,74,C016,56650,1
O00131,2015,1,13,pre_covid,P004,Air Purifier,Home & Kitchen,245,C005,12360,1
O03878,2015,1,13,pre_covid,P008,Resistance Bands & Dumbbell Set,Gym Equipment,553,C008,3605,9
O03899,2015,1,13,pre_covid,P007,Treadmill,Gym Equipment,59,C005,43260,5
O07693,2015,1,13,pre_covid,P001,Laptop,Electronics,63,C015,56650,1
O07808,2015,1,13,pre_covid,P010,Men's Formal Shirts,Fashion,844,C013,1854,6
O06217,2015,1,14,pre_covid,P013,Hand Sanitizer (Bulk Pack),Groceries & Hygiene,1261,C011,1236,3
O06364,2015,1,14,pre_covid,P004,Air Purifier,Home & Kitchen,203,C017,12360,6
O02037,2015,1,15,pre_covid,P003,Smartphone,Electronics,371,C007,22660,6
O05667,2015,1,15,pre_covid,P002,Webcam & Headset Combo,Electronics,486,C005,4635,6
O06316,2015,1,15,pre_covid,P004,Air Purifier,Home & Kitchen,216,C001,12360,4
O03247,2015,1,16,pre_covid,P006,Office Chair (Ergonomic),Home & Kitchen,123,C019,8755,5
O03800,2015,1,16,pre_covid,P004,Air Purifier,Home & Kitchen,202,C020,12360,4
O01077,2015,1,17,pre_covid,P013,Hand Sanitizer (Bulk Pack),Groceries & Hygiene,575,C014,1236,2
O05597,2015,1,18,pre_covid,P007,Treadmill,Gym Equipment,54,C001,43260,2
O00817,2015,1,19,pre_covid,P007,Treadmill,Gym Equipment,69,C006,43260,8
O03533,2015,1,19,pre_covid,P002,Webcam & Headset Combo,Electronics,162,C002,4635,4
O03823,2015,1,19,pre_covid,P009,Yoga Mat,Gym Equipment,714,C002,1545,15
O04599,2015,1,19,pre_covid,P001,Laptop,Electronics,69,C005,56650,3
O04986,2015,1,19,pre_covid,P002,Webcam & Headset Combo,Electronics,79,C003,4635,6
O06930,2015,1,19,pre_covid,P013,Hand Sanitizer (Bulk Pack),Groceries & Hygiene,580,C003,1236,4
O01551,2015,1,20,pre_covid,P007,Treadmill,Gym Equipment,79,C015,43260,8
O04308,2015,1,20,pre_covid,P014,Packaged Grocery Staples,Groceries & Hygiene,2672,C011,824,3
O02926,2015,1,21,pre_covid,P008,Resistance Bands & Dumbbell Set,Gym Equipment,179,C016,3605,20
O04035,2015,1,21,pre_covid,P008,Resistance Bands & Dumbbell Set,Gym Equipment,412,C012,3605,5
O05044,2015,1,21,pre_covid,P007,Treadmill,Gym Equipment,53,C003,43260,7
O00483,2015,1,22,pre_covid,P002,Webcam & Headset Combo,Electronics,266,C009,4635,3
O01762,2015,1,22,pre_covid,P008,Resistance Bands & Dumbbell Set,Gym Equipment,1256,C018,3605,19
O03356,2015,1,22,pre_covid,P013,Hand Sanitizer (Bulk Pack),Groceries & Hygiene,229,C011,1236,2
O06382,2015,1,23,pre_covid,P003,Smartphone,Electronics,206,C001,22660,6
O07444,2015,1,24,pre_covid,P011,Casual Loungewear Set,Fashion,451,C010,1236,3
O05491,2015,1,26,pre_covid,P004,Air Purifier,Home & Kitchen,105,C015,12360,1
O07490,2015,1,26,pre_covid,P006,Office Chair (Ergonomic),Home & Kitchen,121,C007,8755,5
O07780,2015,1,26,pre_covid,P013,Hand Sanitizer (Bulk Pack),Groceries & Hygiene,1673,C014,1236,4
O00023,2015,1,27,pre_covid,P008,Resistance Bands & Dumbbell Set,Gym Equipment,1044,C003,3605,18
O02327,2015,1,27,pre_covid,P004,Air Purifier,Home & Kitchen,279,C018,12360,3
O04546,2015,1,28,pre_covid,P008,Resistance Bands & Dumbbell Set,Gym Equipment,129,C004,3605,10
O06842,2015,1,28,pre_covid,P009,Yoga Mat,Gym Equipment,743,C016,1545,19
O06954,2015,1,28,pre_covid,P002,Webcam & Headset Combo,Electronics,108,C009,4635,6
O00670,2015,1,29,pre_covid,P003,Smartphone,Electronics,249,C013,22660,7
O02630,2015,1,29,pre_covid,P007,Treadmill,Gym Equipment,26,C003,43260,4
O02833,2015,1,29,pre_covid,P008,Resistance Bands & Dumbbell Set,Gym Equipment,284,C016,3605,14
O03017,2015,1,31,pre_covid,P010,Men's Formal Shirts,Fashion,1714,C012,1854,6
O05242,2015,1,31,pre_covid,P009,Yoga Mat,Gym Equipment,819,C016,1545,19
O06527,2015,1,31,pre_covid,P012,Festive Sarees,Fashion,991,C012,6180,4
O04619,2015,2,1,pre_covid,P005,Microwave Oven,Home & Kitchen,299,C017,9270,6
O06359,2015,2,1,pre_covid,P014,Packaged Grocery Staples,Groceries & Hygiene,1815,C016,824,5
O06536,2015,2,1,pre_covid,P006,Office Chair (Ergonomic),Home & Kitchen,162,C001,8755,4
O00269,2015,2,2,pre_covid,P007,Treadmill,Gym Equipment,9,C012,43260,3
O03979,2015,2,2,pre_covid,P001,Laptop,Electronics,140,C020,56650,2
O04621,2015,2,2,pre_covid,P006,Office Chair (Ergonomic),Home & Kitchen,188,C005,8755,2
O03620,2015,2,3,pre_covid,P002,Webcam & Headset Combo,Electronics,64,C012,4635,2
O04954,2015,2,3,pre_covid,P012,Festive Sarees,Fashion,622,C016,6180,17
O05641,2015,2,3,pre_covid,P005,Microwave Oven,Home & Kitchen,65,C015,9270,5
O00889,2015,2,4,pre_covid,P008,Resistance Bands & Dumbbell Set,Gym Equipment,642,C008,3605,4
O01054,2015,2,4,pre_covid,P012,Festive Sarees,Fashion,1387,C014,6180,11
O02713,2015,2,4,pre_covid,P001,Laptop,Electronics,52,C015,56650,2
O05659,2015,2,4,pre_covid,P007,Treadmill,Gym Equipment,48,C007,43260,2
O06253,2015,2,4,pre_covid,P002,Webcam & Headset Combo,Electronics,529,C011,4635,6
O06362,2015,2,5,pre_covid,P012,Festive Sarees,Fashion,1133,C013,6180,9
O01533,2015,2,6,pre_covid,P004,Air Purifier,Home & Kitchen,243,C010,12360,1
O01608,2015,2,6,pre_covid,P010,Men's Formal Shirts,Fashion,2488,C016,1854,5
O05621,2015,2,6,pre_covid,P013,Hand Sanitizer (Bulk Pack),Groceries & Hygiene,1978,C002,1236,4
O07847,2015,2,6,pre_covid,P008,Resistance Bands & Dumbbell Set,Gym Equipment,443,C014,3605,2
O00495,2015,2,7,pre_covid,P001,Laptop,Electronics,64,C012,56650,1
O01161,2015,2,7,pre_covid,P002,Webcam & Headset Combo,Electronics,325,C015,4635,1
O01250,2015,2,7,pre_covid,P010,Men's Formal Shirts,Fashion,2686,C006,1854,17
O01342,2015,2,7,pre_covid,P013,Hand Sanitizer (Bulk Pack),Groceries & Hygiene,311,C004,1236,3
O04972,2015,2,7,pre_covid,P012,Festive Sarees,Fashion,602,C015,6180,9
O04865,2015,2,8,pre_covid,P001,Laptop,Electronics,106,C004,56650,3
O07678,2015,2,8,pre_covid,P002,Webcam & Headset Combo,Electronics,447,C012,4635,5
O02090,2015,2,9,pre_covid,P004,Air Purifier,Home & Kitchen,49,C012,12360,1
O03013,2015,2,10,pre_covid,P012,Festive Sarees,Fashion,215,C007,6180,18
O03910,2015,2,10,pre_covid,P014,Packaged Grocery Staples,Groceries & Hygiene,2369,C013,824,2
O04353,2015,2,10,pre_covid,P003,Smartphone,Electronics,295,C003,22660,3
O04679,2015,2,10,pre_covid,P012,Festive Sarees,Fashion,821,C008,6180,10
O05411,2015,2,10,pre_covid,P010,Men's Formal Shirts,Fashion,499,C016,1854,10
O06880,2015,2,10,pre_covid,P004,Air Purifier,Home & Kitchen,114,C014,12360,5
O07842,2015,2,10,pre_covid,P004,Air Purifier,Home & Kitchen,201,C007,12360,3
O00811,2015,2,11,pre_covid,P009,Yoga Mat,Gym Equipment,1709,C004,1545,2
O05720,2015,2,11,pre_covid,P009,Yoga Mat,Gym Equipment,298,C007,1545,3
O07415,2015,2,11,pre_covid,P007,Treadmill,Gym Equipment,7,C006,43260,1
O00898,2015,2,12,pre_covid,P002,Webcam & Headset Combo,Electronics,463,C012,4635,4
O04982,2015,2,12,pre_covid,P009,Yoga Mat,Gym Equipment,999,C007,1545,4
O04881,2015,2,13,pre_covid,P008,Resistance Bands & Dumbbell Set,Gym Equipment,1079,C015,3605,1
O01022,2015,2,14,pre_covid,P013,Hand Sanitizer (Bulk Pack),Groceries & Hygiene,631,C018,1236,4
O01279,2015,2,14,pre_covid,P015,Drawing Tablet (EdTech),Stationery & EdTech,286,C003,7725,2
O02846,2015,2,14,pre_covid,P002,Webcam & Headset Combo,Electronics,307,C009,4635,3
O03167,2015,2,14,pre_covid,P003,Smartphone,Electronics,178,C019,22660,3
O05979,2015,2,14,pre_covid,P014,Packaged Grocery Staples,Groceries & Hygiene,1995,C001,824,4
O07417,2015,2,15,pre_covid,P008,Resistance Bands & Dumbbell Set,Gym Equipment,997,C010,3605,6
O01621,2015,2,16,pre_covid,P009,Yoga Mat,Gym Equipment,967,C001,1545,5
O02950,2015,2,16,pre_covid,P012,Festive Sarees,Fashion,251,C012,6180,19
O03758,2015,2,16,pre_covid,P004,Air Purifier,Home & Kitchen,237,C009,12360,6
O04092,2015,2,16,pre_covid,P014,Packaged Grocery Staples,Groceries & Hygiene,2337,C016,824,1
O01267,2015,2,17,pre_covid,P013,Hand Sanitizer (Bulk Pack),Groceries & Hygiene,394,C011,1236,2
O02237,2015,2,17,pre_covid,P012,Festive Sarees,Fashion,664,C015,6180,12
O07966,2015,2,17,pre_covid,P015,Drawing Tablet (EdTech),Stationery & EdTech,205,C005,7725,1
O05516,2015,2,18,pre_covid,P011,Casual Loungewear Set,Fashion,1150,C005,1236,3
O07772,2015,2,20,pre_covid,P010,Men's Formal Shirts,Fashion,883,C009,1854,14
O00409,2015,2,21,pre_covid,P009,Yoga Mat,Gym Equipment,2288,C016,1545,3
O04205,2015,2,22,pre_covid,P010,Men's Formal Shirts,Fashion,1182,C020,1854,12
O04778,2015,2,23,pre_covid,P009,Yoga Mat,Gym Equipment,1179,C018,1545,3
O05093,2015,2,23,pre_covid,P009,Yoga Mat,Gym Equipment,931,C012,1545,1
O06151,2015,2,23,pre_covid,P014,Packaged Grocery Staples,Groceries & Hygiene,1918,C019,824,2
O00069,2015,2,24,pre_covid,P003,Smartphone,Electronics,394,C006,22660,3
O00750,2015,2,24,pre_covid,P012,Festive Sarees,Fashion,1487,C020,6180,9
O01199,2015,2,24,pre_covid,P001,Laptop,Electronics,88,C017,56650,3
O01594,2015,2,24,pre_covid,P015,Drawing Tablet (EdTech),Stationery & EdTech,90,C015,7725,2
O03384,2015,2,24,pre_covid,P010,Men's Formal Shirts,Fashion,1554,C005,1854,11
O07800,2015,2,24,pre_covid,P010,Men's Formal Shirts,Fashion,853,C006,1854,9
O01857,2015,2,25,pre_covid,P014,Packaged Grocery Staples,Groceries & Hygiene,3118,C007,824,5
O06619,2015,2,25,pre_covid,P006,Office Chair (Ergonomic),Home & Kitchen,95,C020,8755,1
O07351,2015,2,25,pre_covid,P003,Smartphone,Electronics,337,C004,22660,1
O05707,2015,2,27,pre_covid,P001,Laptop,Electronics,83,C015,56650,1
O07046,2015,2,27,pre_covid,P010,Men's Formal Shirts,Fashion,1326,C014,1854,20
O07687,2015,2,27,pre_covid,P007,Treadmill,Gym Equipment,70,C013,43260,1
O00680,2015,2,28,pre_covid,P009,Yoga Mat,Gym Equipment,1976,C009,1545,5
O02522,2015,2,28,pre_covid,P014,Packaged Grocery Staples,Groceries & Hygiene,2925,C011,824,1
O03947,2015,2,28,pre_covid,P010,Men's Formal Shirts,Fashion,1262,C001,1854,11
O05648,2015,2,28,pre_covid,P012,Festive Sarees,Fashion,192,C018,6180,18
O06295,2015,2,28,pre_covid,P005,Microwave Oven,Home & Kitchen,281,C015,9270,6
O03139,2015,3,1,pre_covid,P009,Yoga Mat,Gym Equipment,1104,C001,1545,3
O06051,2015,3,1,pre_covid,P013,Hand Sanitizer (Bulk Pack),Groceries & Hygiene,1376,C007,1236,2
O07404,2015,3,1,pre_covid,P003,Smartphone,Electronics,324,C013,22660,1
O03087,2015,3,2,pre_covid,P013,Hand Sanitizer (Bulk Pack),Groceries & Hygiene,451,C013,1236,3
O04372,2015,3,2,pre_covid,P002,Webcam & Headset Combo,Electronics,529,C017,4635,6
O05614,2015,3,2,pre_covid,P010,Men's Formal Shirts,Fashion,398,C005,1854,10
O07269,2015,3,2,pre_covid,P011,Casual Loungewear Set,Fashion,499,C015,1236,2
O01302,2015,3,3,pre_covid,P007,Treadmill,Gym Equipment,3,C011,43260,3
O07591,2015,3,3,pre_covid,P015,Drawing Tablet (EdTech),Stationery & EdTech,121,C009,7725,5
O04689,2015,3,4,pre_covid,P001,Laptop,Electronics,150,C011,56650,3
O05869,2015,3,4,pre_covid,P012,Festive Sarees,Fashion,1464,C006,6180,11
O01898,2015,3,5,pre_covid,P007,Treadmill,Gym Equipment,57,C017,43260,3
O07781,2015,3,5,pre_covid,P005,Microwave Oven,Home & Kitchen,254,C005,9270,4
O01443,2015,3,6,pre_covid,P005,Microwave Oven,Home & Kitchen,319,C020,9270,2
O05545,2015,3,6,pre_covid,P011,Casual Loungewear Set,Fashion,1143,C007,1236,1
O01870,2015,3,8,pre_covid,P012,Festive Sarees,Fashion,902,C002,6180,11
O04863,2015,3,8,pre_covid,P002,Webcam & Headset Combo,Electronics,102,C014,4635,3
O06042,2015,3,8,pre_covid,P007,Treadmill,Gym Equipment,41,C011,43260,2
O06517,2015,3,8,pre_covid,P013,Hand Sanitizer (Bulk Pack),Groceries & Hygiene,942,C003,1236,5
O07166,2015,3,8,pre_covid,P009,Yoga Mat,Gym Equipment,421,C016,1545,1
O05019,2015,3,9,pre_covid,P006,Office Chair (Ergonomic),Home & Kitchen,200,C017,8755,6
O06848,2015,3,9,pre_covid,P010,Men's Formal Shirts,Fashion,1402,C018,1854,8
O02038,2015,3,10,pre_covid,P011,Casual Loungewear Set,Fashion,3064,C019,1236,4
O01847,2015,3,11,pre_covid,P008,Resistance Bands & Dumbbell Set,Gym Equipment,1188,C002,3605,4
O02725,2015,3,11,pre_covid,P001,Laptop,Electronics,46,C013,56650,3
O03467,2015,3,11,pre_covid,P012,Festive Sarees,Fashion,1277,C002,6180,9
O01254,2015,3,12,pre_covid,P002,Webcam & Headset Combo,Electronics,203,C003,4635,3
O04948,2015,3,12,pre_covid,P004,Air Purifier,Home & Kitchen,183,C004,12360,1
O05494,2015,3,14,pre_covid,P001,Laptop,Electronics,31,C016,56650,2
O07225,2015,3,14,pre_covid,P014,Packaged Grocery Staples,Groceries & Hygiene,1437,C001,824,5
O07828,2015,3,15,pre_covid,P009,Yoga Mat,Gym Equipment,1258,C015,1545,4
O06150,2015,3,16,pre_covid,P009,Yoga Mat,Gym Equipment,1346,C017,1545,6
O07380,2015,3,16,pre_covid,P015,Drawing Tablet (EdTech),Stationery & EdTech,297,C005,7725,4
O04706,2015,3,17,pre_covid,P010,Men's Formal Shirts,Fashion,963,C013,1854,19
O05219,2015,3,17,pre_covid,P004,Air Purifier,Home & Kitchen,150,C008,12360,4
O06500,2015,3,17,pre_covid,P009,Yoga Mat,Gym Equipment,1008,C003,1545,6
O07615,2015,3,17,pre_covid,P012,Festive Sarees,Fashion,288,C001,6180,6
O07924,2015,3,17,pre_covid,P005,Microwave Oven,Home & Kitchen,199,C013,9270,1
O05623,2015,3,18,pre_covid,P013,Hand Sanitizer (Bulk Pack),Groceries & Hygiene,1968,C013,1236,6
O05583,2015,3,19,pre_covid,P009,Yoga Mat,Gym Equipment,469,C001,1545,1
O07825,2015,3,19,pre_covid,P002,Webcam & Headset Combo,Electronics,339,C009,4635,5
O02032,2015,3,20,pre_covid,P007,Treadmill,Gym Equipment,18,C007,43260,1
O04580,2015,3,20,pre_covid,P005,Microwave Oven,Home & Kitchen,300,C001,9270,1
O05432,2015,3,20,pre_covid,P015,Drawing Tablet (EdTech),Stationery & EdTech,70,C012,7725,6
O00683,2015,3,21,pre_covid,P010,Men's Formal Shirts,Fashion,2980,C015,1854,18
O04252,2015,3,21,pre_covid,P003,Smartphone,Electronics,312,C020,22660,3
O04272,2015,3,21,pre_covid,P008,Resistance Bands & Dumbbell Set,Gym Equipment,271,C010,3605,5
O05091,2015,3,21,pre_covid,P003,Smartphone,Electronics,116,C011,22660,1
O06067,2015,3,21,pre_covid,P013,Hand Sanitizer (Bulk Pack),Groceries & Hygiene,1370,C018,1236,1
O07701,2015,3,22,pre_covid,P014,Packaged Grocery Staples,Groceries & Hygiene,1130,C007,824,3
O03786,2015,3,23,pre_covid,P015,Drawing Tablet (EdTech),Stationery & EdTech,225,C013,7725,5
O04103,2015,3,23,pre_covid,P007,Treadmill,Gym Equipment,61,C015,43260,3
O04554,2015,3,23,pre_covid,P008,Resistance Bands & Dumbbell Set,Gym Equipment,119,C004,3605,4
O01571,2015,3,24,pre_covid,P013,Hand Sanitizer (Bulk Pack),Groceries & Hygiene,189,C004,1236,1
O02279,2015,3,24,pre_covid,P011,Casual Loungewear Set,Fashion,3034,C002,1236,2
O02573,2015,3,25,pre_covid,P006,Office Chair (Ergonomic),Home & Kitchen,112,C019,8755,1
O07136,2015,3,25,pre_covid,P009,Yoga Mat,Gym Equipment,450,C020,1545,3
O02400,2015,3,26,pre_covid,P005,Microwave Oven,Home & Kitchen,274,C011,9270,6
O02690,2015,3,26,pre_covid,P014,Packaged Grocery Staples,Groceries & Hygiene,2855,C014,824,1
O04431,2015,3,26,pre_covid,P003,Smartphone,Electronics,281,C017,22660,1
O04559,2015,3,26,pre_covid,P008,Resistance Bands & Dumbbell Set,Gym Equipment,115,C013,3605,5
O02607,2015,3,27,pre_covid,P009,Yoga Mat,Gym Equipment,1485,C010,1545,2
O05104,2015,3,27,pre_covid,P015,Drawing Tablet (EdTech),Stationery & EdTech,252,C004,7725,6
O05368,2015,3,27,pre_covid,P011,Casual Loungewear Set,Fashion,1161,C006,1236,4
O06510,2015,3,27,pre_covid,P014,Packaged Grocery Staples,Groceries & Hygiene,1751,C001,824,2
O06889,2015,3,27,pre_covid,P001,Laptop,Electronics,120,C015,56650,1
O07259,2015,3,27,pre_covid,P008,Resistance Bands & Dumbbell Set,Gym Equipment,1064,C012,3605,1
O07939,2015,3,27,pre_covid,P010,Men's Formal Shirts,Fashion,767,C010,1854,17
O02589,2015,3,28,pre_covid,P013,Hand Sanitizer (Bulk Pack),Groceries & Hygiene,915,C017,1236,5
O01560,2015,3,29,pre_covid,P004,Air Purifier,Home & Kitchen,233,C003,12360,6
O06383,2015,3,29,pre_covid,P002,Webcam & Headset Combo,Electronics,407,C012,4635,4
O03901,2015,3,30,pre_covid,P003,Smartphone,Electronics,394,C011,22660,1
O05665,2015,3,31,pre_covid,P005,Microwave Oven,Home & Kitchen,48,C006,9270,1
O07078,2015,3,31,pre_covid,P006,Office Chair (Ergonomic),Home & Kitchen,169,C005,8755,1
O07271,2015,3,31,pre_covid,P012,Festive Sarees,Fashion,593,C005,6180,15
O07681,2015,3,31,pre_covid,P001,Laptop,Electronics,67,C007,56650,1
O00075,2015,4,1,pre_covid,P010,Men's Formal Shirts,Fashion,2056,C017,1854,6
O00087,2015,4,2,pre_covid,P015,Drawing Tablet (EdTech),Stationery & EdTech,232,C011,7725,3
O01334,2015,4,2,pre_covid,P006,Office Chair (Ergonomic),Home & Kitchen,138,C007,8755,1
O03233,2015,4,2,pre_covid,P002,Webcam & Headset Combo,Electronics,483,C018,4635,6
O04118,2015,4,2,pre_covid,P003,Smartphone,Electronics,356,C012,22660,3
O05057,2015,4,2,pre_covid,P008,Resistance Bands & Dumbbell Set,Gym Equipment,794,C016,3605,5
O02992,2015,4,4,pre_covid,P015,Drawing Tablet (EdTech),Stationery & EdTech,249,C006,7725,6
O05521,2015,4,4,pre_covid,P008,Resistance Bands & Dumbbell Set,Gym Equipment,317,C020,3605,5
O06594,2015,4,5,pre_covid,P001,Laptop,Electronics,38,C006,56650,2
O00388,2015,4,6,pre_covid,P002,Webcam & Headset Combo,Electronics,382,C010,4635,4
O01483,2015,4,6,pre_covid,P003,Smartphone,Electronics,109,C001,22660,2
O04360,2015,4,6,pre_covid,P001,Laptop,Electronics,33,C020,56650,3
O05333,2015,4,6,pre_covid,P006,Office Chair (Ergonomic),Home & Kitchen,75,C004,8755,1
O05995,2015,4,6,pre_covid,P003,Smartphone,Electronics,309,C018,22660,3
O00584,2015,4,7,pre_covid,P005,Microwave Oven,Home & Kitchen,278,C012,9270,6
O06650,2015,4,7,pre_covid,P004,Air Purifier,Home & Kitchen,154,C007,12360,4
O01970,2015,4,8,pre_covid,P006,Office Chair (Ergonomic),Home & Kitchen,96,C003,8755,4
O02987,2015,4,8,pre_covid,P008,Resistance Bands & Dumbbell Set,Gym Equipment,130,C012,3605,2
O05008,2015,4,8,pre_covid,P011,Casual Loungewear Set,Fashion,1540,C014,1236,6
O00041,2015,4,9,pre_covid,P012,Festive Sarees,Fashion,1659,C012,6180,3
O00151,2015,4,9,pre_covid,P015,Drawing Tablet (EdTech),Stationery & EdTech,156,C009,7725,6
O04844,2015,4,9,pre_covid,P012,Festive Sarees,Fashion,669,C004,6180,5
O06995,2015,4,9,pre_covid,P014,Packaged Grocery Staples,Groceries & Hygiene,1465,C009,824,4
O04547,2015,4,10,pre_covid,P001,Laptop,Electronics,91,C002,56650,3
O05541,2015,4,10,pre_covid,P004,Air Purifier,Home & Kitchen,95,C013,12360,2
O02776,2015,4,11,pre_covid,P008,Resistance Bands & Dumbbell Set,Gym Equipment,353,C015,3605,2
O06393,2015,4,11,pre_covid,P013,Hand Sanitizer (Bulk Pack),Groceries & Hygiene,1058,C011,1236,5
O07533,2015,4,11,pre_covid,P006,Office Chair (Ergonomic),Home & Kitchen,111,C013,8755,5
O00122,2015,4,12,pre_covid,P010,Men's Formal Shirts,Fashion,2344,C011,1854,5
O01984,2015,4,12,pre_covid,P011,Casual Loungewear Set,Fashion,3086,C020,1236,1
O02723,2015,4,12,pre_covid,P004,Air Purifier,Home & Kitchen,189,C007,12360,4
O07054,2015,4,12,pre_covid,P010,Men's Formal Shirts,Fashion,1291,C005,1854,6
O02892,2015,4,13,pre_covid,P007,Treadmill,Gym Equipment,39,C006,43260,1
O01777,2015,4,14,pre_covid,P002,Webcam & Headset Combo,Electronics,184,C002,4635,6
O04888,2015,4,14,pre_covid,P009,Yoga Mat,Gym Equipment,1101,C019,1545,1
O06198,2015,4,14,pre_covid,P002,Webcam & Headset Combo,Electronics,550,C012,4635,6
O02291,2015,4,15,pre_covid,P011,Casual Loungewear Set,Fashion,3032,C011,1236,4
O05531,2015,4,16,pre_covid,P012,Festive Sarees,Fashion,243,C006,6180,2
O03445,2015,4,17,pre_covid,P012,Festive Sarees,Fashion,1302,C003,6180,5
O04539,2015,4,17,pre_covid,P002,Webcam & Headset Combo,Electronics,414,C005,4635,2
O01630,2015,4,18,pre_covid,P005,Microwave Oven,Home & Kitchen,214,C020,9270,5
O00798,2015,4,19,pre_covid,P004,Air Purifier,Home & Kitchen,70,C005,12360,4
O04275,2015,4,19,pre_covid,P008,Resistance Bands & Dumbbell Set,Gym Equipment,266,C001,3605,6
O05262,2015,4,19,pre_covid,P006,Office Chair (Ergonomic),Home & Kitchen,92,C004,8755,2
O05360,2015,4,19,pre_covid,P010,Men's Formal Shirts,Fashion,525,C007,1854,2
O00165,2015,4,20,pre_covid,P002,Webcam & Headset Combo,Electronics,472,C006,4635,4
O01840,2015,4,20,pre_covid,P010,Men's Formal Shirts,Fashion,2341,C007,1854,5
O03298,2015,4,20,pre_covid,P008,Resistance Bands & Dumbbell Set,Gym Equipment,1060,C015,3605,5
O00842,2015,4,21,pre_covid,P010,Men's Formal Shirts,Fashion,2879,C002,1854,6
O01536,2015,4,21,pre_covid,P004,Air Purifier,Home & Kitchen,238,C016,12360,1
O03359,2015,4,21,pre_covid,P005,Microwave Oven,Home & Kitchen,101,C003,9270,3
O07419,2015,4,21,pre_covid,P001,Laptop,Electronics,17,C012,56650,2
O03732,2015,4,22,pre_covid,P014,Packaged Grocery Staples,Groceries & Hygiene,2389,C020,824,2
O04739,2015,4,22,pre_covid,P009,Yoga Mat,Gym Equipment,1239,C019,1545,5
O01299,2015,4,23,pre_covid,P005,Microwave Oven,Home & Kitchen,27,C005,9270,5
O01869,2015,4,23,pre_covid,P001,Laptop,Electronics,114,C014,56650,2
O03537,2015,4,23,pre_covid,P003,Smartphone,Electronics,88,C020,22660,1
O07418,2015,4,23,pre_covid,P002,Webcam & Headset Combo,Electronics,146,C001,4635,1
O00783,2015,4,24,pre_covid,P008,Resistance Bands & Dumbbell Set,Gym Equipment,695,C018,3605,5
O04324,2015,4,24,pre_covid,P007,Treadmill,Gym Equipment,5,C002,43260,2
O07318,2015,4,24,pre_covid,P015,Drawing Tablet (EdTech),Stationery & EdTech,48,C018,7725,3
O02409,2015,4,25,pre_covid,P015,Drawing Tablet (EdTech),Stationery & EdTech,44,C015,7725,6
O02638,2015,4,25,pre_covid,P013,Hand Sanitizer (Bulk Pack),Groceries & Hygiene,850,C009,1236,2
O04095,2015,4,25,pre_covid,P006,Office Chair (Ergonomic),Home & Kitchen,18,C001,8755,3
O01255,2015,4,26,pre_covid,P010,Men's Formal Shirts,Fashion,2669,C018,1854,6
O01358,2015,4,26,pre_covid,P013,Hand Sanitizer (Bulk Pack),Groceries & Hygiene,308,C020,1236,2
O05178,2015,4,26,pre_covid,P001,Laptop,Electronics,11,C011,56650,1
O07087,2015,4,26,pre_covid,P012,Festive Sarees,Fashion,660,C010,6180,1
O04033,2015,4,27,pre_covid,P010,Men's Formal Shirts,Fashion,1234,C002,1854,1
O04506,2015,4,27,pre_covid,P005,Microwave Oven,Home & Kitchen,52,C012,9270,4
O06613,2015,4,27,pre_covid,P012,Festive Sarees,Fashion,912,C007,6180,2
O06809,2015,4,27,pre_covid,P001,Laptop,Electronics,141,C008,56650,1
O01564,2015,4,28,pre_covid,P005,Microwave Oven,Home & Kitchen,287,C003,9270,2
O01690,2015,4,28,pre_covid,P007,Treadmill,Gym Equipment,23,C014,43260,3
O03776,2015,4,29,pre_covid,P005,Microwave Oven,Home & Kitchen,171,C009,9270,3
O01353,2015,4,30,pre_covid,P006,Office Chair (Ergonomic),Home & Kitchen,126,C001,8755,5
O07474,2015,5,1,pre_covid,P010,Men's Formal Shirts,Fashion,1106,C004,1854,1
O00454,2015,5,2,pre_covid,P012,Festive Sarees,Fashion,1663,C018,6180,6
O03474,2015,5,3,pre_covid,P005,Microwave Oven,Home & Kitchen,23,C020,9270,16
O04323,2015,5,3,pre_covid,P004,Air Purifier,Home & Kitchen,81,C006,12360,6
O00806,2015,5,4,pre_covid,P005,Microwave Oven,Home & Kitchen,34,C016,9270,13
O04509,2015,5,4,pre_covid,P013,Hand Sanitizer (Bulk Pack),Groceries & Hygiene,878,C005,1236,2
O05102,2015,5,4,pre_covid,P010,Men's Formal Shirts,Fashion,658,C020,1854,4
O00840,2015,5,5,pre_covid,P008,Resistance Bands & Dumbbell Set,Gym Equipment,652,C019,3605,6
O05048,2015,5,5,pre_covid,P005,Microwave Oven,Home & Kitchen,231,C004,9270,11
O07028,2015,5,5,pre_covid,P001,Laptop,Electronics,85,C011,56650,2
O04197,2015,5,6,pre_covid,P003,Smartphone,Electronics,323,C005,22660,1
O05722,2015,5,6,pre_covid,P004,Air Purifier,Home & Kitchen,30,C015,12360,2
O06965,2015,5,7,pre_covid,P005,Microwave Oven,Home & Kitchen,17,C017,9270,9
O04004,2015,5,8,pre_covid,P008,Resistance Bands & Dumbbell Set,Gym Equipment,466,C003,3605,5
O05352,2015,5,8,pre_covid,P012,Festive Sarees,Fashion,371,C013,6180,1
O00459,2015,5,9,pre_covid,P007,Treadmill,Gym Equipment,33,C018,43260,3
O02389,2015,5,9,pre_covid,P005,Microwave Oven,Home & Kitchen,294,C018,9270,5
O06427,2015,5,9,pre_covid,P015,Drawing Tablet (EdTech),Stationery & EdTech,154,C003,7725,5
O07915,2015,5,10,pre_covid,P012,Festive Sarees,Fashion,137,C016,6180,1
O03848,2015,5,11,pre_covid,P015,Drawing Tablet (EdTech),Stationery & EdTech,200,C019,7725,3
O00138,2015,5,13,pre_covid,P005,Microwave Oven,Home & Kitchen,193,C010,9270,17
O03567,2015,5,14,pre_covid,P002,Webcam & Headset Combo,Electronics,114,C002,4635,5
O05589,2015,5,14,pre_covid,P007,Treadmill,Gym Equipment,57,C002,43260,3
O04927,2015,5,15,pre_covid,P006,Office Chair (Ergonomic),Home & Kitchen,88,C015,8755,2
O04411,2015,5,16,pre_covid,P011,Casual Loungewear Set,Fashion,1821,C002,1236,2
O06823,2015,5,16,pre_covid,P012,Festive Sarees,Fashion,829,C009,6180,5
O01425,2015,5,17,pre_covid,P010,Men's Formal Shirts,Fashion,2602,C001,1854,3
O03561,2015,5,17,pre_covid,P005,Microwave Oven,Home & Kitchen,285,C006,9270,10
O01450,2015,5,18,pre_covid,P002,Webcam & Headset Combo,Electronics,600,C011,4635,4
O04691,2015,5,18,pre_covid,P005,Microwave Oven,Home & Kitchen,235,C011,9270,8
O00074,2015,5,19,pre_covid,P011,Casual Loungewear Set,Fashion,2293,C015,1236,2
O02222,2015,5,19,pre_covid,P012,Festive Sarees,Fashion,667,C003,6180,2
O04861,2015,5,19,pre_covid,P001,Laptop,Electronics,109,C017,56650,3
O07658,2015,5,19,pre_covid,P004,Air Purifier,Home & Kitchen,252,C008,12360,1
O02735,2015,5,20,pre_covid,P006,Office Chair (Ergonomic),Home & Kitchen,45,C011,8755,6
O04098,2015,5,20,pre_covid,P006,Office Chair (Ergonomic),Home & Kitchen,15,C014,8755,6
O02390,2015,5,21,pre_covid,P006,Office Chair (Ergonomic),Home & Kitchen,180,C020,8755,3
O03688,2015,5,21,pre_covid,P004,Air Purifier,Home & Kitchen,253,C007,12360,3
O05815,2015,5,21,pre_covid,P013,Hand Sanitizer (Bulk Pack),Groceries & Hygiene,1685,C019,1236,2
O06576,2015,5,21,pre_covid,P015,Drawing Tablet (EdTech),Stationery & EdTech,84,C006,7725,4
O00645,2015,5,22,pre_covid,P005,Microwave Oven,Home & Kitchen,219,C009,9270,15
O07044,2015,5,22,pre_covid,P003,Smartphone,Electronics,57,C008,22660,3
O00313,2015,5,23,pre_covid,P002,Webcam & Headset Combo,Electronics,482,C006,4635,3
O00407,2015,5,23,pre_covid,P005,Microwave Oven,Home & Kitchen,122,C007,9270,9
O03714,2015,5,23,pre_covid,P015,Drawing Tablet (EdTech),Stationery & EdTech,232,C020,7725,5
O03918,2015,5,23,pre_covid,P013,Hand Sanitizer (Bulk Pack),Groceries & Hygiene,1615,C013,1236,2
O04400,2015,5,23,pre_covid,P002,Webcam & Headset Combo,Electronics,523,C005,4635,5
O02542,2015,5,24,pre_covid,P010,Men's Formal Shirts,Fashion,1932,C009,1854,1
O05472,2015,5,24,pre_covid,P009,Yoga Mat,Gym Equipment,603,C019,1545,3
O06332,2015,5,24,pre_covid,P006,Office Chair (Ergonomic),Home & Kitchen,25,C019,8755,4
O02362,2015,5,25,pre_covid,P005,Microwave Oven,Home & Kitchen,32,C012,9270,14
O07989,2015,5,25,pre_covid,P013,Hand Sanitizer (Bulk Pack),Groceries & Hygiene,1323,C008,1236,6
O00396,2015,5,26,pre_covid,P002,Webcam & Headset Combo,Electronics,376,C011,4635,3
O01210,2015,5,26,pre_covid,P010,Men's Formal Shirts,Fashion,2695,C004,1854,1
O07080,2015,5,26,pre_covid,P004,Air Purifier,Home & Kitchen,51,C018,12360,5
O00001,2015,5,27,pre_covid,P005,Microwave Oven,Home & Kitchen,255,C004,9270,9
O02349,2015,5,27,pre_covid,P003,Smartphone,Electronics,337,C002,22660,2
O03677,2015,5,28,pre_covid,P012,Festive Sarees,Fashion,1305,C008,6180,4
O04713,2015,5,28,pre_covid,P012,Festive Sarees,Fashion,795,C004,6180,2
O01308,2015,5,29,pre_covid,P014,Packaged Grocery Staples,Groceries & Hygiene,2659,C002,824,3
O02564,2015,5,30,pre_covid,P005,Microwave Oven,Home & Kitchen,84,C004,9270,6
O04191,2015,5,30,pre_covid,P006,Office Chair (Ergonomic),Home & Kitchen,159,C009,8755,6
O05295,2015,5,30,pre_covid,P013,Hand Sanitizer (Bulk Pack),Groceries & Hygiene,312,C012,1236,3
O07219,2015,5,30,pre_covid,P010,Men's Formal Shirts,Fashion,1232,C005,1854,3
O03931,2015,5,31,pre_covid,P009,Yoga Mat,Gym Equipment,605,C001,1545,6
O04154,2015,5,31,pre_covid,P004,Air Purifier,Home & Kitchen,111,C006,12360,6
O01848,2015,6,1,pre_covid,P015,Drawing Tablet (EdTech),Stationery & EdTech,155,C002,7725,4
O03218,2015,6,1,pre_covid,P002,Webcam & Headset Combo,Electronics,489,C018,4635,6
O05574,2015,6,2,pre_covid,P003,Smartphone,Electronics,369,C014,22660,3
O01262,2015,6,3,pre_covid,P012,Festive Sarees,Fashion,1246,C016,6180,3
O02361,2015,6,3,pre_covid,P006,Office Chair (Ergonomic),Home & Kitchen,197,C015,8755,2
O04058,2015,6,3,pre_covid,P002,Webcam & Headset Combo,Electronics,396,C016,4635,6
O06963,2015,6,3,pre_covid,P005,Microwave Oven,Home & Kitchen,36,C006,9270,19
O02071,2015,6,5,pre_covid,P008,Resistance Bands & Dumbbell Set,Gym Equipment,913,C005,3605,1
O07435,2015,6,5,pre_covid,P012,Festive Sarees,Fashion,432,C002,6180,3
O01751,2015,6,7,pre_covid,P005,Microwave Oven,Home & Kitchen,146,C012,9270,8
O04741,2015,6,7,pre_covid,P011,Casual Loungewear Set,Fashion,1695,C010,1236,1
O06251,2015,6,7,pre_covid,P014,Packaged Grocery Staples,Groceries & Hygiene,1860,C009,824,5
O07161,2015,6,7,pre_covid,P009,Yoga Mat,Gym Equipment,427,C015,1545,6
O00785,2015,6,8,pre_covid,P002,Webcam & Headset Combo,Electronics,567,C012,4635,1
O00924,2015,6,8,pre_covid,P005,Microwave Oven,Home & Kitchen,270,C011,9270,11
O02501,2015,6,8,pre_covid,P004,Air Purifier,Home & Kitchen,243,C013,12360,1
O00063,2015,6,9,pre_covid,P006,Office Chair (Ergonomic),Home & Kitchen,154,C017,8755,3
O02374,2015,6,9,pre_covid,P011,Casual Loungewear Set,Fashion,3022,C006,1236,1
O04860,2015,6,9,pre_covid,P015,Drawing Tablet (EdTech),Stationery & EdTech,155,C015,7725,2
O05466,2015,6,9,pre_covid,P012,Festive Sarees,Fashion,267,C015,6180,5
O05161,2015,6,10,pre_covid,P011,Casual Loungewear Set,Fashion,1376,C017,1236,2
O07267,2015,6,10,pre_covid,P015,Drawing Tablet (EdTech),Stationery & EdTech,55,C009,7725,6
O04249,2015,6,11,pre_covid,P009,Yoga Mat,Gym Equipment,251,C010,1545,6
O06126,2015,6,11,pre_covid,P002,Webcam & Headset Combo,Electronics,588,C006,4635,6
O06342,2015,6,11,pre_covid,P007,Treadmill,Gym Equipment,46,C015,43260,1
O07077,2015,6,11,pre_covid,P001,Laptop,Electronics,76,C001,56650,2
O01305,2015,6,13,pre_covid,P011,Casual Loungewear Set,Fashion,2861,C015,1236,3
O02748,2015,6,13,pre_covid,P005,Microwave Oven,Home & Kitchen,247,C015,9270,13
O05951,2015,6,14,pre_covid,P008,Resistance Bands & Dumbbell Set,Gym Equipment,1136,C016,3605,4
O00852,2015,6,15,pre_covid,P005,Microwave Oven,Home & Kitchen,300,C014,9270,9
O04264,2015,6,15,pre_covid,P003,Smartphone,Electronics,305,C017,22660,3
O07150,2015,6,15,pre_covid,P009,Yoga Mat,Gym Equipment,432,C005,1545,5
O06044,2015,6,16,pre_covid,P010,Men's Formal Shirts,Fashion,97,C013,1854,4
O06562,2015,6,17,pre_covid,P015,Drawing Tablet (EdTech),Stationery & EdTech,87,C011,7725,3
O07393,2015,6,17,pre_covid,P013,Hand Sanitizer (Bulk Pack),Groceries & Hygiene,79,C005,1236,3
O05829,2015,6,18,pre_covid,P005,Microwave Oven,Home & Kitchen,249,C007,9270,5
O07149,2015,6,18,pre_covid,P011,Casual Loungewear Set,Fashion,589,C006,1236,3
O02276,2015,6,19,pre_covid,P011,Casual Loungewear Set,Fashion,3036,C013,1236,2
O05388,2015,6,19,pre_covid,P012,Festive Sarees,Fashion,370,C002,6180,5
O06031,2015,6,19,pre_covid,P010,Men's Formal Shirts,Fashion,123,C001,1854,2
O00019,2015,6,21,pre_covid,P015,Drawing Tablet (EdTech),Stationery & EdTech,234,C008,7725,1
O03691,2015,6,21,pre_covid,P007,Treadmill,Gym Equipment,56,C013,43260,1
O03914,2015,6,21,pre_covid,P015,Drawing Tablet (EdTech),Stationery & EdTech,126,C012,7725,4
O04543,2015,6,21,pre_covid,P001,Laptop,Electronics,94,C006,56650,3
O05852,2015,6,21,pre_covid,P002,Webcam & Headset Combo,Electronics,302,C002,4635,1
O07063,2015,6,21,pre_covid,P005,Microwave Oven,Home & Kitchen,228,C020,9270,13
O00932,2015,6,22,pre_covid,P013,Hand Sanitizer (Bulk Pack),Groceries & Hygiene,719,C009,1236,3
O01915,2015,6,22,pre_covid,P003,Smartphone,Electronics,389,C001,22660,2
O06893,2015,6,22,pre_covid,P010,Men's Formal Shirts,Fashion,1375,C015,1854,2
O07052,2015,6,22,pre_covid,P013,Hand Sanitizer (Bulk Pack),Groceries & Hygiene,488,C019,1236,2
O01951,2015,6,23,pre_covid,P003,Smartphone,Electronics,385,C012,22660,1
O03341,2015,6,23,pre_covid,P001,Laptop,Electronics,134,C006,56650,3
O05527,2015,6,25,pre_covid,P011,Casual Loungewear Set,Fashion,1147,C015,1236,4
O04392,2015,6,26,pre_covid,P003,Smartphone,Electronics,292,C017,22660,2
O04522,2015,6,26,pre_covid,P008,Resistance Bands & Dumbbell Set,Gym Equipment,137,C003,3605,3
O07021,2015,6,26,pre_covid,P005,Microwave Oven,Home & Kitchen,269,C003,9270,18
O00532,2015,6,27,pre_covid,P006,Office Chair (Ergonomic),Home & Kitchen,35,C012,8755,6
O04298,2015,6,28,pre_covid,P005,Microwave Oven,Home & Kitchen,233,C017,9270,10
O01106,2015,6,29,pre_covid,P004,Air Purifier,Home & Kitchen,43,C005,12360,6
O02172,2015,6,29,pre_covid,P010,Men's Formal Shirts,Fashion,2142,C011,1854,1
O05770,2015,6,29,pre_covid,P008,Resistance Bands & Dumbbell Set,Gym Equipment,130,C018,3605,6
O06413,2015,6,29,pre_covid,P005,Microwave Oven,Home & Kitchen,131,C007,9270,19
O06433,2015,6,29,pre_covid,P005,Microwave Oven,Home & Kitchen,112,C006,9270,12
O07372,2015,6,29,pre_covid,P006,Office Chair (Ergonomic),Home & Kitchen,194,C013,8755,2
O00117,2015,6,30,pre_covid,P009,Yoga Mat,Gym Equipment,1985,C012,1545,1
O05147,2015,6,30,pre_covid,P013,Hand Sanitizer (Bulk Pack),Groceries & Hygiene,483,C010,1236,1
O06064,2015,6,30,pre_covid,P006,Office Chair (Ergonomic),Home & Kitchen,73,C003,8755,6
O07602,2015,7,1,pre_covid,P005,Microwave Oven,Home & Kitchen,127,C011,9270,8
O03304,2015,7,2,pre_covid,P001,Laptop,Electronics,150,C011,56650,3
O06547,2015,7,2,pre_covid,P009,Yoga Mat,Gym Equipment,989,C007,1545,1
O07668,2015,7,2,pre_covid,P015,Drawing Tablet (EdTech),Stationery & EdTech,30,C014,7725,19
O06456,2015,7,3,pre_covid,P005,Microwave Oven,Home & Kitchen,93,C003,9270,8
O07025,2015,7,3,pre_covid,P005,Microwave Oven,Home & Kitchen,251,C010,9270,17
O04129,2015,7,4,pre_covid,P013,Hand Sanitizer (Bulk Pack),Groceries & Hygiene,1372,C001,1236,2
O01031,2015,7,5,pre_covid,P004,Air Purifier,Home & Kitchen,48,C010,12360,1
O01461,2015,7,5,pre_covid,P003,Smartphone,Electronics,113,C019,22660,2
O02842,2015,7,5,pre_covid,P009,Yoga Mat,Gym Equipment,1344,C010,1545,2
O03393,2015,7,5,pre_covid,P005,Microwave Oven,Home & Kitchen,72,C015,9270,5
O04330,2015,7,5,pre_covid,P007,Treadmill,Gym Equipment,80,C012,43260,3
O07140,2015,7,5,pre_covid,P015,Drawing Tablet (EdTech),Stationery & EdTech,286,C007,7725,15
O00712,2015,7,7,pre_covid,P014,Packaged Grocery Staples,Groceries & Hygiene,2946,C014,824,1
O01314,2015,7,7,pre_covid,P015,Drawing Tablet (EdTech),Stationery & EdTech,284,C020,7725,18
O04445,2015,7,7,pre_covid,P010,Men's Formal Shirts,Fashion,1049,C007,1854,1
O04872,2015,7,7,pre_covid,P015,Drawing Tablet (EdTech),Stationery & EdTech,108,C014,7725,13
O06461,2015,7,7,pre_covid,P010,Men's Formal Shirts,Fashion,1737,C010,1854,5
O06997,2015,7,7,pre_covid,P001,Laptop,Electronics,95,C016,56650,7
O03539,2015,7,8,pre_covid,P013,Hand Sanitizer (Bulk Pack),Groceries & Hygiene,1957,C004,1236,2
O03571,2015,7,8,pre_covid,P003,Smartphone,Electronics,87,C001,22660,1
O04066,2015,7,8,pre_covid,P014,Packaged Grocery Staples,Groceries & Hygiene,2342,C009,824,5
O05076,2015,7,8,pre_covid,P002,Webcam & Headset Combo,Electronics,468,C011,4635,5
O07802,2015,7,8,pre_covid,P012,Festive Sarees,Fashion,172,C017,6180,3
O02277,2015,7,9,pre_covid,P001,Laptop,Electronics,100,C020,56650,4
O02918,2015,7,9,pre_covid,P003,Smartphone,Electronics,251,C010,22660,1
O04712,2015,7,9,pre_covid,P014,Packaged Grocery Staples,Groceries & Hygiene,2517,C002,824,1
O04887,2015,7,9,pre_covid,P011,Casual Loungewear Set,Fashion,1624,C010,1236,5
O04999,2015,7,9,pre_covid,P008,Resistance Bands & Dumbbell Set,Gym Equipment,889,C005,3605,5
O05795,2015,7,9,pre_covid,P010,Men's Formal Shirts,Fashion,258,C005,1854,5
O00890,2015,7,10,pre_covid,P007,Treadmill,Gym Equipment,46,C008,43260,3
O05716,2015,7,10,pre_covid,P009,Yoga Mat,Gym Equipment,300,C004,1545,2
O05940,2015,7,10,pre_covid,P002,Webcam & Headset Combo,Electronics,211,C011,4635,6
O06978,2015,7,10,pre_covid,P006,Office Chair (Ergonomic),Home & Kitchen,24,C005,8755,3
O07299,2015,7,10,pre_covid,P002,Webcam & Headset Combo,Electronics,245,C004,4635,3
O01192,2015,7,11,pre_covid,P008,Resistance Bands & Dumbbell Set,Gym Equipment,380,C008,3605,3
O01566,2015,7,12,pre_covid,P007,Treadmill,Gym Equipment,70,C014,43260,2
O04374,2015,7,12,pre_covid,P012,Festive Sarees,Fashion,957,C003,6180,4
O07442,2015,7,12,pre_covid,P005,Microwave Oven,Home & Kitchen,251,C017,9270,11
O03313,2015,7,13,pre_covid,P004,Air Purifier,Home & Kitchen,11,C012,12360,2
O05982,2015,7,13,pre_covid,P005,Microwave Oven,Home & Kitchen,165,C007,9270,6
O07143,2015,7,13,pre_covid,P005,Microwave Oven,Home & Kitchen,170,C009,9270,5
O07245,2015,7,13,pre_covid,P004,Air Purifier,Home & Kitchen,17,C005,12360,1
O02497,2015,7,14,pre_covid,P015,Drawing Tablet (EdTech),Stationery & EdTech,12,C011,7725,11
O03625,2015,7,14,pre_covid,P012,Festive Sarees,Fashion,1327,C017,6180,2
O05877,2015,7,14,pre_covid,P015,Drawing Tablet (EdTech),Stationery & EdTech,289,C017,7725,11
O07498,2015,7,14,pre_covid,P006,Office Chair (Ergonomic),Home & Kitchen,115,C019,8755,2
O07664,2015,7,14,pre_covid,P002,Webcam & Headset Combo,Electronics,452,C019,4635,5
O01345,2015,7,16,pre_covid,P006,Office Chair (Ergonomic),Home & Kitchen,129,C004,8755,3
O03939,2015,7,16,pre_covid,P002,Webcam & Headset Combo,Electronics,477,C001,4635,5
O05310,2015,7,16,pre_covid,P007,Treadmill,Gym Equipment,34,C005,43260,1
O07165,2015,7,16,pre_covid,P007,Treadmill,Gym Equipment,64,C005,43260,2
O01151,2015,7,17,pre_covid,P005,Microwave Oven,Home & Kitchen,117,C009,9270,12
O01435,2015,7,17,pre_covid,P007,Treadmill,Gym Equipment,31,C019,43260,3
O02619,2015,7,17,pre_covid,P002,Webcam & Headset Combo,Electronics,426,C009,4635,1
O05880,2015,7,17,pre_covid,P012,Festive Sarees,Fashion,1453,C002,6180,2
O06422,2015,7,17,pre_covid,P015,Drawing Tablet (EdTech),Stationery & EdTech,169,C014,7725,15
O07835,2015,7,17,pre_covid,P009,Yoga Mat,Gym Equipment,1206,C011,1545,1
O02968,2015,7,18,pre_covid,P005,Microwave Oven,Home & Kitchen,43,C010,9270,11
O06325,2015,7,19,pre_covid,P001,Laptop,Electronics,126,C015,56650,4
O06525,2015,7,19,pre_covid,P009,Yoga Mat,Gym Equipment,995,C015,1545,4
O06656,2015,7,19,pre_covid,P009,Yoga Mat,Gym Equipment,899,C008,1545,3
O00788,2015,7,20,pre_covid,P013,Hand Sanitizer (Bulk Pack),Groceries & Hygiene,766,C008,1236,6
O05245,2015,7,20,pre_covid,P013,Hand Sanitizer (Bulk Pack),Groceries & Hygiene,361,C001,1236,1
O05748,2015,7,20,pre_covid,P007,Treadmill,Gym Equipment,28,C012,43260,3
O06596,2015,7,20,pre_covid,P005,Microwave Oven,Home & Kitchen,261,C011,9270,5
O03584,2015,7,21,pre_covid,P001,Laptop,Electronics,43,C018,56650,4
O01577,2015,7,22,pre_covid,P015,Drawing Tablet (EdTech),Stationery & EdTech,112,C005,7725,5
O03751,2015,7,22,pre_covid,P014,Packaged Grocery Staples,Groceries & Hygiene,2387,C001,824,4
O02641,2015,7,23,pre_covid,P001,Laptop,Electronics,112,C008,56650,7
O03245,2015,7,23,pre_covid,P003,Smartphone,Electronics,148,C005,22660,3
O02458,2015,7,24,pre_covid,P003,Smartphone,Electronics,325,C014,22660,2
O01923,2015,7,26,pre_covid,P015,Drawing Tablet (EdTech),Stationery & EdTech,64,C008,7725,15
O07365,2015,7,26,pre_covid,P012,Festive Sarees,Fashion,459,C017,6180,5
O03815,2015,7,27,pre_covid,P012,Festive Sarees,Fashion,1207,C007,6180,1
O04322,2015,7,27,pre_covid,P005,Microwave Oven,Home & Kitchen,194,C007,9270,12
O06713,2015,7,27,pre_covid,P007,Treadmill,Gym Equipment,10,C015,43260,2
O01913,2015,7,28,pre_covid,P005,Microwave Oven,Home & Kitchen,49,C004,9270,16
O02162,2015,7,28,pre_covid,P008,Resistance Bands & Dumbbell Set,Gym Equipment,814,C017,3605,5
O04456,2015,7,28,pre_covid,P007,Treadmill,Gym Equipment,40,C012,43260,1
O05042,2015,7,28,pre_covid,P011,Casual Loungewear Set,Fashion,1529,C004,1236,6
O05820,2015,7,28,pre_covid,P001,Laptop,Electronics,39,C019,56650,7
O06125,2015,7,28,pre_covid,P005,Microwave Oven,Home & Kitchen,105,C019,9270,9
O04361,2015,7,29,pre_covid,P006,Office Chair (Ergonomic),Home & Kitchen,61,C016,8755,4
O04663,2015,7,29,pre_covid,P007,Treadmill,Gym Equipment,77,C011,43260,2
O05725,2015,7,29,pre_covid,P003,Smartphone,Electronics,354,C012,22660,2
O01211,2015,7,30,pre_covid,P004,Air Purifier,Home & Kitchen,300,C014,12360,5
O01241,2015,7,30,pre_covid,P005,Microwave Oven,Home & Kitchen,54,C001,9270,18
O02083,2015,7,30,pre_covid,P012,Festive Sarees,Fashion,732,C015,6180,6
O03109,2015,7,30,pre_covid,P005,Microwave Oven,Home & Kitchen,222,C019,9270,17
O07814,2015,7,30,pre_covid,P004,Air Purifier,Home & Kitchen,206,C016,12360,5
O00845,2015,7,31,pre_covid,P003,Smartphone,Electronics,219,C008,22660,1
O04899,2015,7,31,pre_covid,P009,Yoga Mat,Gym Equipment,1100,C009,1545,2
O05833,2015,7,31,pre_covid,P002,Webcam & Headset Combo,Electronics,306,C013,4635,4
O01249,2015,8,1,pre_covid,P009,Yoga Mat,Gym Equipment,1324,C015,1545,2
O05607,2015,8,1,pre_covid,P011,Casual Loungewear Set,Fashion,1131,C006,1236,1
O06738,2015,8,2,pre_covid,P007,Treadmill,Gym Equipment,58,C015,43260,3
O07634,2015,8,3,pre_covid,P015,Drawing Tablet (EdTech),Stationery & EdTech,54,C020,7725,5
O04349,2015,8,4,pre_covid,P013,Hand Sanitizer (Bulk Pack),Groceries & Hygiene,1110,C007,1236,6
O06560,2015,8,4,pre_covid,P001,Laptop,Electronics,49,C007,56650,3
O02003,2015,8,5,pre_covid,P001,Laptop,Electronics,50,C007,56650,4
O02476,2015,8,6,pre_covid,P011,Casual Loungewear Set,Fashion,2968,C020,1236,2
O03401,2015,8,7,pre_covid,P013,Hand Sanitizer (Bulk Pack),Groceries & Hygiene,206,C008,1236,5
O06117,2015,8,7,pre_covid,P005,Microwave Oven,Home & Kitchen,107,C013,9270,2
O02268,2015,8,9,pre_covid,P015,Drawing Tablet (EdTech),Stationery & EdTech,122,C016,7725,16
O02920,2015,8,9,pre_covid,P005,Microwave Oven,Home & Kitchen,119,C016,9270,3
O06148,2015,8,9,pre_covid,P010,Men's Formal Shirts,Fashion,1915,C015,1854,3
O06853,2015,8,9,pre_covid,P011,Casual Loungewear Set,Fashion,864,C001,1236,4
O07067,2015,8,9,pre_covid,P005,Microwave Oven,Home & Kitchen,215,C005,9270,5
O07169,2015,8,9,pre_covid,P003,Smartphone,Electronics,400,C016,22660,3
O06463,2015,8,11,pre_covid,P015,Drawing Tablet (EdTech),Stationery & EdTech,123,C016,7725,20
O02470,2015,8,12,pre_covid,P015,Drawing Tablet (EdTech),Stationery & EdTech,32,C011,7725,7
O04223,2015,8,12,pre_covid,P009,Yoga Mat,Gym Equipment,257,C012,1545,2
O05047,2015,8,12,pre_covid,P005,Microwave Oven,Home & Kitchen,236,C014,9270,5
O01178,2015,8,13,pre_covid,P010,Men's Formal Shirts,Fashion,2701,C019,1854,4
O01655,2015,8,13,pre_covid,P001,Laptop,Electronics,50,C003,56650,2
O02901,2015,8,13,pre_covid,P004,Air Purifier,Home & Kitchen,122,C004,12360,5
O04453,2015,8,13,pre_covid,P015,Drawing Tablet (EdTech),Stationery & EdTech,252,C009,7725,5
O04583,2015,8,13,pre_covid,P010,Men's Formal Shirts,Fashion,1002,C003,1854,4
O00515,2015,8,14,pre_covid,P003,Smartphone,Electronics,312,C018,22660,3
O00870,2015,8,14,pre_covid,P001,Laptop,Electronics,87,C012,56650,3
O02679,2015,8,14,pre_covid,P008,Resistance Bands & Dumbbell Set,Gym Equipment,485,C007,3605,4
O06497,2015,8,14,pre_covid,P001,Laptop,Electronics,79,C006,56650,5
O01490,2015,8,15,pre_covid,P001,Laptop,Electronics,114,C016,56650,2
O03093,2015,8,15,pre_covid,P011,Casual Loungewear Set,Fashion,2540,C009,1236,1
O00496,2015,8,16,pre_covid,P012,Festive Sarees,Fashion,1639,C013,6180,4
O03827,2015,8,16,pre_covid,P001,Laptop,Electronics,47,C015,56650,5
O03842,2015,8,16,pre_covid,P015,Drawing Tablet (EdTech),Stationery & EdTech,219,C004,7725,19
O07795,2015,8,16,pre_covid,P004,Air Purifier,Home & Kitchen,209,C017,12360,3
O06712,2015,8,17,pre_covid,P015,Drawing Tablet (EdTech),Stationery & EdTech,253,C017,7725,8
O03522,2015,8,18,pre_covid,P001,Laptop,Electronics,64,C005,56650,2
O07297,2015,8,18,pre_covid,P005,Microwave Oven,Home & Kitchen,46,C006,9270,6
O00714,2015,8,19,pre_covid,P005,Microwave Oven,Home & Kitchen,99,C001,9270,5
O06389,2015,8,19,pre_covid,P008,Resistance Bands & Dumbbell Set,Gym Equipment,928,C020,3605,3
O06726,2015,8,19,pre_covid,P015,Drawing Tablet (EdTech),Stationery & EdTech,245,C014,7725,19
O01325,2015,8,20,pre_covid,P009,Yoga Mat,Gym Equipment,1216,C013,1545,5
O02135,2015,8,20,pre_covid,P012,Festive Sarees,Fashion,707,C014,6180,4
O03055,2015,8,20,pre_covid,P015,Drawing Tablet (EdTech),Stationery & EdTech,219,C011,7725,7
O03280,2015,8,20,pre_covid,P009,Yoga Mat,Gym Equipment,1192,C015,1545,5
O07895,2015,8,20,pre_covid,P003,Smartphone,Electronics,254,C007,22660,2
O00549,2015,8,21,pre_covid,P002,Webcam & Headset Combo,Electronics,241,C019,4635,1
O03232,2015,8,21,pre_covid,P005,Microwave Oven,Home & Kitchen,191,C019,9270,6
O03196,2015,8,22,pre_covid,P006,Office Chair (Ergonomic),Home & Kitchen,149,C011,8755,2
O07553,2015,8,22,pre_covid,P001,Laptop,Electronics,105,C015,56650,7
O07897,2015,8,22,pre_covid,P015,Drawing Tablet (EdTech),Stationery & EdTech,228,C013,7725,10
O05898,2015,8,23,pre_covid,P006,Office Chair (Ergonomic),Home & Kitchen,162,C020,8755,6
O00905,2015,8,24,pre_covid,P010,Men's Formal Shirts,Fashion,2821,C019,1854,3
O00954,2015,8,24,pre_covid,P013,Hand Sanitizer (Bulk Pack),Groceries & Hygiene,704,C006,1236,3
O03318,2015,8,24,pre_covid,P001,Laptop,Electronics,147,C011,56650,7
O05594,2015,8,24,pre_covid,P005,Microwave Oven,Home & Kitchen,82,C014,9270,6
O02341,2015,8,25,pre_covid,P003,Smartphone,Electronics,340,C002,22660,3
O04061,2015,8,25,pre_covid,P001,Laptop,Electronics,113,C001,56650,3
O00235,2015,8,26,pre_covid,P011,Casual Loungewear Set,Fashion,3484,C013,1236,6
O06432,2015,8,27,pre_covid,P009,Yoga Mat,Gym Equipment,1063,C011,1545,6
O07605,2015,8,27,pre_covid,P005,Microwave Oven,Home & Kitchen,119,C009,9270,1
O00428,2015,8,28,pre_covid,P010,Men's Formal Shirts,Fashion,2842,C009,1854,3
O04534,2015,8,28,pre_covid,P006,Office Chair (Ergonomic),Home & Kitchen,198,C016,8755,1
O05266,2015,8,28,pre_covid,P015,Drawing Tablet (EdTech),Stationery & EdTech,136,C005,7725,9
O07367,2015,8,28,pre_covid,P009,Yoga Mat,Gym Equipment,189,C001,1545,2
O01298,2015,8,29,pre_covid,P003,Smartphone,Electronics,168,C011,22660,1
O01742,2015,8,29,pre_covid,P004,Air Purifier,Home & Kitchen,159,C010,12360,1
O04018,2015,8,29,pre_covid,P004,Air Purifier,Home & Kitchen,139,C010,12360,3
O04795,2015,8,29,pre_covid,P011,Casual Loungewear Set,Fashion,1633,C020,1236,1
O07453,2015,8,29,pre_covid,P001,Laptop,Electronics,9,C002,56650,2
O00285,2015,8,30,pre_covid,P015,Drawing Tablet (EdTech),Stationery & EdTech,289,C001,7725,20
O02803,2015,8,30,pre_covid,P004,Air Purifier,Home & Kitchen,153,C015,12360,1
O04827,2015,8,30,pre_covid,P003,Smartphone,Electronics,167,C008,22660,1
O05692,2015,8,30,pre_covid,P007,Treadmill,Gym Equipment,41,C017,43260,1
O07009,2015,8,30,pre_covid,P014,Packaged Grocery Staples,Groceries & Hygiene,1457,C015,824,2
O07621,2015,8,31,pre_covid,P013,Hand Sanitizer (Bulk Pack),Groceries & Hygiene,1771,C008,1236,1
O01534,2015,9,1,pre_covid,P015,Drawing Tablet (EdTech),Stationery & EdTech,139,C004,7725,5
O02452,2015,9,1,pre_covid,P007,Treadmill,Gym Equipment,18,C013,43260,1
O03423,2015,9,1,pre_covid,P009,Yoga Mat,Gym Equipment,1069,C006,1545,4
O03553,2015,9,1,pre_covid,P010,Men's Formal Shirts,Fashion,1439,C008,1854,5
O06256,2015,9,1,pre_covid,P010,Men's Formal Shirts,Fashion,1855,C015,1854,1
O01015,2015,9,2,pre_covid,P015,Drawing Tablet (EdTech),Stationery & EdTech,128,C006,7725,4
O01510,2015,9,2,pre_covid,P005,Microwave Oven,Home & Kitchen,315,C002,9270,1
O05787,2015,9,2,pre_covid,P006,Office Chair (Ergonomic),Home & Kitchen,37,C013,8755,4
O04224,2015,9,3,pre_covid,P003,Smartphone,Electronics,317,C013,22660,3
O02012,2015,9,4,pre_covid,P014,Packaged Grocery Staples,Groceries & Hygiene,3086,C002,824,5
O03922,2015,9,4,pre_covid,P006,Office Chair (Ergonomic),Home & Kitchen,103,C002,8755,6
O07398,2015,9,4,pre_covid,P003,Smartphone,Electronics,326,C020,22660,2
O01501,2015,9,5,pre_covid,P001,Laptop,Electronics,109,C013,56650,3
O01518,2015,9,5,pre_covid,P012,Festive Sarees,Fashion,1105,C017,6180,2
O01327,2015,9,6,pre_covid,P001,Laptop,Electronics,31,C012,56650,3
O03757,2015,9,6,pre_covid,P006,Office Chair (Ergonomic),Home & Kitchen,12,C013,8755,1
O05586,2015,9,6,pre_covid,P014,Packaged Grocery Staples,Groceries & Hygiene,2152,C009,824,5
O00597,2015,9,8,pre_covid,P001,Laptop,Electronics,32,C009,56650,3
O00123,2015,9,9,pre_covid,P012,Festive Sarees,Fashion,1632,C005,6180,4
O06814,2015,9,9,pre_covid,P007,Treadmill,Gym Equipment,38,C004,43260,1
O01825,2015,9,11,pre_covid,P006,Office Chair (Ergonomic),Home & Kitchen,144,C019,8755,6
O00034,2015,9,12,pre_covid,P008,Resistance Bands & Dumbbell Set,Gym Equipment,1026,C006,3605,2
O00323,2015,9,12,pre_covid,P014,Packaged Grocery Staples,Groceries & Hygiene,3139,C018,824,2
O04788,2015,9,12,pre_covid,P004,Air Purifier,Home & Kitchen,219,C004,12360,4
O03105,2015,9,13,pre_covid,P008,Resistance Bands & Dumbbell Set,Gym Equipment,1180,C013,3605,1
O02234,2015,9,14,pre_covid,P012,Festive Sarees,Fashion,665,C001,6180,1
O02643,2015,9,14,pre_covid,P015,Drawing Tablet (EdTech),Stationery & EdTech,157,C007,7725,1
O04898,2015,9,14,pre_covid,P010,Men's Formal Shirts,Fashion,831,C017,1854,4
O03081,2015,9,15,pre_covid,P012,Festive Sarees,Fashion,115,C002,6180,2
O07004,2015,9,15,pre_covid,P013,Hand Sanitizer (Bulk Pack),Groceries & Hygiene,527,C020,1236,1
O04569,2015,9,16,pre_covid,P014,Packaged Grocery Staples,Groceries & Hygiene,2629,C005,824,6
O05162,2015,9,17,pre_covid,P013,Hand Sanitizer (Bulk Pack),Groceries & Hygiene,446,C009,1236,4
O06202,2015,9,17,pre_covid,P013,Hand Sanitizer (Bulk Pack),Groceries & Hygiene,1264,C020,1236,3
O04338,2015,9,18,pre_covid,P005,Microwave Oven,Home & Kitchen,182,C016,9270,1
O02049,2015,9,19,pre_covid,P014,Packaged Grocery Staples,Groceries & Hygiene,3069,C013,824,2
O02895,2015,9,19,pre_covid,P014,Packaged Grocery Staples,Groceries & Hygiene,2743,C005,824,5
O03765,2015,9,19,pre_covid,P006,Office Chair (Ergonomic),Home & Kitchen,11,C012,8755,3
O05868,2015,9,19,pre_covid,P009,Yoga Mat,Gym Equipment,206,C011,1545,3
O07242,2015,9,19,pre_covid,P014,Packaged Grocery Staples,Groceries & Hygiene,1432,C010,824,3
O07826,2015,9,19,pre_covid,P002,Webcam & Headset Combo,Electronics,334,C002,4635,5
O02832,2015,9,20,pre_covid,P002,Webcam & Headset Combo,Electronics,310,C019,4635,3
O03708,2015,9,20,pre_covid,P012,Festive Sarees,Fashion,1290,C012,6180,2
O04641,2015,9,20,pre_covid,P008,Resistance Bands & Dumbbell Set,Gym Equipment,1192,C006,3605,4
O04812,2015,9,20,pre_covid,P001,Laptop,Electronics,124,C001,56650,2
O04579,2015,9,21,pre_covid,P015,Drawing Tablet (EdTech),Stationery & EdTech,159,C012,7725,3
O05682,2015,9,21,pre_covid,P003,Smartphone,Electronics,356,C012,22660,1
O06673,2015,9,21,pre_covid,P011,Casual Loungewear Set,Fashion,892,C016,1236,5
O00193,2015,9,22,pre_covid,P003,Smartphone,Electronics,401,C004,22660,3
O01175,2015,9,22,pre_covid,P013,Hand Sanitizer (Bulk Pack),Groceries & Hygiene,491,C017,1236,4
O02532,2015,9,22,pre_covid,P009,Yoga Mat,Gym Equipment,79,C012,1545,5
O06824,2015,9,22,pre_covid,P012,Festive Sarees,Fashion,824,C011,6180,1
O06993,2015,9,22,pre_covid,P011,Casual Loungewear Set,Fashion,761,C017,1236,6
O00618,2015,9,24,pre_covid,P008,Resistance Bands & Dumbbell Set,Gym Equipment,872,C019,3605,3
O02040,2015,9,24,pre_covid,P013,Hand Sanitizer (Bulk Pack),Groceries & Hygiene,1714,C010,1236,5
O02647,2015,9,24,pre_covid,P008,Resistance Bands & Dumbbell Set,Gym Equipment,493,C008,3605,2
O00969,2015,9,26,pre_covid,P010,Men's Formal Shirts,Fashion,2781,C020,1854,5
O04007,2015,9,26,pre_covid,P002,Webcam & Headset Combo,Electronics,443,C016,4635,1
O04906,2015,9,26,pre_covid,P007,Treadmill,Gym Equipment,74,C012,43260,1
O05651,2015,9,26,pre_covid,P002,Webcam & Headset Combo,Electronics,487,C019,4635,1
O06204,2015,9,26,pre_covid,P006,Office Chair (Ergonomic),Home & Kitchen,162,C004,8755,1
O01585,2015,9,27,pre_covid,P003,Smartphone,Electronics,91,C004,22660,2
O02618,2015,9,27,pre_covid,P013,Hand Sanitizer (Bulk Pack),Groceries & Hygiene,866,C004,1236,2
O06166,2015,9,28,pre_covid,P002,Webcam & Headset Combo,Electronics,562,C012,4635,3
O07886,2015,9,28,pre_covid,P011,Casual Loungewear Set,Fashion,222,C019,1236,5
O01535,2015,9,29,pre_covid,P004,Air Purifier,Home & Kitchen,242,C012,12360,4
O04284,2015,9,29,pre_covid,P002,Webcam & Headset Combo,Electronics,143,C002,4635,5
O04895,2015,9,30,pre_covid,P002,Webcam & Headset Combo,Electronics,99,C002,4635,5
O07965,2015,9,30,pre_covid,P010,Men's Formal Shirts,Fashion,738,C017,1854,3
O00363,2015,10,1,pre_covid,P006,Office Chair (Ergonomic),Home & Kitchen,144,C015,8755,6
O04540,2015,10,1,pre_covid,P013,Hand Sanitizer (Bulk Pack),Groceries & Hygiene,853,C014,1236,3
O05456,2015,10,1,pre_covid,P002,Webcam & Headset Combo,Electronics,88,C013,4635,12
O06479,2015,10,1,pre_covid,P012,Festive Sarees,Fashion,1029,C006,6180,18
O06761,2015,10,1,pre_covid,P002,Webcam & Headset Combo,Electronics,223,C006,4635,14
O02800,2015,10,2,pre_covid,P010,Men's Formal Shirts,Fashion,1838,C011,1854,11
O03582,2015,10,2,pre_covid,P012,Festive Sarees,Fashion,1179,C012,6180,19
O02593,2015,10,3,pre_covid,P015,Drawing Tablet (EdTech),Stationery & EdTech,213,C019,7725,1
O03101,2015,10,3,pre_covid,P005,Microwave Oven,Home & Kitchen,246,C011,9270,6
O05953,2015,10,3,pre_covid,P002,Webcam & Headset Combo,Electronics,205,C020,4635,8
O06863,2015,10,3,pre_covid,P001,Laptop,Electronics,129,C017,56650,7
O00385,2015,10,4,pre_covid,P003,Smartphone,Electronics,351,C016,22660,6
O01273,2015,10,4,pre_covid,P012,Festive Sarees,Fashion,1241,C016,6180,17
O03499,2015,10,4,pre_covid,P001,Laptop,Electronics,85,C002,56650,2
O00268,2015,10,5,pre_covid,P004,Air Purifier,Home & Kitchen,222,C008,12360,6
O00355,2015,10,5,pre_covid,P015,Drawing Tablet (EdTech),Stationery & EdTech,252,C014,7725,3
O03351,2015,10,5,pre_covid,P011,Casual Loungewear Set,Fashion,2426,C009,1236,1
O04855,2015,10,5,pre_covid,P007,Treadmill,Gym Equipment,15,C008,43260,2
O07735,2015,10,5,pre_covid,P008,Resistance Bands & Dumbbell Set,Gym Equipment,655,C014,3605,6
O00055,2015,10,6,pre_covid,P012,Festive Sarees,Fashion,1656,C017,6180,6
O02726,2015,10,6,pre_covid,P003,Smartphone,Electronics,288,C002,22660,3
O02929,2015,10,6,pre_covid,P002,Webcam & Headset Combo,Electronics,264,C013,4635,13
O07273,2015,10,6,pre_covid,P010,Men's Formal Shirts,Fashion,1223,C005,1854,19
O05381,2015,10,7,pre_covid,P003,Smartphone,Electronics,40,C018,22660,8
O05963,2015,10,7,pre_covid,P010,Men's Formal Shirts,Fashion,174,C019,1854,17
O00231,2015,10,8,pre_covid,P003,Smartphone,Electronics,396,C008,22660,2
O05875,2015,10,8,pre_covid,P010,Men's Formal Shirts,Fashion,192,C009,1854,9
O07481,2015,10,8,pre_covid,P010,Men's Formal Shirts,Fashion,1105,C017,1854,17
O01251,2015,10,9,pre_covid,P012,Festive Sarees,Fashion,1259,C017,6180,5
O07502,2015,10,9,pre_covid,P012,Festive Sarees,Fashion,405,C006,6180,19
O01793,2015,10,10,pre_covid,P014,Packaged Grocery Staples,Groceries & Hygiene,3135,C004,824,3
O02120,2015,10,10,pre_covid,P002,Webcam & Headset Combo,Electronics,380,C020,4635,16
O03883,2015,10,10,pre_covid,P005,Microwave Oven,Home & Kitchen,162,C019,9270,1
O06257,2015,10,10,pre_covid,P003,Smartphone,Electronics,244,C005,22660,6
O00488,2015,10,11,pre_covid,P003,Smartphone,Electronics,330,C002,22660,3
O02306,2015,10,11,pre_covid,P001,Laptop,Electronics,93,C007,56650,4
O04087,2015,10,11,pre_covid,P012,Festive Sarees,Fashion,1063,C005,6180,19
O01812,2015,10,12,pre_covid,P002,Webcam & Headset Combo,Electronics,58,C009,4635,9
O03572,2015,10,12,pre_covid,P001,Laptop,Electronics,52,C006,56650,6
O00456,2015,10,13,pre_covid,P010,Men's Formal Shirts,Fashion,3089,C001,1854,17
O02068,2015,10,13,pre_covid,P007,Treadmill,Gym Equipment,79,C012,43260,1
O00951,2015,10,14,pre_covid,P002,Webcam & Headset Combo,Electronics,459,C011,4635,15
O05827,2015,10,14,pre_covid,P005,Microwave Oven,Home & Kitchen,253,C019,9270,4
O01364,2015,10,15,pre_covid,P002,Webcam & Headset Combo,Electronics,138,C003,4635,12
O01379,2015,10,15,pre_covid,P010,Men's Formal Shirts,Fashion,2617,C018,1854,7
O02178,2015,10,15,pre_covid,P004,Air Purifier,Home & Kitchen,32,C004,12360,4
O04476,2015,10,15,pre_covid,P013,Hand Sanitizer (Bulk Pack),Groceries & Hygiene,950,C004,1236,3
O07251,2015,10,15,pre_covid,P012,Festive Sarees,Fashion,601,C013,6180,8
O00260,2015,10,16,pre_covid,P012,Festive Sarees,Fashion,1765,C017,6180,10
O04859,2015,10,16,pre_covid,P006,Office Chair (Ergonomic),Home & Kitchen,114,C012,8755,3
O06283,2015,10,17,pre_covid,P007,Treadmill,Gym Equipment,80,C003,43260,2
O02579,2015,10,18,pre_covid,P014,Packaged Grocery Staples,Groceries & Hygiene,2879,C019,824,1
O03068,2015,10,18,pre_covid,P010,Men's Formal Shirts,Fashion,1691,C009,1854,10
O03753,2015,10,18,pre_covid,P001,Laptop,Electronics,91,C015,56650,7
O04630,2015,10,18,pre_covid,P015,Drawing Tablet (EdTech),Stationery & EdTech,129,C016,7725,1
O06740,2015,10,18,pre_covid,P010,Men's Formal Shirts,Fashion,1483,C015,1854,14
O01087,2015,10,19,pre_covid,P015,Drawing Tablet (EdTech),Stationery & EdTech,92,C009,7725,4
O04105,2015,10,19,pre_covid,P005,Microwave Oven,Home & Kitchen,20,C013,9270,3
O00893,2015,10,20,pre_covid,P010,Men's Formal Shirts,Fashion,2827,C015,1854,6
O05427,2015,10,20,pre_covid,P003,Smartphone,Electronics,395,C004,22660,5
O07284,2015,10,20,pre_covid,P012,Festive Sarees,Fashion,553,C003,6180,19
O00512,2015,10,22,pre_covid,P005,Microwave Oven,Home & Kitchen,71,C003,9270,6
O02129,2015,10,22,pre_covid,P003,Smartphone,Electronics,350,C006,22660,2
O03418,2015,10,22,pre_covid,P011,Casual Loungewear Set,Fashion,2414,C005,1236,2
O03868,2015,10,22,pre_covid,P010,Men's Formal Shirts,Fashion,1315,C005,1854,17
O01252,2015,10,23,pre_covid,P003,Smartphone,Electronics,194,C019,22660,8
O03636,2015,10,23,pre_covid,P003,Smartphone,Electronics,70,C012,22660,2
O04253,2015,10,23,pre_covid,P003,Smartphone,Electronics,309,C002,22660,4
O00090,2015,10,24,pre_covid,P010,Men's Formal Shirts,Fashion,2050,C006,1854,20
O04339,2015,10,24,pre_covid,P012,Festive Sarees,Fashion,964,C020,6180,7
O07293,2015,10,24,pre_covid,P003,Smartphone,Electronics,373,C007,22660,8
O02908,2015,10,25,pre_covid,P010,Men's Formal Shirts,Fashion,1755,C007,1854,19
O00071,2015,10,26,pre_covid,P011,Casual Loungewear Set,Fashion,2299,C018,1236,6
O03185,2015,10,26,pre_covid,P003,Smartphone,Electronics,175,C009,22660,4
O03735,2015,10,26,pre_covid,P003,Smartphone,Electronics,40,C012,22660,8
O04425,2015,10,26,pre_covid,P009,Yoga Mat,Gym Equipment,125,C010,1545,4
O05478,2015,10,26,pre_covid,P001,Laptop,Electronics,41,C017,56650,8
O06235,2015,10,26,pre_covid,P006,Office Chair (Ergonomic),Home & Kitchen,145,C012,8755,4
O06564,2015,10,26,pre_covid,P001,Laptop,Electronics,46,C011,56650,7
O06400,2015,10,27,pre_covid,P013,Hand Sanitizer (Bulk Pack),Groceries & Hygiene,1015,C005,1236,1
O03369,2015,10,28,pre_covid,P012,Festive Sarees,Fashion,1385,C004,6180,13
O01780,2015,10,29,pre_covid,P005,Microwave Oven,Home & Kitchen,132,C017,9270,6
O04467,2015,10,30,pre_covid,P008,Resistance Bands & Dumbbell Set,Gym Equipment,189,C017,3605,1
O06199,2015,10,30,pre_covid,P012,Festive Sarees,Fashion,1203,C012,6180,20
O06542,2015,10,30,pre_covid,P012,Festive Sarees,Fashion,942,C016,6180,19
O06739,2015,10,30,pre_covid,P015,Drawing Tablet (EdTech),Stationery & EdTech,226,C015,7725,4
O01495,2015,10,31,pre_covid,P007,Treadmill,Gym Equipment,21,C004,43260,2
O02893,2015,10,31,pre_covid,P010,Men's Formal Shirts,Fashion,1767,C013,1854,8
O06174,2015,11,1,pre_covid,P001,Laptop,Electronics,54,C006,56650,5
O01629,2015,11,2,pre_covid,P001,Laptop,Electronics,67,C010,56650,2
O03166,2015,11,2,pre_covid,P001,Laptop,Electronics,59,C008,56650,4
O04694,2015,11,2,pre_covid,P003,Smartphone,Electronics,207,C018,22660,8
O06074,2015,11,2,pre_covid,P010,Men's Formal Shirts,Fashion,1965,C003,1854,5
O02132,2015,11,3,pre_covid,P010,Men's Formal Shirts,Fashion,2215,C016,1854,12
O03220,2015,11,3,pre_covid,P003,Smartphone,Electronics,158,C002,22660,8
O07841,2015,11,3,pre_covid,P012,Festive Sarees,Fashion,163,C011,6180,5
O03381,2015,11,4,pre_covid,P003,Smartphone,Electronics,113,C001,22660,4
O04807,2015,11,4,pre_covid,P012,Festive Sarees,Fashion,686,C020,6180,9
O05810,2015,11,5,pre_covid,P013,Hand Sanitizer (Bulk Pack),Groceries & Hygiene,1686,C004,1236,1
O05061,2015,11,6,pre_covid,P014,Packaged Grocery Staples,Groceries & Hygiene,2350,C004,824,6
O00869,2015,11,7,pre_covid,P010,Men's Formal Shirts,Fashion,2868,C013,1854,14
O02903,2015,11,7,pre_covid,P014,Packaged Grocery Staples,Groceries & Hygiene,2738,C012,824,3
O05695,2015,11,7,pre_covid,P012,Festive Sarees,Fashion,172,C019,6180,14
O02829,2015,11,8,pre_covid,P012,Festive Sarees,Fashion,282,C012,6180,11
O04216,2015,11,8,pre_covid,P006,Office Chair (Ergonomic),Home & Kitchen,147,C009,8755,3
O04244,2015,11,8,pre_covid,P002,Webcam & Headset Combo,Electronics,176,C002,4635,10
O05409,2015,11,8,pre_covid,P003,Smartphone,Electronics,20,C019,22660,6
O07026,2015,11,9,pre_covid,P003,Smartphone,Electronics,64,C015,22660,5
O00008,2015,11,10,pre_covid,P012,Festive Sarees,Fashion,1410,C016,6180,8
O02326,2015,11,10,pre_covid,P002,Webcam & Headset Combo,Electronics,212,C007,4635,14
O05592,2015,11,10,pre_covid,P003,Smartphone,Electronics,365,C005,22660,4
O05643,2015,11,11,pre_covid,P012,Festive Sarees,Fashion,205,C012,6180,13
O07084,2015,11,11,pre_covid,P008,Resistance Bands & Dumbbell Set,Gym Equipment,116,C014,3605,3
O07307,2015,11,11,pre_covid,P012,Festive Sarees,Fashion,520,C011,6180,10
O01021,2015,11,12,pre_covid,P002,Webcam & Headset Combo,Electronics,411,C007,4635,10
O05239,2015,11,12,pre_covid,P006,Office Chair (Ergonomic),Home & Kitchen,98,C003,8755,1
O07610,2015,11,12,pre_covid,P013,Hand Sanitizer (Bulk Pack),Groceries & Hygiene,1773,C001,1236,2
O07656,2015,11,12,pre_covid,P013,Hand Sanitizer (Bulk Pack),Groceries & Hygiene,1764,C007,1236,6
O01480,2015,11,13,pre_covid,P001,Laptop,Electronics,116,C015,56650,2
O02657,2015,11,13,pre_covid,P012,Festive Sarees,Fashion,422,C005,6180,20
O05306,2015,11,13,pre_covid,P005,Microwave Oven,Home & Kitchen,42,C017,9270,2
O02615,2015,11,14,pre_covid,P002,Webcam & Headset Combo,Electronics,439,C019,4635,13
O04484,2015,11,14,pre_covid,P006,Office Chair (Ergonomic),Home & Kitchen,16,C014,8755,6
O05036,2015,11,14,pre_covid,P010,Men's Formal Shirts,Fashion,674,C013,1854,7
O07488,2015,11,14,pre_covid,P003,Smartphone,Electronics,320,C019,22660,3
O00699,2015,11,15,pre_covid,P012,Festive Sarees,Fashion,1508,C019,6180,9
O02116,2015,11,15,pre_covid,P014,Packaged Grocery Staples,Groceries & Hygiene,3067,C015,824,3
O00209,2015,11,16,pre_covid,P003,Smartphone,Electronics,398,C014,22660,2
O06175,2015,11,16,pre_covid,P002,Webcam & Headset Combo,Electronics,558,C002,4635,8
O06363,2015,11,16,pre_covid,P003,Smartphone,Electronics,214,C014,22660,8
O00294,2015,11,18,pre_covid,P006,Office Chair (Ergonomic),Home & Kitchen,200,C006,8755,4
O00771,2015,11,18,pre_covid,P014,Packaged Grocery Staples,Groceries & Hygiene,2929,C006,824,6
O05130,2015,11,18,pre_covid,P008,Resistance Bands & Dumbbell Set,Gym Equipment,716,C019,3605,1
O06941,2015,11,18,pre_covid,P010,Men's Formal Shirts,Fashion,1362,C011,1854,9
O00286,2015,11,19,pre_covid,P003,Smartphone,Electronics,382,C003,22660,8
O00344,2015,11,20,pre_covid,P004,Air Purifier,Home & Kitchen,181,C003,12360,2
O03322,2015,11,20,pre_covid,P012,Festive Sarees,Fashion,1424,C016,6180,12
O04032,2015,11,20,pre_covid,P013,Hand Sanitizer (Bulk Pack),Groceries & Hygiene,1541,C010,1236,6
O04208,2015,11,20,pre_covid,P005,Microwave Oven,Home & Kitchen,280,C011,9270,1
O05286,2015,11,20,pre_covid,P012,Festive Sarees,Fashion,409,C018,6180,9
O05549,2015,11,20,pre_covid,P002,Webcam & Headset Combo,Electronics,548,C009,4635,13
O06829,2015,11,20,pre_covid,P012,Festive Sarees,Fashion,823,C016,6180,14
O07031,2015,11,20,pre_covid,P010,Men's Formal Shirts,Fashion,1337,C012,1854,11
O03296,2015,11,21,pre_covid,P007,Treadmill,Gym Equipment,80,C017,43260,2
O05204,2015,11,21,pre_covid,P012,Festive Sarees,Fashion,466,C007,6180,15
O00566,2015,11,22,pre_covid,P006,Office Chair (Ergonomic),Home & Kitchen,200,C016,8755,3
O00626,2015,11,22,pre_covid,P012,Festive Sarees,Fashion,1545,C018,6180,14
O02925,2015,11,22,pre_covid,P003,Smartphone,Electronics,247,C007,22660,4
O07561,2015,11,22,pre_covid,P003,Smartphone,Electronics,301,C010,22660,2
O02059,2015,11,23,pre_covid,P006,Office Chair (Ergonomic),Home & Kitchen,200,C006,8755,3
O03809,2015,11,25,pre_covid,P002,Webcam & Headset Combo,Electronics,550,C004,4635,13
O07287,2015,11,25,pre_covid,P003,Smartphone,Electronics,376,C016,22660,3
O00103,2015,11,26,pre_covid,P002,Webcam & Headset Combo,Electronics,450,C008,4635,12
O00318,2015,11,26,pre_covid,P003,Smartphone,Electronics,374,C009,22660,8
O00329,2015,11,26,pre_covid,P004,Air Purifier,Home & Kitchen,204,C019,12360,4
O05817,2015,11,26,pre_covid,P011,Casual Loungewear Set,Fashion,1087,C020,1236,2
O05911,2015,11,26,pre_covid,P002,Webcam & Headset Combo,Electronics,254,C002,4635,16
O06600,2015,11,26,pre_covid,P011,Casual Loungewear Set,Fashion,909,C019,1236,5
O01019,2015,11,27,pre_covid,P009,Yoga Mat,Gym Equipment,1442,C016,1545,4
O01851,2015,11,27,pre_covid,P012,Festive Sarees,Fashion,955,C002,6180,9
O03039,2015,11,27,pre_covid,P012,Festive Sarees,Fashion,152,C003,6180,13
O07162,2015,11,27,pre_covid,P004,Air Purifier,Home & Kitchen,36,C006,12360,6
O07996,2015,11,27,pre_covid,P015,Drawing Tablet (EdTech),Stationery & EdTech,204,C016,7725,6
O06039,2015,11,28,pre_covid,P010,Men's Formal Shirts,Fashion,121,C007,1854,18
O01978,2015,11,29,pre_covid,P001,Laptop,Electronics,62,C018,56650,7
O03818,2015,12,2,pre_covid,P009,Yoga Mat,Gym Equipment,716,C009,1545,2
O04221,2015,12,2,pre_covid,P014,Packaged Grocery Staples,Groceries & Hygiene,2222,C005,824,6
O07341,2015,12,2,pre_covid,P002,Webcam & Headset Combo,Electronics,236,C016,4635,7
O01919,2015,12,4,pre_covid,P014,Packaged Grocery Staples,Groceries & Hygiene,3111,C012,824,1
O06539,2015,12,4,pre_covid,P012,Festive Sarees,Fashion,961,C008,6180,19
O07042,2015,12,5,pre_covid,P011,Casual Loungewear Set,Fashion,728,C009,1236,4
O07241,2015,12,5,pre_covid,P008,Resistance Bands & Dumbbell Set,Gym Equipment,1085,C012,3605,2
O00098,2015,12,7,pre_covid,P006,Office Chair (Ergonomic),Home & Kitchen,138,C020,8755,1
O00369,2015,12,7,pre_covid,P005,Microwave Oven,Home & Kitchen,132,C008,9270,2
O02435,2015,12,7,pre_covid,P015,Drawing Tablet (EdTech),Stationery & EdTech,38,C001,7725,6
O03656,2015,12,7,pre_covid,P003,Smartphone,Electronics,65,C002,22660,6
O00647,2015,12,8,pre_covid,P012,Festive Sarees,Fashion,1531,C015,6180,13
O04650,2015,12,8,pre_covid,P001,Laptop,Electronics,51,C014,56650,7
O05785,2015,12,9,pre_covid,P015,Drawing Tablet (EdTech),Stationery & EdTech,19,C016,7725,4
O07179,2015,12,9,pre_covid,P013,Hand Sanitizer (Bulk Pack),Groceries & Hygiene,289,C020,1236,2
O07578,2015,12,9,pre_covid,P012,Festive Sarees,Fashion,324,C011,6180,9
O02742,2015,12,10,pre_covid,P002,Webcam & Headset Combo,Electronics,383,C011,4635,10
O04668,2015,12,10,pre_covid,P012,Festive Sarees,Fashion,829,C018,6180,8
O01138,2015,12,11,pre_covid,P002,Webcam & Headset Combo,Electronics,331,C015,4635,6
O03790,2015,12,11,pre_covid,P001,Laptop,Electronics,74,C005,56650,4
O04686,2015,12,11,pre_covid,P013,Hand Sanitizer (Bulk Pack),Groceries & Hygiene,716,C016,1236,4
O04955,2015,12,11,pre_covid,P011,Casual Loungewear Set,Fashion,1545,C007,1236,5
O02722,2015,12,12,pre_covid,P008,Resistance Bands & Dumbbell Set,Gym Equipment,463,C015,3605,2
O04422,2015,12,13,pre_covid,P005,Microwave Oven,Home & Kitchen,100,C007,9270,4
O04500,2015,12,13,pre_covid,P003,Smartphone,Electronics,258,C017,22660,8
O00040,2015,12,14,pre_covid,P010,Men's Formal Shirts,Fashion,1867,C006,1854,6
O00612,2015,12,14,pre_covid,P007,Treadmill,Gym Equipment,78,C019,43260,1
O01044,2015,12,15,pre_covid,P003,Smartphone,Electronics,236,C015,22660,5
O01118,2015,12,15,pre_covid,P004,Air Purifier,Home & Kitchen,37,C004,12360,2
O03731,2015,12,15,pre_covid,P001,Laptop,Electronics,111,C010,56650,4
O04636,2015,12,15,pre_covid,P003,Smartphone,Electronics,224,C017,22660,8
O06353,2015,12,15,pre_covid,P005,Microwave Oven,Home & Kitchen,233,C018,9270,4
O07272,2015,12,15,pre_covid,P012,Festive Sarees,Fashion,578,C010,6180,15
O02676,2015,12,16,pre_covid,P012,Festive Sarees,Fashion,402,C016,6180,7
O03937,2015,12,16,pre_covid,P013,Hand Sanitizer (Bulk Pack),Groceries & Hygiene,1613,C017,1236,5
O06303,2015,12,16,pre_covid,P002,Webcam & Headset Combo,Electronics,486,C014,4635,15
O03629,2015,12,17,pre_covid,P002,Webcam & Headset Combo,Electronics,62,C004,4635,13
O04469,2015,12,17,pre_covid,P003,Smartphone,Electronics,276,C017,22660,7
O04917,2015,12,17,pre_covid,P010,Men's Formal Shirts,Fashion,798,C014,1854,13
O04472,2015,12,18,pre_covid,P008,Resistance Bands & Dumbbell Set,Gym Equipment,188,C019,3605,4
O06227,2015,12,18,pre_covid,P002,Webcam & Headset Combo,Electronics,544,C013,4635,11
O07929,2015,12,18,pre_covid,P004,Air Purifier,Home & Kitchen,176,C002,12360,6
O03618,2015,12,19,pre_covid,P014,Packaged Grocery Staples,Groceries & Hygiene,2426,C012,824,5
O05976,2015,12,19,pre_covid,P003,Smartphone,Electronics,318,C006,22660,7
O01160,2015,12,20,pre_covid,P011,Casual Loungewear Set,Fashion,2938,C016,1236,1
O07171,2015,12,20,pre_covid,P015,Drawing Tablet (EdTech),Stationery & EdTech,190,C017,7725,5
O00203,2015,12,21,pre_covid,P002,Webcam & Headset Combo,Electronics,547,C015,4635,6
O05188,2015,12,21,pre_covid,P005,Microwave Oven,Home & Kitchen,131,C011,9270,6
O07999,2015,12,21,pre_covid,P002,Webcam & Headset Combo,Electronics,185,C011,4635,18
O01721,2015,12,22,pre_covid,P003,Smartphone,Electronics,59,C006,22660,4
O02765,2015,12,22,pre_covid,P013,Hand Sanitizer (Bulk Pack),Groceries & Hygiene,660,C012,1236,1
O00173,2015,12,23,pre_covid,P013,Hand Sanitizer (Bulk Pack),Groceries & Hygiene,1393,C005,1236,5
O06159,2015,12,23,pre_covid,P008,Resistance Bands & Dumbbell Set,Gym Equipment,1020,C014,3605,1
O00121,2015,12,25,pre_covid,P006,Office Chair (Ergonomic),Home & Kitchen,137,C005,8755,2
O02741,2015,12,25,pre_covid,P004,Air Purifier,Home & Kitchen,181,C003,12360,1
O04123,2015,12,25,pre_covid,P009,Yoga Mat,Gym Equipment,442,C003,1545,1
O06545,2015,12,25,pre_covid,P014,Packaged Grocery Staples,Groceries & Hygiene,1711,C007,824,4
O07336,2015,12,25,pre_covid,P003,Smartphone,Electronics,340,C002,22660,3
O07888,2015,12,25,pre_covid,P003,Smartphone,Electronics,256,C015,22660,2
O01873,2015,12,26,pre_covid,P012,Festive Sarees,Fashion,891,C008,6180,5
O02193,2015,12,26,pre_covid,P005,Microwave Oven,Home & Kitchen,148,C014,9270,5
O03371,2015,12,26,pre_covid,P003,Smartphone,Electronics,117,C010,22660,4
O03715,2015,12,26,pre_covid,P014,Packaged Grocery Staples,Groceries & Hygiene,2411,C015,824,2
O01477,2015,12,27,pre_covid,P013,Hand Sanitizer (Bulk Pack),Groceries & Hygiene,195,C006,1236,1
O06171,2015,12,27,pre_covid,P010,Men's Formal Shirts,Fashion,1906,C020,1854,17
O01113,2015,12,28,pre_covid,P003,Smartphone,Electronics,224,C004,22660,2
O01505,2015,12,28,pre_covid,P002,Webcam & Headset Combo,Electronics,548,C001,4635,19
O07335,2015,12,30,pre_covid,P003,Smartphone,Electronics,343,C017,22660,3
O07676,2015,12,30,pre_covid,P003,Smartphone,Electronics,277,C015,22660,2
O00068,2015,12,31,pre_covid,P007,Treadmill,Gym Equipment,57,C017,43260,3
O02981,2015,12,31,pre_covid,P007,Treadmill,Gym Equipment,18,C007,43260,1
O07382,2015,12,31,pre_covid,P004,Air Purifier,Home & Kitchen,274,C001,12360,3
O02422,2016,1,2,pre_covid,P005,Microwave Oven,Home & Kitchen,268,C012,9548,6
O06526,2016,1,2,pre_covid,P012,Festive Sarees,Fashion,993,C014,6365,2
O07636,2016,1,2,pre_covid,P007,Treadmill,Gym Equipment,4,C005,44557,2
O01846,2016,1,3,pre_covid,P008,Resistance Bands & Dumbbell Set,Gym Equipment,1195,C016,3713,7
O06239,2016,1,3,pre_covid,P012,Festive Sarees,Fashion,1163,C004,6365,2
O07933,2016,1,3,pre_covid,P015,Drawing Tablet (EdTech),Stationery & EdTech,218,C006,7956,3
O02192,2016,1,4,pre_covid,P009,Yoga Mat,Gym Equipment,282,C013,1591,12
O05365,2016,1,4,pre_covid,P003,Smartphone,Electronics,48,C003,23339,8
O06494,2016,1,4,pre_covid,P008,Resistance Bands & Dumbbell Set,Gym Equipment,855,C020,3713,16
O07515,2016,1,4,pre_covid,P011,Casual Loungewear Set,Fashion,402,C010,1273,1
O00633,2016,1,5,pre_covid,P003,Smartphone,Electronics,277,C015,23339,5
O01365,2016,1,5,pre_covid,P005,Microwave Oven,Home & Kitchen,335,C010,9548,5
O06530,2016,1,5,pre_covid,P005,Microwave Oven,Home & Kitchen,54,C015,9548,1
O00147,2016,1,6,pre_covid,P004,Air Purifier,Home & Kitchen,244,C006,12730,6
O00850,2016,1,6,pre_covid,P010,Men's Formal Shirts,Fashion,2871,C018,1909,3
O01116,2016,1,6,pre_covid,P007,Treadmill,Gym Equipment,44,C015,44557,5
O01994,2016,1,6,pre_covid,P006,Office Chair (Ergonomic),Home & Kitchen,90,C018,9017,5
O05694,2016,1,6,pre_covid,P009,Yoga Mat,Gym Equipment,391,C008,1591,20
O01098,2016,1,7,pre_covid,P006,Office Chair (Ergonomic),Home & Kitchen,56,C011,9017,5
O03022,2016,1,7,pre_covid,P003,Smartphone,Electronics,211,C011,23339,8
O02666,2016,1,8,pre_covid,P005,Microwave Oven,Home & Kitchen,300,C007,9548,4
O00018,2016,1,9,pre_covid,P002,Webcam & Headset Combo,Electronics,493,C006,4774,3
O01201,2016,1,9,pre_covid,P008,Resistance Bands & Dumbbell Set,Gym Equipment,377,C002,3713,11
O06470,2016,1,9,pre_covid,P012,Festive Sarees,Fashion,1030,C008,6365,1
O00900,2016,1,10,pre_covid,P009,Yoga Mat,Gym Equipment,1613,C019,1591,7
O01242,2016,1,10,pre_covid,P011,Casual Loungewear Set,Fashion,2896,C012,1273,3
O01903,2016,1,10,pre_covid,P014,Packaged Grocery Staples,Groceries & Hygiene,3113,C001,848,2
O05790,2016,1,10,pre_covid,P006,Office Chair (Ergonomic),Home & Kitchen,33,C001,9017,3
O05962,2016,1,10,pre_covid,P011,Casual Loungewear Set,Fashion,1069,C004,1273,3
O01062,2016,1,11,pre_covid,P009,Yoga Mat,Gym Equipment,1408,C010,1591,19
O01328,2016,1,11,pre_covid,P009,Yoga Mat,Gym Equipment,1211,C010,1591,8
O01761,2016,1,11,pre_covid,P013,Hand Sanitizer (Bulk Pack),Groceries & Hygiene,1974,C018,1273,4
O04326,2016,1,11,pre_covid,P008,Resistance Bands & Dumbbell Set,Gym Equipment,244,C008,3713,5
O05129,2016,1,11,pre_covid,P013,Hand Sanitizer (Bulk Pack),Groceries & Hygiene,491,C015,1273,4
O07298,2016,1,11,pre_covid,P013,Hand Sanitizer (Bulk Pack),Groceries & Hygiene,132,C006,1273,1
O07433,2016,1,11,pre_covid,P011,Casual Loungewear Set,Fashion,472,C011,1273,4
O00440,2016,1,12,pre_covid,P009,Yoga Mat,Gym Equipment,2271,C013,1591,12
O04096,2016,1,12,pre_covid,P002,Webcam & Headset Combo,Electronics,367,C020,4774,1
O07729,2016,1,12,pre_covid,P002,Webcam & Headset Combo,Electronics,407,C008,4774,1
O00608,2016,1,13,pre_covid,P003,Smartphone,Electronics,292,C009,23339,7
O03456,2016,1,13,pre_covid,P012,Festive Sarees,Fashion,1283,C019,6365,6
O05291,2016,1,13,pre_covid,P013,Hand Sanitizer (Bulk Pack),Groceries & Hygiene,315,C002,1273,3
O07331,2016,1,13,pre_covid,P012,Festive Sarees,Fashion,483,C010,6365,1
O02623,2016,1,14,pre_covid,P007,Treadmill,Gym Equipment,34,C015,44557,7
O00510,2016,1,16,pre_covid,P013,Hand Sanitizer (Bulk Pack),Groceries & Hygiene,1274,C016,1273,3
O06514,2016,1,16,pre_covid,P008,Resistance Bands & Dumbbell Set,Gym Equipment,831,C006,3713,10
O07812,2016,1,17,pre_covid,P007,Treadmill,Gym Equipment,54,C005,44557,7
O07575,2016,1,18,pre_covid,P001,Laptop,Electronics,89,C011,58349,2
O02604,2016,1,19,pre_covid,P007,Treadmill,Gym Equipment,44,C007,44557,5
O03853,2016,1,19,pre_covid,P014,Packaged Grocery Staples,Groceries & Hygiene,2379,C004,848,5
O06816,2016,1,19,pre_covid,P008,Resistance Bands & Dumbbell Set,Gym Equipment,409,C001,3713,18
O07779,2016,1,19,pre_covid,P009,Yoga Mat,Gym Equipment,1336,C011,1591,12
O00282,2016,1,20,pre_covid,P011,Casual Loungewear Set,Fashion,3473,C012,1273,6
O01237,2016,1,20,pre_covid,P010,Men's Formal Shirts,Fashion,2692,C014,1909,6
O02930,2016,1,20,pre_covid,P008,Resistance Bands & Dumbbell Set,Gym Equipment,159,C016,3713,19
O04142,2016,1,20,pre_covid,P005,Microwave Oven,Home & Kitchen,13,C020,9548,4
O04867,2016,1,20,pre_covid,P007,Treadmill,Gym Equipment,10,C002,44557,2
O05559,2016,1,20,pre_covid,P005,Microwave Oven,Home & Kitchen,94,C015,9548,6
O02157,2016,1,21,pre_covid,P013,Hand Sanitizer (Bulk Pack),Groceries & Hygiene,1638,C018,1273,1
O00542,2016,1,23,pre_covid,P001,Laptop,Electronics,57,C020,58349,1
O00092,2016,1,24,pre_covid,P011,Casual Loungewear Set,Fashion,2648,C014,1273,2
O00452,2016,1,24,pre_covid,P002,Webcam & Headset Combo,Electronics,277,C006,4774,5
O00816,2016,1,24,pre_covid,P007,Treadmill,Gym Equipment,72,C006,44557,3
O02966,2016,1,24,pre_covid,P011,Casual Loungewear Set,Fashion,2633,C013,1273,3
O03086,2016,1,24,pre_covid,P002,Webcam & Headset Combo,Electronics,567,C013,4774,4
O04009,2016,1,24,pre_covid,P010,Men's Formal Shirts,Fashion,1240,C006,1909,1
O06644,2016,1,24,pre_covid,P013,Hand Sanitizer (Bulk Pack),Groceries & Hygiene,741,C017,1273,5
O07593,2016,1,24,pre_covid,P007,Treadmill,Gym Equipment,31,C020,44557,7
O01148,2016,1,25,pre_covid,P013,Hand Sanitizer (Bulk Pack),Groceries & Hygiene,509,C006,1273,4
O01543,2016,1,25,pre_covid,P011,Casual Loungewear Set,Fashion,2751,C020,1273,6
O01790,2016,1,25,pre_covid,P007,Treadmill,Gym Equipment,80,C012,44557,3
O02203,2016,1,25,pre_covid,P012,Festive Sarees,Fashion,670,C020,6365,3
O04265,2016,1,25,pre_covid,P009,Yoga Mat,Gym Equipment,226,C001,1591,9
O04858,2016,1,26,pre_covid,P005,Microwave Oven,Home & Kitchen,56,C010,9548,5
O06096,2016,1,26,pre_covid,P012,Festive Sarees,Fashion,1283,C003,6365,6
O06516,2016,1,26,pre_covid,P005,Microwave Oven,Home & Kitchen,60,C016,9548,6
O00807,2016,1,27,pre_covid,P005,Microwave Oven,Home & Kitchen,21,C015,9548,6
O05863,2016,1,27,pre_covid,P009,Yoga Mat,Gym Equipment,223,C015,1591,17
O07373,2016,1,27,pre_covid,P005,Microwave Oven,Home & Kitchen,289,C001,9548,6
O06737,2016,1,28,pre_covid,P011,Casual Loungewear Set,Fashion,882,C008,1273,6
O01805,2016,1,29,pre_covid,P010,Men's Formal Shirts,Fashion,2345,C005,1909,4
O02169,2016,1,29,pre_covid,P007,Treadmill,Gym Equipment,21,C020,44557,7
O05741,2016,1,29,pre_covid,P009,Yoga Mat,Gym Equipment,287,C001,1591,7
O07589,2016,1,29,pre_covid,P001,Laptop,Electronics,87,C016,58349,2
O06022,2016,1,30,pre_covid,P002,Webcam & Headset Combo,Electronics,115,C012,4774,5
O02023,2016,1,31,pre_covid,P009,Yoga Mat,Gym Equipment,479,C004,1591,8
O04820,2016,1,31,pre_covid,P009,Yoga Mat,Gym Equipment,1172,C019,1591,8
O05850,2016,1,31,pre_covid,P003,Smartphone,Electronics,342,C016,23339,5
O07156,2016,1,31,pre_covid,P008,Resistance Bands & Dumbbell Set,Gym Equipment,1200,C020,3713,5
O01352,2016,2,1,pre_covid,P008,Resistance Bands & Dumbbell Set,Gym Equipment,264,C014,3713,2
O03112,2016,2,1,pre_covid,P012,Festive Sarees,Fashion,109,C020,6365,7
O05169,2016,2,1,pre_covid,P001,Laptop,Electronics,13,C009,58349,2
O06700,2016,2,2,pre_covid,P008,Resistance Bands & Dumbbell Set,Gym Equipment,524,C015,3713,3
O06827,2016,2,2,pre_covid,P011,Casual Loungewear Set,Fashion,870,C001,1273,6
O01007,2016,2,3,pre_covid,P013,Hand Sanitizer (Bulk Pack),Groceries & Hygiene,633,C010,1273,1
O01574,2016,2,3,pre_covid,P003,Smartphone,Electronics,93,C018,23339,2
O05202,2016,2,3,pre_covid,P002,Webcam & Headset Combo,Electronics,262,C015,4774,2
O05434,2016,2,3,pre_covid,P010,Men's Formal Shirts,Fashion,460,C009,1909,12
O01758,2016,2,4,pre_covid,P005,Microwave Oven,Home & Kitchen,138,C015,9548,6
O06620,2016,2,4,pre_covid,P009,Yoga Mat,Gym Equipment,930,C017,1591,3
O04110,2016,2,5,pre_covid,P003,Smartphone,Electronics,362,C013,23339,3
O00162,2016,2,6,pre_covid,P012,Festive Sarees,Fashion,1829,C015,6365,11
O07396,2016,2,6,pre_covid,P010,Men's Formal Shirts,Fashion,1172,C003,1909,15
O01369,2016,2,7,pre_covid,P006,Office Chair (Ergonomic),Home & Kitchen,121,C019,9017,4
O03255,2016,2,7,pre_covid,P010,Men's Formal Shirts,Fashion,1618,C002,1909,9
O02307,2016,2,8,pre_covid,P003,Smartphone,Electronics,355,C002,23339,3
O02764,2016,2,9,pre_covid,P012,Festive Sarees,Fashion,370,C004,6365,15
O03347,2016,2,9,pre_covid,P002,Webcam & Headset Combo,Electronics,356,C016,4774,5
O07296,2016,2,9,pre_covid,P008,Resistance Bands & Dumbbell Set,Gym Equipment,1061,C015,3713,4
O03062,2016,2,10,pre_covid,P008,Resistance Bands & Dumbbell Set,Gym Equipment,44,C018,3713,4
O00874,2016,2,11,pre_covid,P003,Smartphone,Electronics,218,C010,23339,3
O01596,2016,2,11,pre_covid,P010,Men's Formal Shirts,Fashion,2494,C004,1909,6
O03791,2016,2,11,pre_covid,P001,Laptop,Electronics,70,C020,58349,2
O03991,2016,2,11,pre_covid,P014,Packaged Grocery Staples,Groceries & Hygiene,2354,C009,848,1
O01387,2016,2,12,pre_covid,P003,Smartphone,Electronics,136,C013,23339,3
O02352,2016,2,12,pre_covid,P008,Resistance Bands & Dumbbell Set,Gym Equipment,722,C005,3713,2
O05628,2016,2,12,pre_covid,P006,Office Chair (Ergonomic),Home & Kitchen,79,C003,9017,1
O07033,2016,2,12,pre_covid,P011,Casual Loungewear Set,Fashion,732,C015,1273,4
O07650,2016,2,12,pre_covid,P012,Festive Sarees,Fashion,260,C010,6365,13
O02106,2016,2,13,pre_covid,P008,Resistance Bands & Dumbbell Set,Gym Equipment,849,C003,3713,5
O03461,2016,2,13,pre_covid,P005,Microwave Oven,Home & Kitchen,26,C003,9548,3
O00393,2016,2,14,pre_covid,P007,Treadmill,Gym Equipment,61,C020,44557,3
O00886,2016,2,14,pre_covid,P014,Packaged Grocery Staples,Groceries & Hygiene,2908,C009,848,5
O01573,2016,2,15,pre_covid,P010,Men's Formal Shirts,Fashion,2505,C020,1909,11
O04684,2016,2,15,pre_covid,P012,Festive Sarees,Fashion,811,C006,6365,9
O05067,2016,2,16,pre_covid,P007,Treadmill,Gym Equipment,44,C015,44557,1
O06693,2016,2,16,pre_covid,P010,Men's Formal Shirts,Fashion,1532,C015,1909,8
O05482,2016,2,17,pre_covid,P003,Smartphone,Electronics,383,C005,23339,2
O01937,2016,2,18,pre_covid,P003,Smartphone,Electronics,387,C012,23339,2
O02144,2016,2,18,pre_covid,P010,Men's Formal Shirts,Fashion,2198,C001,1909,17
O02753,2016,2,18,pre_covid,P007,Treadmill,Gym Equipment,61,C002,44557,3
O05357,2016,2,18,pre_covid,P013,Hand Sanitizer (Bulk Pack),Groceries & Hygiene,249,C019,1273,5
O00552,2016,2,19,pre_covid,P015,Drawing Tablet (EdTech),Stationery & EdTech,171,C007,7956,1
O00764,2016,2,19,pre_covid,P010,Men's Formal Shirts,Fashion,2950,C018,1909,19
O03876,2016,2,19,pre_covid,P014,Packaged Grocery Staples,Groceries & Hygiene,2370,C011,848,1
O07374,2016,2,19,pre_covid,P011,Casual Loungewear Set,Fashion,475,C006,1273,3
O01615,2016,2,20,pre_covid,P007,Treadmill,Gym Equipment,59,C004,44557,3
O07041,2016,2,20,pre_covid,P003,Smartphone,Electronics,59,C007,23339,2
O00213,2016,2,21,pre_covid,P011,Casual Loungewear Set,Fashion,3489,C003,1273,5
O02320,2016,2,21,pre_covid,P003,Smartphone,Electronics,352,C018,23339,2
O02827,2016,2,21,pre_covid,P009,Yoga Mat,Gym Equipment,1346,C017,1591,2
O03295,2016,2,21,pre_covid,P015,Drawing Tablet (EdTech),Stationery & EdTech,220,C012,7956,6
O00539,2016,2,22,pre_covid,P013,Hand Sanitizer (Bulk Pack),Groceries & Hygiene,1210,C018,1273,3
O02740,2016,2,22,pre_covid,P011,Casual Loungewear Set,Fashion,2830,C003,1273,4
O03159,2016,2,22,pre_covid,P003,Smartphone,Electronics,181,C018,23339,3
O03542,2016,2,22,pre_covid,P013,Hand Sanitizer (Bulk Pack),Groceries & Hygiene,1955,C020,1273,1
O05302,2016,2,22,pre_covid,P007,Treadmill,Gym Equipment,35,C005,44557,1
O06378,2016,2,22,pre_covid,P012,Festive Sarees,Fashion,1124,C017,6365,19
O00860,2016,2,23,pre_covid,P004,Air Purifier,Home & Kitchen,56,C006,12730,6
O04538,2016,2,23,pre_covid,P011,Casual Loungewear Set,Fashion,1813,C007,1273,1
O02281,2016,2,26,pre_covid,P003,Smartphone,Electronics,365,C003,23339,3
O05613,2016,2,26,pre_covid,P004,Air Purifier,Home & Kitchen,63,C020,12730,6
O05281,2016,2,27,pre_covid,P005,Microwave Oven,Home & Kitchen,66,C015,9548,4
O06589,2016,2,27,pre_covid,P013,Hand Sanitizer (Bulk Pack),Groceries & Hygiene,783,C012,1273,2
O05605,2016,2,28,pre_covid,P013,Hand Sanitizer (Bulk Pack),Groceries & Hygiene,1982,C001,1273,4
O03328,2016,2,29,pre_covid,P003,Smartphone,Electronics,126,C010,23339,3
O05753,2016,2,29,pre_covid,P014,Packaged Grocery Staples,Groceries & Hygiene,2100,C007,848,5
O06602,2016,2,29,pre_covid,P009,Yoga Mat,Gym Equipment,975,C007,1591,1
O01918,2016,3,3,pre_covid,P008,Resistance Bands & Dumbbell Set,Gym Equipment,1159,C001,3713,1
O02572,2016,3,3,pre_covid,P010,Men's Formal Shirts,Fashion,1921,C001,1909,7
O04297,2016,3,3,pre_covid,P010,Men's Formal Shirts,Fashion,1129,C004,1909,12
O03114,2016,3,4,pre_covid,P011,Casual Loungewear Set,Fashion,2538,C005,1273,3
O04613,2016,3,4,pre_covid,P015,Drawing Tablet (EdTech),Stationery & EdTech,132,C014,7956,3
O05280,2016,3,4,pre_covid,P013,Hand Sanitizer (Bulk Pack),Groceries & Hygiene,320,C005,1273,5
O01811,2016,3,5,pre_covid,P012,Festive Sarees,Fashion,961,C005,6365,5
O03134,2016,3,5,pre_covid,P003,Smartphone,Electronics,184,C019,23339,3
O03680,2016,3,5,pre_covid,P012,Festive Sarees,Fashion,1301,C005,6365,11
O04465,2016,3,5,pre_covid,P002,Webcam & Headset Combo,Electronics,477,C017,4774,1
O06699,2016,3,5,pre_covid,P005,Microwave Oven,Home & Kitchen,213,C013,9548,1
O01747,2016,3,6,pre_covid,P001,Laptop,Electronics,150,C003,58349,2
O04624,2016,3,6,pre_covid,P004,Air Purifier,Home & Kitchen,259,C007,12730,6
O02246,2016,3,7,pre_covid,P005,Microwave Oven,Home & Kitchen,116,C006,9548,3
O03863,2016,3,7,pre_covid,P006,Office Chair (Ergonomic),Home & Kitchen,121,C001,9017,2
O03974,2016,3,7,pre_covid,P014,Packaged Grocery Staples,Groceries & Hygiene,2356,C012,848,2
O05557,2016,3,7,pre_covid,P014,Packaged Grocery Staples,Groceries & Hygiene,2174,C012,848,6
O05577,2016,3,7,pre_covid,P014,Packaged Grocery Staples,Groceries & Hygiene,2156,C007,848,4
O06111,2016,3,8,pre_covid,P013,Hand Sanitizer (Bulk Pack),Groceries & Hygiene,1313,C016,1273,5
O07457,2016,3,8,pre_covid,P010,Men's Formal Shirts,Fashion,1120,C004,1909,14
O07546,2016,3,8,pre_covid,P010,Men's Formal Shirts,Fashion,979,C003,1909,8
O05109,2016,3,9,pre_covid,P010,Men's Formal Shirts,Fashion,653,C006,1909,20
O06952,2016,3,9,pre_covid,P010,Men's Formal Shirts,Fashion,1353,C017,1909,5
O07292,2016,3,10,pre_covid,P013,Hand Sanitizer (Bulk Pack),Groceries & Hygiene,144,C002,1273,5
O02695,2016,3,11,pre_covid,P013,Hand Sanitizer (Bulk Pack),Groceries & Hygiene,782,C009,1273,5
O03115,2016,3,11,pre_covid,P006,Office Chair (Ergonomic),Home & Kitchen,11,C001,9017,1
O04057,2016,3,11,pre_covid,P015,Drawing Tablet (EdTech),Stationery & EdTech,257,C007,7956,2
O05431,2016,3,11,pre_covid,P007,Treadmill,Gym Equipment,80,C006,44557,1
O05108,2016,3,12,pre_covid,P001,Laptop,Electronics,41,C018,58349,3
O05148,2016,3,13,pre_covid,P011,Casual Loungewear Set,Fashion,1379,C005,1273,3
O05952,2016,3,13,pre_covid,P012,Festive Sarees,Fashion,1371,C020,6365,10
O02440,2016,3,14,pre_covid,P004,Air Purifier,Home & Kitchen,263,C004,12730,6
O03970,2016,3,14,pre_covid,P015,Drawing Tablet (EdTech),Stationery & EdTech,27,C020,7956,4
O06856,2016,3,14,pre_covid,P004,Air Purifier,Home & Kitchen,122,C015,12730,2
O05007,2016,3,15,pre_covid,P010,Men's Formal Shirts,Fashion,698,C011,1909,18
O06511,2016,3,15,pre_covid,P010,Men's Formal Shirts,Fashion,1661,C006,1909,6
O03805,2016,3,16,pre_covid,P008,Resistance Bands & Dumbbell Set,Gym Equipment,687,C020,3713,3
O07534,2016,3,16,pre_covid,P012,Festive Sarees,Fashion,348,C010,6365,8
O00715,2016,3,17,pre_covid,P012,Festive Sarees,Fashion,1497,C013,6365,8
O03177,2016,3,17,pre_covid,P014,Packaged Grocery Staples,Groceries & Hygiene,2601,C007,848,4
O03451,2016,3,17,pre_covid,P012,Festive Sarees,Fashion,1297,C007,6365,14
O07858,2016,3,17,pre_covid,P012,Festive Sarees,Fashion,152,C013,6365,5
O01559,2016,3,18,pre_covid,P008,Resistance Bands & Dumbbell Set,Gym Equipment,72,C014,3713,6
O00910,2016,3,19,pre_covid,P010,Men's Formal Shirts,Fashion,2818,C013,1909,5
O02863,2016,3,19,pre_covid,P011,Casual Loungewear Set,Fashion,2806,C003,1273,1
O05954,2016,3,19,pre_covid,P012,Festive Sarees,Fashion,1361,C002,6365,5
O07107,2016,3,19,pre_covid,P010,Men's Formal Shirts,Fashion,1252,C007,1909,20
O07761,2016,3,19,pre_covid,P012,Festive Sarees,Fashion,207,C010,6365,9
O00280,2016,3,20,pre_covid,P002,Webcam & Headset Combo,Electronics,548,C010,4774,4
O00432,2016,3,20,pre_covid,P007,Treadmill,Gym Equipment,44,C004,44557,2
O01556,2016,3,20,pre_covid,P010,Men's Formal Shirts,Fashion,2536,C011,1909,19
O03074,2016,3,20,pre_covid,P010,Men's Formal Shirts,Fashion,1681,C009,1909,13
O06670,2016,3,20,pre_covid,P006,Office Chair (Ergonomic),Home & Kitchen,86,C014,9017,1
O07654,2016,3,20,pre_covid,P012,Festive Sarees,Fashion,247,C012,6365,9
O01589,2016,3,21,pre_covid,P012,Festive Sarees,Fashion,1076,C005,6365,14
O01914,2016,3,21,pre_covid,P011,Casual Loungewear Set,Fashion,3107,C001,1273,3
O07744,2016,3,21,pre_covid,P004,Air Purifier,Home & Kitchen,240,C014,12730,4
O07392,2016,3,22,pre_covid,P015,Drawing Tablet (EdTech),Stationery & EdTech,283,C017,7956,5
O01078,2016,3,23,pre_covid,P010,Men's Formal Shirts,Fashion,2734,C010,1909,19
O02632,2016,3,23,pre_covid,P007,Treadmill,Gym Equipment,22,C008,44557,3
O04413,2016,3,23,pre_covid,P014,Packaged Grocery Staples,Groceries & Hygiene,2651,C010,848,6
O06384,2016,3,23,pre_covid,P012,Festive Sarees,Fashion,1100,C002,6365,20
O00655,2016,3,24,pre_covid,P001,Laptop,Electronics,150,C013,58349,3
O03468,2016,3,24,pre_covid,P013,Hand Sanitizer (Bulk Pack),Groceries & Hygiene,2000,C013,1273,6
O03858,2016,3,24,pre_covid,P011,Casual Loungewear Set,Fashion,2126,C010,1273,6
O07944,2016,3,24,pre_covid,P002,Webcam & Headset Combo,Electronics,263,C018,4774,4
O04104,2016,3,25,pre_covid,P009,Yoga Mat,Gym Equipment,492,C010,1591,4
O06372,2016,3,25,pre_covid,P001,Laptop,Electronics,108,C017,58349,2
O06416,2016,3,25,pre_covid,P015,Drawing Tablet (EdTech),Stationery & EdTech,196,C018,7956,5
O06489,2016,3,25,pre_covid,P010,Men's Formal Shirts,Fashion,1710,C017,1909,10
O00567,2016,3,26,pre_covid,P001,Laptop,Electronics,56,C010,58349,3
O02200,2016,3,26,pre_covid,P003,Smartphone,Electronics,381,C005,23339,3
O04314,2016,3,26,pre_covid,P014,Packaged Grocery Staples,Groceries & Hygiene,2669,C015,848,4
O07740,2016,3,26,pre_covid,P008,Resistance Bands & Dumbbell Set,Gym Equipment,645,C010,3713,1
O01278,2016,3,27,pre_covid,P008,Resistance Bands & Dumbbell Set,Gym Equipment,291,C017,3713,6
O06987,2016,3,27,pre_covid,P002,Webcam & Headset Combo,Electronics,73,C012,4774,5
O05225,2016,3,28,pre_covid,P009,Yoga Mat,Gym Equipment,830,C017,1591,5
O06343,2016,3,28,pre_covid,P002,Webcam & Headset Combo,Electronics,444,C014,4774,6
O02854,2016,3,29,pre_covid,P006,Office Chair (Ergonomic),Home & Kitchen,152,C012,9017,4
O03380,2016,3,29,pre_covid,P009,Yoga Mat,Gym Equipment,1147,C010,1591,2
O05285,2016,3,29,pre_covid,P011,Casual Loungewear Set,Fashion,1306,C018,1273,2
O06640,2016,3,30,pre_covid,P010,Men's Formal Shirts,Fashion,1581,C002,1909,8
O03943,2016,3,31,pre_covid,P014,Packaged Grocery Staples,Groceries & Hygiene,2362,C008,848,6
O07182,2016,3,31,pre_covid,P003,Smartphone,Electronics,387,C019,23339,3
O04654,2016,4,1,pre_covid,P009,Yoga Mat,Gym Equipment,1310,C017,1591,6
O05624,2016,4,1,pre_covid,P015,Drawing Tablet (EdTech),Stationery & EdTech,222,C015,7956,5
O05914,2016,4,1,pre_covid,P010,Men's Formal Shirts,Fashion,183,C017,1909,5
O01933,2016,4,2,pre_covid,P011,Casual Loungewear Set,Fashion,3095,C014,1273,6
O03709,2016,4,2,pre_covid,P003,Smartphone,Electronics,46,C016,23339,3
O05185,2016,4,2,pre_covid,P013,Hand Sanitizer (Bulk Pack),Groceries & Hygiene,420,C007,1273,5
O05928,2016,4,2,pre_covid,P004,Air Purifier,Home & Kitchen,288,C002,12730,2
O07940,2016,4,2,pre_covid,P001,Laptop,Electronics,147,C017,58349,2
O01506,2016,4,3,pre_covid,P015,Drawing Tablet (EdTech),Stationery & EdTech,141,C007,7956,2
O06834,2016,4,3,pre_covid,P013,Hand Sanitizer (Bulk Pack),Groceries & Hygiene,691,C005,1273,4
O01428,2016,4,4,pre_covid,P011,Casual Loungewear Set,Fashion,2784,C020,1273,6
O03861,2016,4,4,pre_covid,P011,Casual Loungewear Set,Fashion,2120,C006,1273,3
O03952,2016,4,4,pre_covid,P007,Treadmill,Gym Equipment,45,C010,44557,3
O05567,2016,4,4,pre_covid,P008,Resistance Bands & Dumbbell Set,Gym Equipment,293,C011,3713,1
O03279,2016,4,5,pre_covid,P004,Air Purifier,Home & Kitchen,22,C008,12730,5
O07384,2016,4,5,pre_covid,P009,Yoga Mat,Gym Equipment,187,C016,1591,2
O00357,2016,4,6,pre_covid,P014,Packaged Grocery Staples,Groceries & Hygiene,3135,C018,848,3
O03310,2016,4,6,pre_covid,P004,Air Purifier,Home & Kitchen,17,C001,12730,6
O05118,2016,4,6,pre_covid,P001,Laptop,Electronics,38,C015,58349,3
O07975,2016,4,6,pre_covid,P014,Packaged Grocery Staples,Groceries & Hygiene,913,C010,848,3
O00606,2016,4,7,pre_covid,P001,Laptop,Electronics,14,C016,58349,1
O01096,2016,4,7,pre_covid,P012,Festive Sarees,Fashion,1343,C007,6365,4
O06943,2016,4,7,pre_covid,P008,Resistance Bands & Dumbbell Set,Gym Equipment,271,C018,3713,2
O01821,2016,4,8,pre_covid,P008,Resistance Bands & Dumbbell Set,Gym Equipment,1202,C003,3713,2
O03190,2016,4,8,pre_covid,P003,Smartphone,Electronics,171,C003,23339,1
O05272,2016,4,8,pre_covid,P003,Smartphone,Electronics,86,C001,23339,2
O05412,2016,4,8,pre_covid,P013,Hand Sanitizer (Bulk Pack),Groceries & Hygiene,222,C007,1273,4
O03205,2016,4,9,pre_covid,P004,Air Purifier,Home & Kitchen,47,C001,12730,4
O00919,2016,4,10,pre_covid,P010,Men's Formal Shirts,Fashion,2813,C009,1909,1
O07901,2016,4,10,pre_covid,P009,Yoga Mat,Gym Equipment,1056,C004,1591,1
O03668,2016,4,11,pre_covid,P010,Men's Formal Shirts,Fashion,1417,C018,1909,1
O05519,2016,4,11,pre_covid,P012,Festive Sarees,Fashion,246,C019,6365,3
O06305,2016,4,11,pre_covid,P010,Men's Formal Shirts,Fashion,1844,C014,1909,5
O07383,2016,4,11,pre_covid,P015,Drawing Tablet (EdTech),Stationery & EdTech,286,C010,7956,3
O07786,2016,4,11,pre_covid,P015,Drawing Tablet (EdTech),Stationery & EdTech,274,C006,7956,4
O01420,2016,4,12,pre_covid,P010,Men's Formal Shirts,Fashion,2607,C002,1909,5
O04143,2016,4,13,pre_covid,P007,Treadmill,Gym Equipment,55,C020,44557,2
O06122,2016,4,13,pre_covid,P011,Casual Loungewear Set,Fashion,1062,C013,1273,1
O06642,2016,4,15,pre_covid,P003,Smartphone,Electronics,147,C019,23339,3
O06785,2016,4,15,pre_covid,P015,Drawing Tablet (EdTech),Stationery & EdTech,134,C015,7956,5
O07056,2016,4,15,pre_covid,P008,Resistance Bands & Dumbbell Set,Gym Equipment,143,C009,3713,1
O04786,2016,4,16,pre_covid,P007,Treadmill,Gym Equipment,49,C017,44557,3
O05205,2016,4,16,pre_covid,P003,Smartphone,Electronics,97,C006,23339,2
O07233,2016,4,16,pre_covid,P006,Office Chair (Ergonomic),Home & Kitchen,104,C009,9017,2
O00360,2016,4,17,pre_covid,P001,Laptop,Electronics,96,C001,58349,2
O01244,2016,4,17,pre_covid,P011,Casual Loungewear Set,Fashion,2893,C001,1273,4
O04726,2016,4,17,pre_covid,P009,Yoga Mat,Gym Equipment,1267,C016,1591,6
O06898,2016,4,17,pre_covid,P004,Air Purifier,Home & Kitchen,109,C013,12730,4
O06991,2016,4,17,pre_covid,P008,Resistance Bands & Dumbbell Set,Gym Equipment,223,C019,3713,5
O00067,2016,4,18,pre_covid,P014,Packaged Grocery Staples,Groceries & Hygiene,2895,C005,848,3
O00331,2016,4,18,pre_covid,P001,Laptop,Electronics,104,C010,58349,3
O05632,2016,4,18,pre_covid,P006,Office Chair (Ergonomic),Home & Kitchen,78,C001,9017,4
O01081,2016,4,19,pre_covid,P004,Air Purifier,Home & Kitchen,44,C009,12730,1
O03282,2016,4,19,pre_covid,P011,Casual Loungewear Set,Fashion,2519,C011,1273,4
O03642,2016,4,19,pre_covid,P006,Office Chair (Ergonomic),Home & Kitchen,145,C009,9017,6
O02065,2016,4,20,pre_covid,P008,Resistance Bands & Dumbbell Set,Gym Equipment,915,C009,3713,2
O03071,2016,4,20,pre_covid,P006,Office Chair (Ergonomic),Home & Kitchen,70,C008,9017,6
O01349,2016,4,21,pre_covid,P008,Resistance Bands & Dumbbell Set,Gym Equipment,266,C018,3713,2
O07558,2016,4,21,pre_covid,P008,Resistance Bands & Dumbbell Set,Gym Equipment,773,C009,3713,1
O01588,2016,4,23,pre_covid,P007,Treadmill,Gym Equipment,62,C001,44557,3
O03789,2016,4,24,pre_covid,P012,Festive Sarees,Fashion,1233,C009,6365,5
O05419,2016,4,24,pre_covid,P010,Men's Formal Shirts,Fashion,489,C001,1909,5
O05902,2016,4,24,pre_covid,P005,Microwave Oven,Home & Kitchen,232,C006,9548,4
O03275,2016,4,25,pre_covid,P008,Resistance Bands & Dumbbell Set,Gym Equipment,1067,C011,3713,1
O04140,2016,4,25,pre_covid,P014,Packaged Grocery Staples,Groceries & Hygiene,2326,C005,848,4
O04697,2016,4,25,pre_covid,P004,Air Purifier,Home & Kitchen,242,C005,12730,6
O06709,2016,4,25,pre_covid,P015,Drawing Tablet (EdTech),Stationery & EdTech,259,C007,7956,6
O07563,2016,4,25,pre_covid,P006,Office Chair (Ergonomic),Home & Kitchen,106,C012,9017,2
O01350,2016,4,27,pre_covid,P005,Microwave Oven,Home & Kitchen,336,C015,9548,1
O01696,2016,4,28,pre_covid,P014,Packaged Grocery Staples,Groceries & Hygiene,2864,C001,848,4
O02315,2016,4,28,pre_covid,P004,Air Purifier,Home & Kitchen,284,C010,12730,5
O04259,2016,4,28,pre_covid,P007,Treadmill,Gym Equipment,21,C016,44557,3
O05997,2016,4,28,pre_covid,P006,Office Chair (Ergonomic),Home & Kitchen,147,C003,9017,1
O02011,2016,4,29,pre_covid,P001,Laptop,Electronics,46,C019,58349,3
O01142,2016,4,30,pre_covid,P007,Treadmill,Gym Equipment,37,C015,44557,3
O06697,2016,4,30,pre_covid,P009,Yoga Mat,Gym Equipment,848,C001,1591,4
O01036,2016,5,1,pre_covid,P005,Microwave Oven,Home & Kitchen,233,C020,9548,15
O02219,2016,5,1,pre_covid,P005,Microwave Oven,Home & Kitchen,133,C001,9548,6
O04332,2016,5,1,pre_covid,P013,Hand Sanitizer (Bulk Pack),Groceries & Hygiene,1144,C017,1273,5
O05518,2016,5,1,pre_covid,P014,Packaged Grocery Staples,Groceries & Hygiene,2175,C009,848,1
O05630,2016,5,1,pre_covid,P010,Men's Formal Shirts,Fashion,383,C018,1909,6
O03427,2016,5,2,pre_covid,P015,Drawing Tablet (EdTech),Stationery & EdTech,151,C012,7956,6
O03479,2016,5,2,pre_covid,P011,Casual Loungewear Set,Fashion,2364,C019,1273,3
O04551,2016,5,2,pre_covid,P009,Yoga Mat,Gym Equipment,1434,C008,1591,6
O06658,2016,5,2,pre_covid,P014,Packaged Grocery Staples,Groceries & Hygiene,1651,C016,848,3
O04385,2016,5,3,pre_covid,P007,Treadmill,Gym Equipment,48,C006,44557,2
O05106,2016,5,3,pre_covid,P010,Men's Formal Shirts,Fashion,654,C006,1909,1
O04517,2016,5,4,pre_covid,P001,Laptop,Electronics,111,C010,58349,2
O00383,2016,5,5,pre_covid,P007,Treadmill,Gym Equipment,62,C001,44557,1
O02099,2016,5,5,pre_covid,P007,Treadmill,Gym Equipment,70,C010,44557,2
O02475,2016,5,5,pre_covid,P007,Treadmill,Gym Equipment,14,C009,44557,2
O00214,2016,5,6,pre_covid,P005,Microwave Oven,Home & Kitchen,170,C009,9548,16
O04885,2016,5,6,pre_covid,P007,Treadmill,Gym Equipment,80,C003,44557,3
O05173,2016,5,6,pre_covid,P003,Smartphone,Electronics,109,C006,23339,3
O06135,2016,5,6,pre_covid,P011,Casual Loungewear Set,Fashion,1061,C014,1273,5
O07007,2016,5,6,pre_covid,P007,Treadmill,Gym Equipment,30,C013,44557,3
O02348,2016,5,8,pre_covid,P008,Resistance Bands & Dumbbell Set,Gym Equipment,728,C002,3713,6
O04805,2016,5,8,pre_covid,P005,Microwave Oven,Home & Kitchen,150,C018,9548,11
O06549,2016,5,8,pre_covid,P014,Packaged Grocery Staples,Groceries & Hygiene,1707,C005,848,4
O07921,2016,5,8,pre_covid,P013,Hand Sanitizer (Bulk Pack),Groceries & Hygiene,1445,C015,1273,1
O04515,2016,5,9,pre_covid,P006,Office Chair (Ergonomic),Home & Kitchen,200,C004,9017,2
O06957,2016,5,9,pre_covid,P004,Air Purifier,Home & Kitchen,77,C004,12730,2
O06048,2016,5,10,pre_covid,P008,Resistance Bands & Dumbbell Set,Gym Equipment,1083,C018,3713,5
O07030,2016,5,10,pre_covid,P008,Resistance Bands & Dumbbell Set,Gym Equipment,204,C007,3713,5
O05463,2016,5,11,pre_covid,P013,Hand Sanitizer (Bulk Pack),Groceries & Hygiene,155,C020,1273,3
O00288,2016,5,12,pre_covid,P009,Yoga Mat,Gym Equipment,2392,C015,1591,4
O03624,2016,5,14,pre_covid,P015,Drawing Tablet (EdTech),Stationery & EdTech,259,C001,7956,2
O00429,2016,5,15,pre_covid,P006,Office Chair (Ergonomic),Home & Kitchen,89,C019,9017,5
O04356,2016,5,15,pre_covid,P002,Webcam & Headset Combo,Electronics,552,C016,4774,4
O07998,2016,5,15,pre_covid,P014,Packaged Grocery Staples,Groceries & Hygiene,910,C019,848,3
O04590,2016,5,16,pre_covid,P013,Hand Sanitizer (Bulk Pack),Groceries & Hygiene,811,C005,1273,1
O05505,2016,5,17,pre_covid,P015,Drawing Tablet (EdTech),Stationery & EdTech,280,C004,7956,2
O06678,2016,5,17,pre_covid,P005,Microwave Oven,Home & Kitchen,218,C018,9548,5
O04099,2016,5,18,pre_covid,P013,Hand Sanitizer (Bulk Pack),Groceries & Hygiene,1410,C010,1273,1
O07265,2016,5,18,pre_covid,P010,Men's Formal Shirts,Fashion,1226,C007,1909,3
O00711,2016,5,19,pre_covid,P007,Treadmill,Gym Equipment,35,C003,44557,3
O00793,2016,5,19,pre_covid,P001,Laptop,Electronics,107,C001,58349,3
O01277,2016,5,19,pre_covid,P013,Hand Sanitizer (Bulk Pack),Groceries & Hygiene,390,C013,1273,3
O01868,2016,5,19,pre_covid,P001,Laptop,Electronics,115,C012,58349,1
O04287,2016,5,19,pre_covid,P004,Air Purifier,Home & Kitchen,91,C001,12730,5
O05207,2016,5,19,pre_covid,P014,Packaged Grocery Staples,Groceries & Hygiene,2326,C002,848,2
O07665,2016,5,19,pre_covid,P005,Microwave Oven,Home & Kitchen,72,C009,9548,13
O02355,2016,5,20,pre_covid,P013,Hand Sanitizer (Bulk Pack),Groceries & Hygiene,1366,C020,1273,3
O04790,2016,5,20,pre_covid,P006,Office Chair (Ergonomic),Home & Kitchen,127,C010,9017,4
O03024,2016,5,21,pre_covid,P012,Festive Sarees,Fashion,163,C015,6365,3
O03119,2016,5,21,pre_covid,P012,Festive Sarees,Fashion,102,C018,6365,3
O05052,2016,5,21,pre_covid,P012,Festive Sarees,Fashion,566,C005,6365,4
O07274,2016,5,21,pre_covid,P004,Air Purifier,Home & Kitchen,300,C005,12730,6
O02888,2016,5,22,pre_covid,P007,Treadmill,Gym Equipment,42,C016,44557,3
O05153,2016,5,22,pre_covid,P008,Resistance Bands & Dumbbell Set,Gym Equipment,709,C003,3713,1
O02020,2016,5,23,pre_covid,P003,Smartphone,Electronics,377,C004,23339,3
O06194,2016,5,23,pre_covid,P015,Drawing Tablet (EdTech),Stationery & EdTech,54,C014,7956,6
O01607,2016,5,24,pre_covid,P005,Microwave Oven,Home & Kitchen,231,C020,9548,17
O02485,2016,5,24,pre_covid,P004,Air Purifier,Home & Kitchen,247,C014,12730,4
O02977,2016,5,24,pre_covid,P005,Microwave Oven,Home & Kitchen,32,C001,9548,5
O03362,2016,5,24,pre_covid,P015,Drawing Tablet (EdTech),Stationery & EdTech,205,C006,7956,2
O07726,2016,5,24,pre_covid,P013,Hand Sanitizer (Bulk Pack),Groceries & Hygiene,1675,C011,1273,2
O03686,2016,5,25,pre_covid,P001,Laptop,Electronics,140,C003,58349,1
O03999,2016,5,25,pre_covid,P012,Festive Sarees,Fashion,1106,C006,6365,5
O04412,2016,5,25,pre_covid,P005,Microwave Oven,Home & Kitchen,121,C009,9548,5
O07885,2016,5,25,pre_covid,P005,Microwave Oven,Home & Kitchen,224,C016,9548,17
O00617,2016,5,26,pre_covid,P014,Packaged Grocery Staples,Groceries & Hygiene,3056,C014,848,5
O01182,2016,5,27,pre_covid,P010,Men's Formal Shirts,Fashion,2697,C020,1909,2
O02297,2016,5,28,pre_covid,P015,Drawing Tablet (EdTech),Stationery & EdTech,106,C006,7956,3
O02927,2016,5,29,pre_covid,P014,Packaged Grocery Staples,Groceries & Hygiene,2726,C013,848,1
O04557,2016,5,29,pre_covid,P014,Packaged Grocery Staples,Groceries & Hygiene,2635,C005,848,1
O06385,2016,5,29,pre_covid,P010,Men's Formal Shirts,Fashion,1805,C007,1909,4
O07556,2016,5,29,pre_covid,P002,Webcam & Headset Combo,Electronics,600,C018,4774,3
O02900,2016,5,30,pre_covid,P010,Men's Formal Shirts,Fashion,1759,C007,1909,4
O06942,2016,5,30,pre_covid,P009,Yoga Mat,Gym Equipment,641,C006,1591,3
O02935,2016,5,31,pre_covid,P014,Packaged Grocery Staples,Groceries & Hygiene,2725,C017,848,1
O03930,2016,5,31,pre_covid,P001,Laptop,Electronics,10,C017,58349,2
O06040,2016,5,31,pre_covid,P010,Men's Formal Shirts,Fashion,103,C008,1909,6
O01859,2016,6,1,pre_covid,P006,Office Chair (Ergonomic),Home & Kitchen,118,C009,9017,6
O06317,2016,6,1,pre_covid,P008,Resistance Bands & Dumbbell Set,Gym Equipment,941,C004,3713,5
O07679,2016,6,1,pre_covid,P013,Hand Sanitizer (Bulk Pack),Groceries & Hygiene,1699,C001,1273,2
O00829,2016,6,2,pre_covid,P010,Men's Formal Shirts,Fashion,2894,C014,1909,3
O05649,2016,6,2,pre_covid,P004,Air Purifier,Home & Kitchen,56,C015,12730,1
O07261,2016,6,2,pre_covid,P003,Smartphone,Electronics,379,C010,23339,3
O02028,2016,6,3,pre_covid,P006,Office Chair (Ergonomic),Home & Kitchen,25,C015,9017,4
O03483,2016,6,4,pre_covid,P008,Resistance Bands & Dumbbell Set,Gym Equipment,899,C015,3713,3
O04527,2016,6,4,pre_covid,P015,Drawing Tablet (EdTech),Stationery & EdTech,196,C001,7956,1
O06989,2016,6,4,pre_covid,P002,Webcam & Headset Combo,Electronics,68,C019,4774,6
O05397,2016,6,5,pre_covid,P006,Office Chair (Ergonomic),Home & Kitchen,200,C003,9017,2
O01402,2016,6,6,pre_covid,P007,Treadmill,Gym Equipment,55,C012,44557,3
O07543,2016,6,6,pre_covid,P003,Smartphone,Electronics,308,C011,23339,3
O03530,2016,6,7,pre_covid,P007,Treadmill,Gym Equipment,46,C012,44557,1
O04043,2016,6,7,pre_covid,P015,Drawing Tablet (EdTech),Stationery & EdTech,281,C011,7956,1
O04163,2016,6,7,pre_covid,P009,Yoga Mat,Gym Equipment,359,C005,1591,5
O07624,2016,6,7,pre_covid,P015,Drawing Tablet (EdTech),Stationery & EdTech,79,C005,7956,6
O01529,2016,6,8,pre_covid,P009,Yoga Mat,Gym Equipment,1030,C010,1591,3
O05801,2016,6,8,pre_covid,P006,Office Chair (Ergonomic),Home & Kitchen,30,C009,9017,3
O07738,2016,6,8,pre_covid,P008,Resistance Bands & Dumbbell Set,Gym Equipment,649,C011,3713,4
O02392,2016,6,9,pre_covid,P005,Microwave Oven,Home & Kitchen,289,C012,9548,15
O05511,2016,6,9,pre_covid,P007,Treadmill,Gym Equipment,68,C001,44557,2
O06178,2016,6,9,pre_covid,P014,Packaged Grocery Staples,Groceries & Hygiene,1910,C010,848,4
O07865,2016,6,9,pre_covid,P010,Men's Formal Shirts,Fashion,810,C016,1909,4
O01613,2016,6,11,pre_covid,P008,Resistance Bands & Dumbbell Set,Gym Equipment,42,C011,3713,3
O03175,2016,6,12,pre_covid,P011,Casual Loungewear Set,Fashion,2531,C004,1273,2
O06648,2016,6,12,pre_covid,P015,Drawing Tablet (EdTech),Stationery & EdTech,11,C017,7956,4
O02558,2016,6,13,pre_covid,P001,Laptop,Electronics,138,C007,58349,1
O02910,2016,6,13,pre_covid,P004,Air Purifier,Home & Kitchen,117,C001,12730,4
O04458,2016,6,13,pre_covid,P010,Men's Formal Shirts,Fashion,1048,C018,1909,6
O00988,2016,6,14,pre_covid,P001,Laptop,Electronics,18,C007,58349,3
O05889,2016,6,14,pre_covid,P005,Microwave Oven,Home & Kitchen,243,C009,9548,9
O06544,2016,6,14,pre_covid,P006,Office Chair (Ergonomic),Home & Kitchen,158,C009,9017,3
O06186,2016,6,15,pre_covid,P012,Festive Sarees,Fashion,1220,C007,6365,4
O06485,2016,6,15,pre_covid,P013,Hand Sanitizer (Bulk Pack),Groceries & Hygiene,951,C007,1273,3
O07741,2016,6,15,pre_covid,P006,Office Chair (Ergonomic),Home & Kitchen,177,C001,9017,4
O02818,2016,6,16,pre_covid,P002,Webcam & Headset Combo,Electronics,316,C006,4774,1
O03881,2016,6,16,pre_covid,P009,Yoga Mat,Gym Equipment,627,C015,1591,4
O00451,2016,6,17,pre_covid,P012,Festive Sarees,Fashion,1669,C008,6365,6
O04789,2016,6,17,pre_covid,P002,Webcam & Headset Combo,Electronics,191,C009,4774,5
O07262,2016,6,17,pre_covid,P009,Yoga Mat,Gym Equipment,309,C019,1591,3
O03350,2016,6,19,pre_covid,P009,Yoga Mat,Gym Equipment,1179,C011,1591,5
O03903,2016,6,19,pre_covid,P001,Laptop,Electronics,21,C001,58349,2
O02079,2016,6,20,pre_covid,P011,Casual Loungewear Set,Fashion,3058,C014,1273,2
O02523,2016,6,20,pre_covid,P005,Microwave Oven,Home & Kitchen,105,C011,9548,19
O03981,2016,6,20,pre_covid,P010,Men's Formal Shirts,Fashion,1251,C014,1909,5
O07727,2016,6,20,pre_covid,P009,Yoga Mat,Gym Equipment,1411,C016,1591,6
O01297,2016,6,21,pre_covid,P003,Smartphone,Electronics,171,C002,23339,3
O02820,2016,6,21,pre_covid,P008,Resistance Bands & Dumbbell Set,Gym Equipment,291,C011,3713,3
O06071,2016,6,21,pre_covid,P009,Yoga Mat,Gym Equipment,1435,C006,1591,1
O05120,2016,6,22,pre_covid,P001,Laptop,Electronics,35,C002,58349,2
O06381,2016,6,22,pre_covid,P007,Treadmill,Gym Equipment,31,C013,44557,1
O07426,2016,6,22,pre_covid,P005,Microwave Oven,Home & Kitchen,266,C020,9548,11
O00003,2016,6,23,pre_covid,P010,Men's Formal Shirts,Fashion,1876,C009,1909,4
O01004,2016,6,23,pre_covid,P007,Treadmill,Gym Equipment,22,C020,44557,3
O01744,2016,6,23,pre_covid,P005,Microwave Oven,Home & Kitchen,158,C012,9548,12
O02165,2016,6,23,pre_covid,P006,Office Chair (Ergonomic),Home & Kitchen,169,C002,9017,3
O03036,2016,6,23,pre_covid,P012,Festive Sarees,Fashion,158,C019,6365,6
O04473,2016,6,23,pre_covid,P014,Packaged Grocery Staples,Groceries & Hygiene,2643,C020,848,5
O06270,2016,6,23,pre_covid,P015,Drawing Tablet (EdTech),Stationery & EdTech,300,C001,7956,3
O05807,2016,6,25,pre_covid,P009,Yoga Mat,Gym Equipment,258,C001,1591,3
O02480,2016,6,26,pre_covid,P001,Laptop,Electronics,19,C012,58349,2
O02986,2016,6,27,pre_covid,P001,Laptop,Electronics,101,C010,58349,2
O05816,2016,6,27,pre_covid,P008,Resistance Bands & Dumbbell Set,Gym Equipment,67,C007,3713,5
O06975,2016,6,28,pre_covid,P003,Smartphone,Electronics,69,C003,23339,3
O04711,2016,6,30,pre_covid,P005,Microwave Oven,Home & Kitchen,227,C003,9548,17
O05698,2016,6,30,pre_covid,P009,Yoga Mat,Gym Equipment,371,C001,1591,3
O06056,2016,6,30,pre_covid,P004,Air Purifier,Home & Kitchen,278,C005,12730,4
O07603,2016,7,1,pre_covid,P015,Drawing Tablet (EdTech),Stationery & EdTech,97,C012,7956,17
O00113,2016,7,2,pre_covid,P005,Microwave Oven,Home & Kitchen,252,C008,9548,7
O01650,2016,7,2,pre_covid,P014,Packaged Grocery Staples,Groceries & Hygiene,2870,C020,848,5
O03390,2016,7,2,pre_covid,P014,Packaged Grocery Staples,Groceries & Hygiene,2559,C005,848,5
O04853,2016,7,2,pre_covid,P001,Laptop,Electronics,112,C004,58349,3
O05874,2016,7,2,pre_covid,P014,Packaged Grocery Staples,Groceries & Hygiene,2047,C004,848,1
O06252,2016,7,3,pre_covid,P009,Yoga Mat,Gym Equipment,1293,C004,1591,2
O02407,2016,7,4,pre_covid,P015,Drawing Tablet (EdTech),Stationery & EdTech,57,C010,7956,13
O05050,2016,7,4,pre_covid,P007,Treadmill,Gym Equipment,46,C015,44557,2
O00891,2016,7,5,pre_covid,P001,Laptop,Electronics,90,C007,58349,4
O01973,2016,7,5,pre_covid,P002,Webcam & Headset Combo,Electronics,447,C005,4774,1
O05339,2016,7,5,pre_covid,P001,Laptop,Electronics,107,C012,58349,2
O02626,2016,7,7,pre_covid,P007,Treadmill,Gym Equipment,27,C001,44557,1
O05355,2016,7,7,pre_covid,P005,Microwave Oven,Home & Kitchen,247,C002,9548,15
O06607,2016,7,8,pre_covid,P015,Drawing Tablet (EdTech),Stationery & EdTech,54,C008,7956,17
O03063,2016,7,9,pre_covid,P003,Smartphone,Electronics,193,C013,23339,1
O02378,2016,7,10,pre_covid,P015,Drawing Tablet (EdTech),Stationery & EdTech,73,C017,7956,14
O00720,2016,7,11,pre_covid,P014,Packaged Grocery Staples,Groceries & Hygiene,2943,C020,848,2
O01115,2016,7,11,pre_covid,P015,Drawing Tablet (EdTech),Stationery & EdTech,82,C010,7956,7
O03660,2016,7,12,pre_covid,P011,Casual Loungewear Set,Fashion,2274,C014,1273,5
O06025,2016,7,12,pre_covid,P008,Resistance Bands & Dumbbell Set,Gym Equipment,1087,C018,3713,4
O03889,2016,7,13,pre_covid,P005,Microwave Oven,Home & Kitchen,161,C015,9548,6
O04234,2016,7,13,pre_covid,P013,Hand Sanitizer (Bulk Pack),Groceries & Hygiene,1215,C016,1273,3
O06795,2016,7,13,pre_covid,P004,Air Purifier,Home & Kitchen,130,C007,12730,1
O03704,2016,7,14,pre_covid,P001,Laptop,Electronics,139,C018,58349,2
O04246,2016,7,14,pre_covid,P003,Smartphone,Electronics,314,C018,23339,2
O04977,2016,7,14,pre_covid,P001,Laptop,Electronics,63,C017,58349,3
O05653,2016,7,14,pre_covid,P001,Laptop,Electronics,111,C003,58349,5
O05783,2016,7,14,pre_covid,P007,Treadmill,Gym Equipment,9,C001,44557,2
O05912,2016,7,14,pre_covid,P001,Laptop,Electronics,142,C012,58349,8
O07834,2016,7,14,pre_covid,P011,Casual Loungewear Set,Fashion,233,C011,1273,5
O01088,2016,7,15,pre_covid,P006,Office Chair (Ergonomic),Home & Kitchen,58,C011,9017,2
O07938,2016,7,15,pre_covid,P009,Yoga Mat,Gym Equipment,939,C009,1591,6
O04248,2016,7,16,pre_covid,P006,Office Chair (Ergonomic),Home & Kitchen,144,C005,9017,2
O00408,2016,7,17,pre_covid,P015,Drawing Tablet (EdTech),Stationery & EdTech,272,C008,7956,20
O01874,2016,7,17,pre_covid,P010,Men's Formal Shirts,Fashion,2290,C012,1909,5
O03269,2016,7,17,pre_covid,P002,Webcam & Headset Combo,Electronics,455,C006,4774,4
O06555,2016,7,17,pre_covid,P004,Air Purifier,Home & Kitchen,161,C019,12730,1
O04419,2016,7,18,pre_covid,P001,Laptop,Electronics,150,C006,58349,2
O08000,2016,7,18,pre_covid,P014,Packaged Grocery Staples,Groceries & Hygiene,907,C001,848,6
O02208,2016,7,19,pre_covid,P001,Laptop,Electronics,134,C016,58349,2
O02414,2016,7,19,pre_covid,P003,Smartphone,Electronics,332,C007,23339,1
O03481,2016,7,19,pre_covid,P003,Smartphone,Electronics,97,C014,23339,2
O02651,2016,7,20,pre_covid,P001,Laptop,Electronics,99,C013,58349,7
O03913,2016,7,20,pre_covid,P001,Laptop,Electronics,15,C006,58349,5
O04903,2016,7,20,pre_covid,P001,Laptop,Electronics,83,C015,58349,7
O00253,2016,7,22,pre_covid,P008,Resistance Bands & Dumbbell Set,Gym Equipment,1087,C016,3713,1
O00316,2016,7,22,pre_covid,P007,Treadmill,Gym Equipment,72,C009,44557,1
O02005,2016,7,22,pre_covid,P009,Yoga Mat,Gym Equipment,480,C019,1591,1
O03035,2016,7,22,pre_covid,P004,Air Purifier,Home & Kitchen,87,C006,12730,2
O05140,2016,7,22,pre_covid,P004,Air Purifier,Home & Kitchen,155,C013,12730,2
O00013,2016,7,23,pre_covid,P001,Laptop,Electronics,137,C005,58349,6
O01486,2016,7,23,pre_covid,P004,Air Purifier,Home & Kitchen,253,C007,12730,6
O07721,2016,7,23,pre_covid,P001,Laptop,Electronics,57,C013,58349,6
O01769,2016,7,24,pre_covid,P002,Webcam & Headset Combo,Electronics,253,C020,4774,2
O02586,2016,7,24,pre_covid,P015,Drawing Tablet (EdTech),Stationery & EdTech,224,C009,7956,11
O05328,2016,7,24,pre_covid,P012,Festive Sarees,Fashion,385,C006,6365,6
O05501,2016,7,24,pre_covid,P002,Webcam & Headset Combo,Electronics,600,C005,4774,1
O07642,2016,7,24,pre_covid,P010,Men's Formal Shirts,Fashion,941,C005,1909,5
O00676,2016,7,25,pre_covid,P001,Laptop,Electronics,147,C013,58349,5
O06191,2016,7,25,pre_covid,P010,Men's Formal Shirts,Fashion,1886,C019,1909,3
O00877,2016,7,26,pre_covid,P005,Microwave Oven,Home & Kitchen,287,C011,9548,13
O02931,2016,7,26,pre_covid,P011,Casual Loungewear Set,Fashion,2667,C009,1273,1
O03394,2016,7,26,pre_covid,P011,Casual Loungewear Set,Fashion,2419,C004,1273,5
O04440,2016,7,26,pre_covid,P015,Drawing Tablet (EdTech),Stationery & EdTech,264,C002,7956,12
O01120,2016,7,27,pre_covid,P015,Drawing Tablet (EdTech),Stationery & EdTech,75,C020,7956,12
O06346,2016,7,27,pre_covid,P003,Smartphone,Electronics,217,C012,23339,3
O02160,2016,7,28,pre_covid,P001,Laptop,Electronics,150,C010,58349,7
O02635,2016,7,28,pre_covid,P012,Festive Sarees,Fashion,428,C011,6365,6
O00823,2016,7,29,pre_covid,P008,Resistance Bands & Dumbbell Set,Gym Equipment,690,C001,3713,6
O02884,2016,7,30,pre_covid,P015,Drawing Tablet (EdTech),Stationery & EdTech,11,C018,7956,6
O03506,2016,7,31,pre_covid,P001,Laptop,Electronics,83,C008,58349,4
O05030,2016,7,31,pre_covid,P001,Laptop,Electronics,51,C016,58349,7
O06553,2016,7,31,pre_covid,P005,Microwave Oven,Home & Kitchen,51,C006,9548,20
O01156,2016,8,1,pre_covid,P011,Casual Loungewear Set,Fashion,2940,C007,1273,2
O01502,2016,8,1,pre_covid,P007,Treadmill,Gym Equipment,11,C002,44557,2
O07289,2016,8,1,pre_covid,P010,Men's Formal Shirts,Fashion,1197,C005,1909,3
O07648,2016,8,1,pre_covid,P007,Treadmill,Gym Equipment,75,C017,44557,2
O03208,2016,8,2,pre_covid,P015,Drawing Tablet (EdTech),Stationery & EdTech,73,C011,7956,5
O05000,2016,8,2,pre_covid,P013,Hand Sanitizer (Bulk Pack),Groceries & Hygiene,548,C012,1273,4
O02664,2016,8,3,pre_covid,P014,Packaged Grocery Staples,Groceries & Hygiene,2857,C005,848,2
O03523,2016,8,3,pre_covid,P015,Drawing Tablet (EdTech),Stationery & EdTech,53,C017,7956,9
O04303,2016,8,4,pre_covid,P015,Drawing Tablet (EdTech),Stationery & EdTech,108,C002,7956,15
O05612,2016,8,5,pre_covid,P015,Drawing Tablet (EdTech),Stationery & EdTech,235,C002,7956,13
O07485,2016,8,6,pre_covid,P007,Treadmill,Gym Equipment,66,C013,44557,2
O05390,2016,8,7,pre_covid,P002,Webcam & Headset Combo,Electronics,142,C014,4774,6
O01283,2016,8,8,pre_covid,P006,Office Chair (Ergonomic),Home & Kitchen,171,C006,9017,6
O01797,2016,8,8,pre_covid,P001,Laptop,Electronics,134,C016,58349,7
O01988,2016,8,8,pre_covid,P007,Treadmill,Gym Equipment,35,C003,44557,2
O02314,2016,8,8,pre_covid,P004,Air Purifier,Home & Kitchen,288,C011,12730,4
O00368,2016,8,9,pre_covid,P002,Webcam & Headset Combo,Electronics,429,C012,4774,5
O06755,2016,8,9,pre_covid,P015,Drawing Tablet (EdTech),Stationery & EdTech,179,C006,7956,16
O04750,2016,8,10,pre_covid,P015,Drawing Tablet (EdTech),Stationery & EdTech,245,C011,7956,8
O00254,2016,8,11,pre_covid,P011,Casual Loungewear Set,Fashion,3478,C004,1273,5
O03040,2016,8,11,pre_covid,P008,Resistance Bands & Dumbbell Set,Gym Equipment,51,C017,3713,1
O02483,2016,8,13,pre_covid,P013,Hand Sanitizer (Bulk Pack),Groceries & Hygiene,1186,C007,1273,4
O02834,2016,8,13,pre_covid,P001,Laptop,Electronics,133,C006,58349,4
O03568,2016,8,14,pre_covid,P012,Festive Sarees,Fashion,1202,C007,6365,3
O06928,2016,8,14,pre_covid,P005,Microwave Oven,Home & Kitchen,46,C003,9548,2
O07976,2016,8,14,pre_covid,P010,Men's Formal Shirts,Fashion,735,C010,1909,4
O00646,2016,8,15,pre_covid,P002,Webcam & Headset Combo,Electronics,118,C015,4774,6
O02046,2016,8,15,pre_covid,P002,Webcam & Headset Combo,Electronics,385,C002,4774,5
O01215,2016,8,16,pre_covid,P001,Laptop,Electronics,85,C004,58349,6
O02811,2016,8,16,pre_covid,P015,Drawing Tablet (EdTech),Stationery & EdTech,45,C015,7956,7
O06452,2016,8,16,pre_covid,P008,Resistance Bands & Dumbbell Set,Gym Equipment,881,C003,3713,6
O06519,2016,8,17,pre_covid,P006,Office Chair (Ergonomic),Home & Kitchen,165,C008,9017,3
O07441,2016,8,17,pre_covid,P013,Hand Sanitizer (Bulk Pack),Groceries & Hygiene,1909,C010,1273,2
O00220,2016,8,18,pre_covid,P015,Drawing Tablet (EdTech),Stationery & EdTech,80,C004,7956,8
O01485,2016,8,18,pre_covid,P004,Air Purifier,Home & Kitchen,255,C011,12730,2
O03717,2016,8,18,pre_covid,P007,Treadmill,Gym Equipment,50,C014,44557,2
O04199,2016,8,19,pre_covid,P011,Casual Loungewear Set,Fashion,1930,C009,1273,1
O02481,2016,8,20,pre_covid,P012,Festive Sarees,Fashion,496,C017,6365,1
O03559,2016,8,20,pre_covid,P008,Resistance Bands & Dumbbell Set,Gym Equipment,848,C019,3713,2
O04255,2016,8,20,pre_covid,P015,Drawing Tablet (EdTech),Stationery & EdTech,147,C007,7956,16
O05359,2016,8,20,pre_covid,P001,Laptop,Electronics,96,C006,58349,4
O05644,2016,8,20,pre_covid,P001,Laptop,Electronics,119,C015,58349,6
O07450,2016,8,20,pre_covid,P010,Men's Formal Shirts,Fashion,1123,C013,1909,3
O00709,2016,8,21,pre_covid,P006,Office Chair (Ergonomic),Home & Kitchen,168,C018,9017,4
O05351,2016,8,21,pre_covid,P003,Smartphone,Electronics,55,C002,23339,3
O04496,2016,8,23,pre_covid,P012,Festive Sarees,Fashion,905,C019,6365,6
O05203,2016,8,23,pre_covid,P007,Treadmill,Gym Equipment,29,C020,44557,3
O06932,2016,8,24,pre_covid,P007,Treadmill,Gym Equipment,57,C009,44557,2
O06956,2016,8,24,pre_covid,P011,Casual Loungewear Set,Fashion,767,C014,1273,6
O07221,2016,8,24,pre_covid,P001,Laptop,Electronics,52,C011,58349,7
O01700,2016,8,25,pre_covid,P010,Men's Formal Shirts,Fashion,2409,C016,1909,6
O03912,2016,8,25,pre_covid,P001,Laptop,Electronics,19,C012,58349,4
O03526,2016,8,26,pre_covid,P011,Casual Loungewear Set,Fashion,2334,C014,1273,4
O00208,2016,8,27,pre_covid,P006,Office Chair (Ergonomic),Home & Kitchen,92,C001,9017,6
O03120,2016,8,27,pre_covid,P015,Drawing Tablet (EdTech),Stationery & EdTech,133,C014,7956,6
O05793,2016,8,27,pre_covid,P008,Resistance Bands & Dumbbell Set,Gym Equipment,96,C008,3713,4
O04414,2016,8,28,pre_covid,P015,Drawing Tablet (EdTech),Stationery & EdTech,276,C020,7956,12
O06033,2016,8,29,pre_covid,P004,Air Purifier,Home & Kitchen,280,C009,12730,2
O00315,2016,8,30,pre_covid,P001,Laptop,Electronics,120,C015,58349,7
O02270,2016,8,30,pre_covid,P002,Webcam & Headset Combo,Electronics,265,C011,4774,2
O03080,2016,8,30,pre_covid,P013,Hand Sanitizer (Bulk Pack),Groceries & Hygiene,455,C005,1273,4
O00036,2016,8,31,pre_covid,P008,Resistance Bands & Dumbbell Set,Gym Equipment,1024,C017,3713,6
O00421,2016,8,31,pre_covid,P011,Casual Loungewear Set,Fashion,3403,C003,1273,1
O04951,2016,8,31,pre_covid,P009,Yoga Mat,Gym Equipment,1042,C017,1591,5
O06579,2016,8,31,pre_covid,P015,Drawing Tablet (EdTech),Stationery & EdTech,74,C008,7956,14
O00563,2016,9,1,pre_covid,P012,Festive Sarees,Fashion,1614,C002,6365,2
O00589,2016,9,1,pre_covid,P002,Webcam & Headset Combo,Electronics,224,C015,4774,2
O02594,2016,9,1,pre_covid,P015,Drawing Tablet (EdTech),Stationery & EdTech,212,C005,7956,3
O06662,2016,9,2,pre_covid,P010,Men's Formal Shirts,Fashion,1565,C001,1909,6
O04014,2016,9,3,pre_covid,P007,Treadmill,Gym Equipment,7,C015,44557,3
O04245,2016,9,3,pre_covid,P015,Drawing Tablet (EdTech),Stationery & EdTech,150,C001,7956,3
O05619,2016,9,4,pre_covid,P007,Treadmill,Gym Equipment,52,C001,44557,2
O06537,2016,9,4,pre_covid,P001,Laptop,Electronics,51,C013,58349,2
O07844,2016,9,4,pre_covid,P008,Resistance Bands & Dumbbell Set,Gym Equipment,449,C001,3713,6
O02482,2016,9,6,pre_covid,P008,Resistance Bands & Dumbbell Set,Gym Equipment,632,C016,3713,1
O04920,2016,9,6,pre_covid,P009,Yoga Mat,Gym Equipment,1080,C007,1591,4
O05981,2016,9,7,pre_covid,P003,Smartphone,Electronics,311,C016,23339,1
O07279,2016,9,7,pre_covid,P008,Resistance Bands & Dumbbell Set,Gym Equipment,1063,C013,3713,2
O02391,2016,9,8,pre_covid,P015,Drawing Tablet (EdTech),Stationery & EdTech,59,C019,7956,2
O05687,2016,9,8,pre_covid,P008,Resistance Bands & Dumbbell Set,Gym Equipment,183,C013,3713,4
O06230,2016,9,8,pre_covid,P006,Office Chair (Ergonomic),Home & Kitchen,155,C009,9017,4
O05737,2016,9,9,pre_covid,P004,Air Purifier,Home & Kitchen,28,C012,12730,1
O07551,2016,9,9,pre_covid,P004,Air Purifier,Home & Kitchen,256,C016,12730,2
O02210,2016,9,11,pre_covid,P011,Casual Loungewear Set,Fashion,3037,C008,1273,1
O03693,2016,9,11,pre_covid,P006,Office Chair (Ergonomic),Home & Kitchen,80,C020,9017,2
O03875,2016,9,11,pre_covid,P014,Packaged Grocery Staples,Groceries & Hygiene,2374,C017,848,4
O05363,2016,9,11,pre_covid,P009,Yoga Mat,Gym Equipment,687,C009,1591,5
O05984,2016,9,11,pre_covid,P005,Microwave Oven,Home & Kitchen,159,C003,9548,4
O06197,2016,9,11,pre_covid,P014,Packaged Grocery Staples,Groceries & Hygiene,1874,C004,848,5
O01185,2016,9,12,pre_covid,P008,Resistance Bands & Dumbbell Set,Gym Equipment,384,C019,3713,2
O01231,2016,9,12,pre_covid,P011,Casual Loungewear Set,Fashion,2898,C004,1273,2
O03670,2016,9,12,pre_covid,P014,Packaged Grocery Staples,Groceries & Hygiene,2419,C008,848,1
O04909,2016,9,12,pre_covid,P002,Webcam & Headset Combo,Electronics,94,C009,4774,6
O06825,2016,9,13,pre_covid,P005,Microwave Oven,Home & Kitchen,110,C002,9548,5
O06221,2016,9,14,pre_covid,P009,Yoga Mat,Gym Equipment,1317,C013,1591,3
O02823,2016,9,15,pre_covid,P015,Drawing Tablet (EdTech),Stationery & EdTech,33,C017,7956,3
O05012,2016,9,15,pre_covid,P004,Air Purifier,Home & Kitchen,171,C020,12730,4
O05421,2016,9,15,pre_covid,P010,Men's Formal Shirts,Fashion,484,C012,1909,1
O01570,2016,9,16,pre_covid,P005,Microwave Oven,Home & Kitchen,285,C020,9548,4
O02830,2016,9,16,pre_covid,P010,Men's Formal Shirts,Fashion,1813,C004,1909,1
O06009,2016,9,16,pre_covid,P004,Air Purifier,Home & Kitchen,286,C017,12730,1
O06206,2016,9,16,pre_covid,P012,Festive Sarees,Fashion,1183,C002,6365,6
O06622,2016,9,16,pre_covid,P009,Yoga Mat,Gym Equipment,920,C013,1591,4
O00775,2016,9,17,pre_covid,P014,Packaged Grocery Staples,Groceries & Hygiene,2923,C019,848,3
O02085,2016,9,17,pre_covid,P003,Smartphone,Electronics,355,C019,23339,2
O02670,2016,9,17,pre_covid,P001,Laptop,Electronics,80,C006,58349,2
O07036,2016,9,17,pre_covid,P015,Drawing Tablet (EdTech),Stationery & EdTech,61,C005,7956,6
O00455,2016,9,18,pre_covid,P012,Festive Sarees,Fashion,1657,C009,6365,2
O05157,2016,9,18,pre_covid,P012,Festive Sarees,Fashion,509,C008,6365,1
O07982,2016,9,18,pre_covid,P005,Microwave Oven,Home & Kitchen,192,C010,9548,1
O00187,2016,9,19,pre_covid,P008,Resistance Bands & Dumbbell Set,Gym Equipment,1127,C019,3713,1
O01796,2016,9,19,pre_covid,P010,Men's Formal Shirts,Fashion,2350,C010,1909,5
O04781,2016,9,19,pre_covid,P012,Festive Sarees,Fashion,704,C012,6365,4
O00391,2016,9,20,pre_covid,P009,Yoga Mat,Gym Equipment,2297,C003,1591,1
O04294,2016,9,20,pre_covid,P014,Packaged Grocery Staples,Groceries & Hygiene,2207,C005,848,3
O00868,2016,9,21,pre_covid,P011,Casual Loungewear Set,Fashion,3153,C011,1273,4
O02661,2016,9,21,pre_covid,P002,Webcam & Headset Combo,Electronics,410,C006,4774,2
O01335,2016,9,22,pre_covid,P003,Smartphone,Electronics,154,C017,23339,3
O04839,2016,9,22,pre_covid,P002,Webcam & Headset Combo,Electronics,108,C005,4774,4
O05267,2016,9,22,pre_covid,P009,Yoga Mat,Gym Equipment,794,C020,1591,3
O05750,2016,9,22,pre_covid,P002,Webcam & Headset Combo,Electronics,420,C018,4774,1
O01539,2016,9,23,pre_covid,P010,Men's Formal Shirts,Fashion,2556,C002,1909,2
O04050,2016,9,24,pre_covid,P009,Yoga Mat,Gym Equipment,542,C018,1591,2
O05938,2016,9,24,pre_covid,P005,Microwave Oven,Home & Kitchen,208,C018,9548,5
O01076,2016,9,25,pre_covid,P002,Webcam & Headset Combo,Electronics,376,C007,4774,3
O02509,2016,9,25,pre_covid,P005,Microwave Oven,Home & Kitchen,139,C005,9548,1
O05297,2016,9,25,pre_covid,P004,Air Purifier,Home & Kitchen,140,C007,12730,3
O01197,2016,9,26,pre_covid,P001,Laptop,Electronics,92,C008,58349,2
O03193,2016,9,26,pre_covid,P013,Hand Sanitizer (Bulk Pack),Groceries & Hygiene,395,C005,1273,3
O01671,2016,9,27,pre_covid,P013,Hand Sanitizer (Bulk Pack),Groceries & Hygiene,1995,C016,1273,1
O02561,2016,9,27,pre_covid,P015,Drawing Tablet (EdTech),Stationery & EdTech,259,C010,7956,5
O05907,2016,9,28,pre_covid,P004,Air Purifier,Home & Kitchen,296,C007,12730,2
O01247,2016,9,29,pre_covid,P003,Smartphone,Electronics,195,C001,23339,1
O01271,2016,9,29,pre_covid,P001,Laptop,Electronics,71,C001,58349,3
O03415,2016,9,29,pre_covid,P006,Office Chair (Ergonomic),Home & Kitchen,191,C020,9017,2
O04512,2016,9,29,pre_covid,P002,Webcam & Headset Combo,Electronics,456,C019,4774,2
O05546,2016,9,29,pre_covid,P004,Air Purifier,Home & Kitchen,89,C003,12730,3
O00349,2016,9,30,pre_covid,P010,Men's Formal Shirts,Fashion,2895,C011,1909,1
O06339,2016,9,30,pre_covid,P003,Smartphone,Electronics,218,C013,23339,1
O00437,2016,10,1,pre_covid,P010,Men's Formal Shirts,Fashion,2839,C010,1909,16
O01100,2016,10,1,pre_covid,P010,Men's Formal Shirts,Fashion,2714,C008,1909,11
O02611,2016,10,1,pre_covid,P002,Webcam & Headset Combo,Electronics,457,C009,4774,18
O02797,2016,10,1,pre_covid,P001,Laptop,Electronics,12,C003,58349,7
O03123,2016,10,1,pre_covid,P011,Casual Loungewear Set,Fashion,2535,C018,1273,2
O04170,2016,10,1,pre_covid,P003,Smartphone,Electronics,332,C015,23339,2
O06504,2016,10,2,pre_covid,P002,Webcam & Headset Combo,Electronics,328,C011,4774,20
O07043,2016,10,2,pre_covid,P012,Festive Sarees,Fashion,689,C017,6365,6
O00215,2016,10,3,pre_covid,P001,Laptop,Electronics,152,C019,58349,3
O00784,2016,10,4,pre_covid,P006,Office Chair (Ergonomic),Home & Kitchen,151,C005,9017,1
O00918,2016,10,4,pre_covid,P014,Packaged Grocery Staples,Groceries & Hygiene,2903,C008,848,2
O02991,2016,10,4,pre_covid,P007,Treadmill,Gym Equipment,10,C019,44557,2
O05361,2016,10,4,pre_covid,P015,Drawing Tablet (EdTech),Stationery & EdTech,76,C013,7956,6
O00160,2016,10,5,pre_covid,P003,Smartphone,Electronics,379,C005,23339,7
O00843,2016,10,5,pre_covid,P003,Smartphone,Electronics,222,C007,23339,3
O05253,2016,10,5,pre_covid,P010,Men's Formal Shirts,Fashion,556,C014,1909,16
O01052,2016,10,6,pre_covid,P009,Yoga Mat,Gym Equipment,1438,C012,1591,4
O05704,2016,10,6,pre_covid,P012,Festive Sarees,Fashion,158,C015,6365,16
O01049,2016,10,8,pre_covid,P005,Microwave Oven,Home & Kitchen,218,C020,9548,5
O02980,2016,10,8,pre_covid,P009,Yoga Mat,Gym Equipment,1230,C005,1591,5
O04544,2016,10,8,pre_covid,P003,Smartphone,Electronics,237,C014,23339,7
O05136,2016,10,8,pre_covid,P002,Webcam & Headset Combo,Electronics,419,C011,4774,20
O05888,2016,10,8,pre_covid,P012,Festive Sarees,Fashion,1433,C020,6365,18
O06744,2016,10,8,pre_covid,P002,Webcam & Headset Combo,Electronics,234,C020,4774,11
O07317,2016,10,8,pre_covid,P012,Festive Sarees,Fashion,510,C001,6365,14
O02786,2016,10,9,pre_covid,P003,Smartphone,Electronics,276,C011,23339,6
O05635,2016,10,9,pre_covid,P012,Festive Sarees,Fashion,216,C011,6365,11
O06438,2016,10,9,pre_covid,P003,Smartphone,Electronics,193,C012,23339,5
O04525,2016,10,10,pre_covid,P005,Microwave Oven,Home & Kitchen,28,C018,9548,6
O06352,2016,10,10,pre_covid,P013,Hand Sanitizer (Bulk Pack),Groceries & Hygiene,1095,C020,1273,3
O01699,2016,10,12,pre_covid,P010,Men's Formal Shirts,Fashion,2427,C004,1909,18
O04134,2016,10,12,pre_covid,P002,Webcam & Headset Combo,Electronics,329,C001,4774,8
O04651,2016,10,12,pre_covid,P012,Festive Sarees,Fashion,859,C001,6365,17
O05966,2016,10,12,pre_covid,P009,Yoga Mat,Gym Equipment,145,C005,1591,3
O06667,2016,10,12,pre_covid,P015,Drawing Tablet (EdTech),Stationery & EdTech,277,C008,7956,4
O01619,2016,10,13,pre_covid,P008,Resistance Bands & Dumbbell Set,Gym Equipment,1200,C017,3713,2
O01911,2016,10,13,pre_covid,P007,Treadmill,Gym Equipment,54,C007,44557,3
O01158,2016,10,14,pre_covid,P007,Treadmill,Gym Equipment,21,C007,44557,2
O03443,2016,10,14,pre_covid,P012,Festive Sarees,Fashion,1319,C017,6365,17
O05509,2016,10,14,pre_covid,P001,Laptop,Electronics,29,C002,58349,6
O03824,2016,10,15,pre_covid,P012,Festive Sarees,Fashion,1206,C018,6365,7
O07322,2016,10,15,pre_covid,P008,Resistance Bands & Dumbbell Set,Gym Equipment,1045,C003,3713,5
O05891,2016,10,16,pre_covid,P015,Drawing Tablet (EdTech),Stationery & EdTech,271,C019,7956,4
O01343,2016,10,17,pre_covid,P006,Office Chair (Ergonomic),Home & Kitchen,137,C010,9017,5
O01746,2016,10,17,pre_covid,P006,Office Chair (Ergonomic),Home & Kitchen,10,C016,9017,3
O03434,2016,10,17,pre_covid,P012,Festive Sarees,Fashion,1338,C001,6365,16
O06299,2016,10,17,pre_covid,P005,Microwave Oven,Home & Kitchen,275,C013,9548,2
O00158,2016,10,18,pre_covid,P010,Men's Formal Shirts,Fashion,2339,C018,1909,13
O00343,2016,10,18,pre_covid,P003,Smartphone,Electronics,366,C006,23339,4
O00832,2016,10,18,pre_covid,P010,Men's Formal Shirts,Fashion,2891,C020,1909,9
O02952,2016,10,18,pre_covid,P011,Casual Loungewear Set,Fashion,2656,C017,1273,6
O03929,2016,10,18,pre_covid,P006,Office Chair (Ergonomic),Home & Kitchen,93,C011,9017,6
O00017,2016,10,19,pre_covid,P015,Drawing Tablet (EdTech),Stationery & EdTech,238,C005,7956,4
O00387,2016,10,19,pre_covid,P006,Office Chair (Ergonomic),Home & Kitchen,110,C018,9017,3
O01814,2016,10,19,pre_covid,P004,Air Purifier,Home & Kitchen,142,C006,12730,5
O03012,2016,10,19,pre_covid,P002,Webcam & Headset Combo,Electronics,29,C014,4774,17
O06449,2016,10,19,pre_covid,P010,Men's Formal Shirts,Fashion,1755,C001,1909,18
O01904,2016,10,20,pre_covid,P010,Men's Formal Shirts,Fashion,2282,C004,1909,7
O07662,2016,10,21,pre_covid,P001,Laptop,Electronics,75,C018,58349,8
O03251,2016,10,23,pre_covid,P002,Webcam & Headset Combo,Electronics,471,C016,4774,16
O04582,2016,10,23,pre_covid,P011,Casual Loungewear Set,Fashion,1805,C007,1273,5
O05314,2016,10,23,pre_covid,P012,Festive Sarees,Fashion,400,C009,6365,15
O00445,2016,10,24,pre_covid,P007,Treadmill,Gym Equipment,42,C007,44557,2
O03284,2016,10,24,pre_covid,P006,Office Chair (Ergonomic),Home & Kitchen,118,C012,9017,2
O05143,2016,10,24,pre_covid,P012,Festive Sarees,Fashion,529,C019,6365,18
O05235,2016,10,24,pre_covid,P002,Webcam & Headset Combo,Electronics,251,C013,4774,13
O06247,2016,10,24,pre_covid,P007,Treadmill,Gym Equipment,4,C018,44557,2
O07902,2016,10,24,pre_covid,P008,Resistance Bands & Dumbbell Set,Gym Equipment,405,C019,3713,1
O04188,2016,10,25,pre_covid,P008,Resistance Bands & Dumbbell Set,Gym Equipment,295,C004,3713,2
O06757,2016,10,25,pre_covid,P010,Men's Formal Shirts,Fashion,1452,C014,1909,8
O01317,2016,10,27,pre_covid,P011,Casual Loungewear Set,Fashion,2858,C010,1273,4
O04112,2016,10,27,pre_covid,P008,Resistance Bands & Dumbbell Set,Gym Equipment,384,C015,3713,3
O00719,2016,10,28,pre_covid,P002,Webcam & Headset Combo,Electronics,31,C005,4774,11
O02744,2016,10,28,pre_covid,P002,Webcam & Headset Combo,Electronics,373,C019,4774,9
O02799,2016,10,28,pre_covid,P008,Resistance Bands & Dumbbell Set,Gym Equipment,300,C018,3713,4
O02337,2016,10,29,pre_covid,P002,Webcam & Headset Combo,Electronics,155,C020,4774,19
O03814,2016,10,29,pre_covid,P001,Laptop,Electronics,52,C012,58349,5
O06234,2016,10,29,pre_covid,P009,Yoga Mat,Gym Equipment,1314,C014,1591,2
O06653,2016,10,29,pre_covid,P010,Men's Formal Shirts,Fashion,1573,C002,1909,8
O03482,2016,10,30,pre_covid,P007,Treadmill,Gym Equipment,54,C004,44557,3
O06685,2016,10,30,pre_covid,P008,Resistance Bands & Dumbbell Set,Gym Equipment,590,C011,3713,4
O01752,2016,10,31,pre_covid,P010,Men's Formal Shirts,Fashion,2396,C003,1909,20
O02650,2016,10,31,pre_covid,P004,Air Purifier,Home & Kitchen,221,C004,12730,4
O04507,2016,10,31,pre_covid,P010,Men's Formal Shirts,Fashion,1042,C002,1909,18
O06844,2016,10,31,pre_covid,P008,Resistance Bands & Dumbbell Set,Gym Equipment,381,C015,3713,2
O07195,2016,10,31,pre_covid,P012,Festive Sarees,Fashion,648,C018,6365,11
O00164,2016,11,1,pre_covid,P010,Men's Formal Shirts,Fashion,2326,C005,1909,10
O01771,2016,11,1,pre_covid,P002,Webcam & Headset Combo,Electronics,231,C005,4774,18
O03764,2016,11,1,pre_covid,P012,Festive Sarees,Fashion,1264,C005,6365,11
O04783,2016,11,1,pre_covid,P003,Smartphone,Electronics,183,C010,23339,5
O05564,2016,11,1,pre_covid,P015,Drawing Tablet (EdTech),Stationery & EdTech,254,C016,7956,1
O00989,2016,11,2,pre_covid,P010,Men's Formal Shirts,Fashion,2767,C019,1909,9
O06457,2016,11,2,pre_covid,P003,Smartphone,Electronics,184,C007,23339,3
O00722,2016,11,3,pre_covid,P011,Casual Loungewear Set,Fashion,3245,C013,1273,6
O07501,2016,11,3,pre_covid,P009,Yoga Mat,Gym Equipment,88,C008,1591,6
O00756,2016,11,4,pre_covid,P008,Resistance Bands & Dumbbell Set,Gym Equipment,719,C008,3713,3
O05878,2016,11,4,pre_covid,P001,Laptop,Electronics,12,C012,58349,6
O00093,2016,11,5,pre_covid,P013,Hand Sanitizer (Bulk Pack),Groceries & Hygiene,1312,C011,1273,6
O00243,2016,11,5,pre_covid,P010,Men's Formal Shirts,Fashion,2923,C010,1909,19
O03342,2016,11,5,pre_covid,P014,Packaged Grocery Staples,Groceries & Hygiene,2564,C002,848,1
O06462,2016,11,5,pre_covid,P010,Men's Formal Shirts,Fashion,1732,C013,1909,17
O02859,2016,11,6,pre_covid,P003,Smartphone,Electronics,254,C008,23339,3
O03258,2016,11,6,pre_covid,P011,Casual Loungewear Set,Fashion,2522,C001,1273,3
O03285,2016,11,6,pre_covid,P005,Microwave Oven,Home & Kitchen,148,C009,9548,6
O07622,2016,11,6,pre_covid,P008,Resistance Bands & Dumbbell Set,Gym Equipment,772,C012,3713,6
O01605,2016,11,7,pre_covid,P003,Smartphone,Electronics,89,C006,23339,5
O03317,2016,11,7,pre_covid,P010,Men's Formal Shirts,Fashion,1563,C001,1909,7
O04813,2016,11,7,pre_covid,P004,Air Purifier,Home & Kitchen,215,C005,12730,2
O06860,2016,11,7,pre_covid,P012,Festive Sarees,Fashion,797,C004,6365,19
O01281,2016,11,8,pre_covid,P001,Laptop,Electronics,68,C010,58349,7
O06448,2016,11,8,pre_covid,P010,Men's Formal Shirts,Fashion,1766,C013,1909,11
O02457,2016,11,9,pre_covid,P004,Air Purifier,Home & Kitchen,251,C019,12730,2
O05346,2016,11,9,pre_covid,P003,Smartphone,Electronics,57,C005,23339,2
O05069,2016,11,10,pre_covid,P012,Festive Sarees,Fashion,559,C014,6365,9
O05317,2016,11,10,pre_covid,P002,Webcam & Headset Combo,Electronics,210,C011,4774,15
O00574,2016,11,11,pre_covid,P012,Festive Sarees,Fashion,1612,C015,6365,11
O01404,2016,11,11,pre_covid,P008,Resistance Bands & Dumbbell Set,Gym Equipment,170,C008,3713,4
O03300,2016,11,11,pre_covid,P010,Men's Formal Shirts,Fashion,1573,C003,1909,10
O05142,2016,11,11,pre_covid,P006,Office Chair (Ergonomic),Home & Kitchen,37,C016,9017,1
O07321,2016,11,11,pre_covid,P003,Smartphone,Electronics,359,C016,23339,8
O07522,2016,11,11,pre_covid,P012,Festive Sarees,Fashion,357,C003,6365,5
O01776,2016,11,12,pre_covid,P002,Webcam & Headset Combo,Electronics,197,C014,4774,13
O06495,2016,11,12,pre_covid,P008,Resistance Bands & Dumbbell Set,Gym Equipment,839,C003,3713,3
O07118,2016,11,13,pre_covid,P003,Smartphone,Electronics,29,C007,23339,8
O07529,2016,11,13,pre_covid,P010,Men's Formal Shirts,Fashion,1029,C018,1909,17
O02091,2016,11,14,pre_covid,P005,Microwave Oven,Home & Kitchen,205,C020,9548,6
O00789,2016,11,15,pre_covid,P012,Festive Sarees,Fashion,1467,C004,6365,16
O03191,2016,11,15,pre_covid,P010,Men's Formal Shirts,Fashion,1645,C020,1909,12
O07898,2016,11,15,pre_covid,P005,Microwave Oven,Home & Kitchen,207,C008,9548,2
O03630,2016,11,16,pre_covid,P004,Air Purifier,Home & Kitchen,264,C015,12730,4
O01139,2016,11,17,pre_covid,P012,Festive Sarees,Fashion,1339,C005,6365,9
O03477,2016,11,17,pre_covid,P001,Laptop,Electronics,105,C008,58349,3
O06799,2016,11,17,pre_covid,P007,Treadmill,Gym Equipment,39,C011,44557,1
O01774,2016,11,18,pre_covid,P002,Webcam & Headset Combo,Electronics,213,C019,4774,16
O02975,2016,11,18,pre_covid,P009,Yoga Mat,Gym Equipment,1271,C020,1591,4
O06142,2016,11,18,pre_covid,P003,Smartphone,Electronics,276,C012,23339,4
O01319,2016,11,19,pre_covid,P003,Smartphone,Electronics,161,C016,23339,7
O05760,2016,11,19,pre_covid,P012,Festive Sarees,Fashion,123,C018,6365,18
O06557,2016,11,20,pre_covid,P010,Men's Formal Shirts,Fashion,1644,C020,1909,17
O06940,2016,11,20,pre_covid,P001,Laptop,Electronics,101,C002,58349,3
O05637,2016,11,21,pre_covid,P001,Laptop,Electronics,128,C003,58349,7
O06001,2016,11,21,pre_covid,P010,Men's Formal Shirts,Fashion,143,C002,1909,20
O01265,2016,11,22,pre_covid,P009,Yoga Mat,Gym Equipment,1313,C012,1591,3
O03579,2016,11,22,pre_covid,P003,Smartphone,Electronics,86,C004,23339,5
O00497,2016,11,23,pre_covid,P006,Office Chair (Ergonomic),Home & Kitchen,57,C009,9017,3
O04930,2016,11,24,pre_covid,P012,Festive Sarees,Fashion,658,C019,6365,18
O06429,2016,11,24,pre_covid,P012,Festive Sarees,Fashion,1062,C016,6365,14
O06465,2016,11,24,pre_covid,P002,Webcam & Headset Combo,Electronics,342,C003,4774,6
O01155,2016,11,25,pre_covid,P006,Office Chair (Ergonomic),Home & Kitchen,195,C010,9017,4
O03989,2016,11,25,pre_covid,P007,Treadmill,Gym Equipment,23,C008,44557,1
O00097,2016,11,26,pre_covid,P013,Hand Sanitizer (Bulk Pack),Groceries & Hygiene,1306,C019,1273,2
O01212,2016,11,26,pre_covid,P008,Resistance Bands & Dumbbell Set,Gym Equipment,366,C011,3713,1
O06901,2016,11,26,pre_covid,P008,Resistance Bands & Dumbbell Set,Gym Equipment,278,C019,3713,4
O01248,2016,11,27,pre_covid,P015,Drawing Tablet (EdTech),Stationery & EdTech,300,C012,7956,4
O02721,2016,11,28,pre_covid,P006,Office Chair (Ergonomic),Home & Kitchen,51,C002,9017,6
O05049,2016,11,28,pre_covid,P014,Packaged Grocery Staples,Groceries & Hygiene,2356,C013,848,6
O07495,2016,11,28,pre_covid,P012,Festive Sarees,Fashion,421,C002,6365,11
O03314,2016,11,29,pre_covid,P002,Webcam & Headset Combo,Electronics,403,C008,4774,7
O06966,2016,12,1,pre_covid,P012,Festive Sarees,Fashion,744,C014,6365,20
O06281,2016,12,2,pre_covid,P003,Smartphone,Electronics,226,C015,23339,6
O00929,2016,12,3,pre_covid,P009,Yoga Mat,Gym Equipment,1530,C019,1591,6
O01110,2016,12,3,pre_covid,P007,Treadmill,Gym Equipment,54,C001,44557,2
O01431,2016,12,3,pre_covid,P004,Air Purifier,Home & Kitchen,263,C017,12730,4
O05440,2016,12,3,pre_covid,P012,Festive Sarees,Fashion,345,C020,6365,15
O07163,2016,12,3,pre_covid,P002,Webcam & Headset Combo,Electronics,419,C003,4774,5
O06571,2016,12,7,pre_covid,P003,Smartphone,Electronics,171,C003,23339,7
O01601,2016,12,8,pre_covid,P013,Hand Sanitizer (Bulk Pack),Groceries & Hygiene,175,C012,1273,2
O01694,2016,12,8,pre_covid,P001,Laptop,Electronics,34,C002,58349,5
O00948,2016,12,9,pre_covid,P008,Resistance Bands & Dumbbell Set,Gym Equipment,623,C011,3713,6
O07617,2016,12,9,pre_covid,P001,Laptop,Electronics,85,C015,58349,6
O02890,2016,12,10,pre_covid,P013,Hand Sanitizer (Bulk Pack),Groceries & Hygiene,557,C017,1273,5
O03151,2016,12,10,pre_covid,P014,Packaged Grocery Staples,Groceries & Hygiene,2604,C017,848,3
O04370,2016,12,10,pre_covid,P015,Drawing Tablet (EdTech),Stationery & EdTech,20,C005,7956,2
O06593,2016,12,10,pre_covid,P008,Resistance Bands & Dumbbell Set,Gym Equipment,715,C010,3713,2
O07170,2016,12,10,pre_covid,P003,Smartphone,Electronics,397,C008,23339,8
O06345,2016,12,11,pre_covid,P004,Air Purifier,Home & Kitchen,210,C009,12730,2
O06935,2016,12,11,pre_covid,P009,Yoga Mat,Gym Equipment,664,C005,1591,6
O04638,2016,12,12,pre_covid,P003,Smartphone,Electronics,216,C011,23339,8
O00350,2016,12,13,pre_covid,P008,Resistance Bands & Dumbbell Set,Gym Equipment,952,C012,3713,5
O01616,2016,12,13,pre_covid,P013,Hand Sanitizer (Bulk Pack),Groceries & Hygiene,121,C018,1273,6
O03334,2016,12,13,pre_covid,P012,Festive Sarees,Fashion,1401,C015,6365,10
O00795,2016,12,14,pre_covid,P010,Men's Formal Shirts,Fashion,2926,C013,1909,16
O02658,2016,12,14,pre_covid,P006,Office Chair (Ergonomic),Home & Kitchen,39,C012,9017,1
O03607,2016,12,14,pre_covid,P013,Hand Sanitizer (Bulk Pack),Groceries & Hygiene,1869,C014,1273,3
O04210,2016,12,14,pre_covid,P002,Webcam & Headset Combo,Electronics,244,C008,4774,15
O07288,2016,12,14,pre_covid,P010,Men's Formal Shirts,Fashion,1204,C005,1909,7
O04564,2016,12,15,pre_covid,P014,Packaged Grocery Staples,Groceries & Hygiene,2632,C001,848,3
O04852,2016,12,15,pre_covid,P003,Smartphone,Electronics,162,C015,23339,8
O06512,2016,12,15,pre_covid,P004,Air Purifier,Home & Kitchen,164,C013,12730,3
O06633,2016,12,15,pre_covid,P014,Packaged Grocery Staples,Groceries & Hygiene,1660,C002,848,4
O00272,2016,12,16,pre_covid,P002,Webcam & Headset Combo,Electronics,589,C004,4774,18
O01026,2016,12,16,pre_covid,P001,Laptop,Electronics,9,C005,58349,3
O07597,2016,12,17,pre_covid,P003,Smartphone,Electronics,292,C003,23339,2
O06291,2016,12,18,pre_covid,P009,Yoga Mat,Gym Equipment,1190,C009,1591,1
O02973,2016,12,19,pre_covid,P015,Drawing Tablet (EdTech),Stationery & EdTech,255,C002,7956,6
O03603,2016,12,19,pre_covid,P002,Webcam & Headset Combo,Electronics,77,C003,4774,13
O04108,2016,12,19,pre_covid,P006,Office Chair (Ergonomic),Home & Kitchen,9,C015,9017,5
O05070,2016,12,19,pre_covid,P002,Webcam & Headset Combo,Electronics,481,C014,4774,13
O06543,2016,12,19,pre_covid,P009,Yoga Mat,Gym Equipment,991,C014,1591,2
O07981,2016,12,19,pre_covid,P006,Office Chair (Ergonomic),Home & Kitchen,194,C003,9017,5
O01808,2016,12,20,pre_covid,P014,Packaged Grocery Staples,Groceries & Hygiene,3132,C002,848,5
O02864,2016,12,20,pre_covid,P002,Webcam & Headset Combo,Electronics,304,C019,4774,17
O00076,2016,12,21,pre_covid,P012,Festive Sarees,Fashion,1650,C020,6365,16
O03312,2016,12,21,pre_covid,P003,Smartphone,Electronics,132,C015,23339,3
O05792,2016,12,21,pre_covid,P011,Casual Loungewear Set,Fashion,1098,C007,1273,6
O05871,2016,12,21,pre_covid,P015,Drawing Tablet (EdTech),Stationery & EdTech,294,C020,7956,5
O05238,2016,12,22,pre_covid,P008,Resistance Bands & Dumbbell Set,Gym Equipment,657,C017,3713,5
O06029,2016,12,22,pre_covid,P012,Festive Sarees,Fashion,1315,C004,6365,11
O01333,2016,12,23,pre_covid,P010,Men's Formal Shirts,Fashion,2656,C006,1909,11
O06129,2016,12,23,pre_covid,P010,Men's Formal Shirts,Fashion,1924,C018,1909,9
O06208,2016,12,23,pre_covid,P004,Air Purifier,Home & Kitchen,244,C003,12730,5
O01603,2016,12,25,pre_covid,P004,Air Purifier,Home & Kitchen,213,C003,12730,6
O02990,2016,12,25,pre_covid,P004,Air Purifier,Home & Kitchen,89,C020,12730,1
O06089,2016,12,26,pre_covid,P004,Air Purifier,Home & Kitchen,267,C016,12730,3
O07523,2016,12,26,pre_covid,P015,Drawing Tablet (EdTech),Stationery & EdTech,215,C014,7956,5
O03951,2016,12,27,pre_covid,P012,Festive Sarees,Fashion,1149,C020,6365,19
O04115,2016,12,27,pre_covid,P003,Smartphone,Electronics,359,C005,23339,3
O07566,2016,12,27,pre_covid,P003,Smartphone,Electronics,299,C004,23339,5
O00283,2016,12,28,pre_covid,P007,Treadmill,Gym Equipment,6,C014,44557,3
O05977,2016,12,28,pre_covid,P002,Webcam & Headset Combo,Electronics,197,C007,4774,9
O00434,2016,12,29,pre_covid,P012,Festive Sarees,Fashion,1689,C007,6365,9
O04523,2016,12,29,pre_covid,P004,Air Purifier,Home & Kitchen,300,C001,12730,1
O06224,2016,12,30,pre_covid,P003,Smartphone,Electronics,260,C003,23339,8
O06327,2016,12,30,pre_covid,P007,Treadmill,Gym Equipment,66,C005,44557,2
O03517,2016,12,31,pre_covid,P006,Office Chair (Ergonomic),Home & Kitchen,187,C011,9017,4
O03397,2017,1,1,pre_covid,P014,Packaged Grocery Staples,Groceries & Hygiene,2554,C005,874,5
O05965,2017,1,1,pre_covid,P007,Treadmill,Gym Equipment,60,C008,45894,4
O07769,2017,1,1,pre_covid,P002,Webcam & Headset Combo,Electronics,344,C002,4917,1
O02843,2017,1,2,pre_covid,P009,Yoga Mat,Gym Equipment,1342,C015,1639,9
O07922,2017,1,2,pre_covid,P013,Hand Sanitizer (Bulk Pack),Groceries & Hygiene,1444,C010,1311,3
O07198,2017,1,3,pre_covid,P015,Drawing Tablet (EdTech),Stationery & EdTech,181,C003,8195,5
O00908,2017,1,4,pre_covid,P008,Resistance Bands & Dumbbell Set,Gym Equipment,635,C020,3824,12
O04337,2017,1,4,pre_covid,P011,Casual Loungewear Set,Fashion,1851,C012,1311,2
O00991,2017,1,5,pre_covid,P003,Smartphone,Electronics,206,C012,24039,8
O01995,2017,1,5,pre_covid,P003,Smartphone,Electronics,384,C018,24039,7
O02010,2017,1,5,pre_covid,P015,Drawing Tablet (EdTech),Stationery & EdTech,297,C003,8195,4
O02042,2017,1,5,pre_covid,P005,Microwave Oven,Home & Kitchen,253,C016,9834,2
O05287,2017,1,5,pre_covid,P003,Smartphone,Electronics,84,C007,24039,8
O06328,2017,1,5,pre_covid,P009,Yoga Mat,Gym Equipment,1173,C003,1639,18
O07312,2017,1,5,pre_covid,P008,Resistance Bands & Dumbbell Set,Gym Equipment,1057,C001,3824,5
O07613,2017,1,5,pre_covid,P007,Treadmill,Gym Equipment,24,C008,45894,8
O00759,2017,1,6,pre_covid,P008,Resistance Bands & Dumbbell Set,Gym Equipment,716,C013,3824,15
O01640,2017,1,6,pre_covid,P010,Men's Formal Shirts,Fashion,2441,C013,1966,5
O05181,2017,1,6,pre_covid,P007,Treadmill,Gym Equipment,34,C003,45894,5
O05226,2017,1,6,pre_covid,P009,Yoga Mat,Gym Equipment,825,C005,1639,6
O01203,2017,1,8,pre_covid,P011,Casual Loungewear Set,Fashion,2901,C014,1311,2
O07320,2017,1,8,pre_covid,P006,Office Chair (Ergonomic),Home & Kitchen,21,C008,9288,4
O03906,2017,1,9,pre_covid,P011,Casual Loungewear Set,Fashion,2104,C017,1311,5
O05932,2017,1,9,pre_covid,P014,Packaged Grocery Staples,Groceries & Hygiene,2000,C008,874,4
O06800,2017,1,9,pre_covid,P010,Men's Formal Shirts,Fashion,1415,C013,1966,6
O07062,2017,1,9,pre_covid,P005,Microwave Oven,Home & Kitchen,234,C012,9834,6
O07216,2017,1,9,pre_covid,P007,Treadmill,Gym Equipment,59,C005,45894,8
O00321,2017,1,10,pre_covid,P006,Office Chair (Ergonomic),Home & Kitchen,137,C010,9288,6
O01362,2017,1,10,pre_covid,P013,Hand Sanitizer (Bulk Pack),Groceries & Hygiene,306,C007,1311,2
O03238,2017,1,10,pre_covid,P011,Casual Loungewear Set,Fashion,2523,C013,1311,1
O00504,2017,1,11,pre_covid,P013,Hand Sanitizer (Bulk Pack),Groceries & Hygiene,1280,C018,1311,6
O01946,2017,1,11,pre_covid,P009,Yoga Mat,Gym Equipment,696,C001,1639,8
O02465,2017,1,11,pre_covid,P003,Smartphone,Electronics,320,C014,24039,6
O03211,2017,1,11,pre_covid,P008,Resistance Bands & Dumbbell Set,Gym Equipment,1097,C014,3824,19
O03409,2017,1,11,pre_covid,P004,Air Purifier,Home & Kitchen,281,C020,13112,3
O03631,2017,1,11,pre_covid,P015,Drawing Tablet (EdTech),Stationery & EdTech,257,C013,8195,1
O05739,2017,1,12,pre_covid,P008,Resistance Bands & Dumbbell Set,Gym Equipment,141,C003,3824,11
O01583,2017,1,13,pre_covid,P013,Hand Sanitizer (Bulk Pack),Groceries & Hygiene,181,C017,1311,6
O04039,2017,1,13,pre_covid,P001,Laptop,Electronics,123,C010,60099,1
O04047,2017,1,13,pre_covid,P013,Hand Sanitizer (Bulk Pack),Groceries & Hygiene,1527,C015,1311,3
O05132,2017,1,13,pre_covid,P014,Packaged Grocery Staples,Groceries & Hygiene,2344,C018,874,1
O00027,2017,1,14,pre_covid,P015,Drawing Tablet (EdTech),Stationery & EdTech,233,C013,8195,2
O01414,2017,1,14,pre_covid,P009,Yoga Mat,Gym Equipment,1137,C012,1639,14
O03713,2017,1,14,pre_covid,P013,Hand Sanitizer (Bulk Pack),Groceries & Hygiene,1804,C012,1311,1
O04358,2017,1,14,pre_covid,P011,Casual Loungewear Set,Fashion,1844,C002,1311,2
O00246,2017,1,15,pre_covid,P003,Smartphone,Electronics,389,C005,24039,7
O00907,2017,1,15,pre_covid,P005,Microwave Oven,Home & Kitchen,274,C019,9834,3
O02033,2017,1,15,pre_covid,P003,Smartphone,Electronics,374,C012,24039,3
O02287,2017,1,15,pre_covid,P009,Yoga Mat,Gym Equipment,161,C020,1639,19
O06830,2017,1,15,pre_covid,P003,Smartphone,Electronics,111,C017,24039,5
O07055,2017,1,15,pre_covid,P003,Smartphone,Electronics,54,C007,24039,5
O00915,2017,1,16,pre_covid,P012,Festive Sarees,Fashion,1432,C007,6556,5
O01269,2017,1,16,pre_covid,P012,Festive Sarees,Fashion,1243,C010,6556,1
O07541,2017,1,16,pre_covid,P005,Microwave Oven,Home & Kitchen,208,C012,9834,2
O07792,2017,1,16,pre_covid,P004,Air Purifier,Home & Kitchen,215,C006,13112,6
O06163,2017,1,17,pre_covid,P007,Treadmill,Gym Equipment,12,C001,45894,7
O07857,2017,1,17,pre_covid,P014,Packaged Grocery Staples,Groceries & Hygiene,1054,C018,874,5
O00146,2017,1,18,pre_covid,P015,Drawing Tablet (EdTech),Stationery & EdTech,158,C013,8195,2
O00922,2017,1,18,pre_covid,P005,Microwave Oven,Home & Kitchen,271,C018,9834,1
O03090,2017,1,18,pre_covid,P009,Yoga Mat,Gym Equipment,1166,C005,1639,5
O05796,2017,1,18,pre_covid,P013,Hand Sanitizer (Bulk Pack),Groceries & Hygiene,1691,C007,1311,5
O06211,2017,1,18,pre_covid,P015,Drawing Tablet (EdTech),Stationery & EdTech,48,C008,8195,2
O00678,2017,1,19,pre_covid,P015,Drawing Tablet (EdTech),Stationery & EdTech,87,C005,8195,3
O04030,2017,1,19,pre_covid,P007,Treadmill,Gym Equipment,80,C009,45894,5
O07696,2017,1,19,pre_covid,P001,Laptop,Electronics,62,C006,60099,2
O04958,2017,1,20,pre_covid,P003,Smartphone,Electronics,144,C004,24039,7
O06850,2017,1,20,pre_covid,P003,Smartphone,Electronics,98,C002,24039,4
O01575,2017,1,21,pre_covid,P007,Treadmill,Gym Equipment,67,C012,45894,5
O01511,2017,1,23,pre_covid,P011,Casual Loungewear Set,Fashion,2753,C008,1311,2
O06499,2017,1,23,pre_covid,P003,Smartphone,Electronics,179,C003,24039,2
O03870,2017,1,24,pre_covid,P015,Drawing Tablet (EdTech),Stationery & EdTech,197,C017,8195,5
O06277,2017,1,24,pre_covid,P008,Resistance Bands & Dumbbell Set,Gym Equipment,980,C020,3824,11
O07385,2017,1,24,pre_covid,P001,Laptop,Electronics,19,C017,60099,2
O02684,2017,1,25,pre_covid,P001,Laptop,Electronics,72,C005,60099,3
O00763,2017,1,26,pre_covid,P009,Yoga Mat,Gym Equipment,1793,C012,1639,5
O04664,2017,1,26,pre_covid,P004,Air Purifier,Home & Kitchen,250,C005,13112,2
O07708,2017,1,26,pre_covid,P006,Office Chair (Ergonomic),Home & Kitchen,200,C016,9288,2
O02114,2017,1,27,pre_covid,P012,Festive Sarees,Fashion,708,C020,6556,1
O03492,2017,1,27,pre_covid,P005,Microwave Oven,Home & Kitchen,300,C010,9834,3
O03996,2017,1,27,pre_covid,P004,Air Purifier,Home & Kitchen,165,C001,13112,3
O04550,2017,1,27,pre_covid,P009,Yoga Mat,Gym Equipment,1444,C001,1639,10
O06874,2017,1,27,pre_covid,P011,Casual Loungewear Set,Fashion,827,C006,1311,4
O07110,2017,1,27,pre_covid,P003,Smartphone,Electronics,36,C016,24039,7
O07961,2017,1,27,pre_covid,P011,Casual Loungewear Set,Fashion,211,C018,1311,1
O01146,2017,1,28,pre_covid,P005,Microwave Oven,Home & Kitchen,118,C013,9834,1
O02397,2017,1,28,pre_covid,P007,Treadmill,Gym Equipment,33,C003,45894,8
O05433,2017,1,28,pre_covid,P008,Resistance Bands & Dumbbell Set,Gym Equipment,428,C017,3824,19
O07349,2017,1,28,pre_covid,P013,Hand Sanitizer (Bulk Pack),Groceries & Hygiene,88,C015,1311,4
O03243,2017,1,30,pre_covid,P009,Yoga Mat,Gym Equipment,1214,C010,1639,13
O03547,2017,1,30,pre_covid,P002,Webcam & Headset Combo,Electronics,134,C013,4917,2
O04078,2017,1,30,pre_covid,P009,Yoga Mat,Gym Equipment,509,C007,1639,15
O05123,2017,1,30,pre_covid,P012,Festive Sarees,Fashion,531,C017,6556,2
O02620,2017,1,31,pre_covid,P006,Office Chair (Ergonomic),Home & Kitchen,111,C008,9288,3
O05683,2017,1,31,pre_covid,P005,Microwave Oven,Home & Kitchen,47,C005,9834,5
O03643,2017,2,1,pre_covid,P015,Drawing Tablet (EdTech),Stationery & EdTech,256,C006,8195,1
O07491,2017,2,1,pre_covid,P010,Men's Formal Shirts,Fashion,1082,C005,1966,17
O02917,2017,2,2,pre_covid,P010,Men's Formal Shirts,Fashion,1736,C008,1966,11
O04198,2017,2,2,pre_covid,P007,Treadmill,Gym Equipment,22,C015,45894,1
O00471,2017,2,4,pre_covid,P008,Resistance Bands & Dumbbell Set,Gym Equipment,973,C001,3824,4
O04598,2017,2,4,pre_covid,P008,Resistance Bands & Dumbbell Set,Gym Equipment,110,C002,3824,5
O06137,2017,2,4,pre_covid,P002,Webcam & Headset Combo,Electronics,582,C014,4917,2
O01467,2017,2,5,pre_covid,P011,Casual Loungewear Set,Fashion,2762,C008,1311,3
O07066,2017,2,6,pre_covid,P012,Festive Sarees,Fashion,679,C017,6556,19
O07243,2017,2,6,pre_covid,P001,Laptop,Electronics,34,C020,60099,1
O00066,2017,2,7,pre_covid,P010,Men's Formal Shirts,Fashion,2061,C014,1966,5
O02686,2017,2,7,pre_covid,P012,Festive Sarees,Fashion,395,C020,6556,12
O03042,2017,2,7,pre_covid,P003,Smartphone,Electronics,203,C013,24039,3
O05448,2017,2,7,pre_covid,P003,Smartphone,Electronics,389,C010,24039,3
O02286,2017,2,8,pre_covid,P010,Men's Formal Shirts,Fashion,2113,C012,1966,14
O07639,2017,2,8,pre_covid,P010,Men's Formal Shirts,Fashion,959,C013,1966,18
O01723,2017,2,9,pre_covid,P010,Men's Formal Shirts,Fashion,2403,C012,1966,7
O02187,2017,2,9,pre_covid,P006,Office Chair (Ergonomic),Home & Kitchen,124,C001,9288,2
O02598,2017,2,9,pre_covid,P001,Laptop,Electronics,120,C020,60099,2
O05689,2017,2,9,pre_covid,P004,Air Purifier,Home & Kitchen,37,C002,13112,5
O06862,2017,2,9,pre_covid,P012,Festive Sarees,Fashion,778,C011,6556,14
O03574,2017,2,10,pre_covid,P012,Festive Sarees,Fashion,1199,C003,6556,20
O03817,2017,2,10,pre_covid,P009,Yoga Mat,Gym Equipment,718,C005,1639,2
O06917,2017,2,10,pre_covid,P006,Office Chair (Ergonomic),Home & Kitchen,101,C018,9288,5
O07347,2017,2,10,pre_covid,P010,Men's Formal Shirts,Fashion,1192,C008,1966,14
O00054,2017,2,11,pre_covid,P008,Resistance Bands & Dumbbell Set,Gym Equipment,1182,C007,3824,2
O06441,2017,2,12,pre_covid,P009,Yoga Mat,Gym Equipment,1055,C002,1639,5
O06985,2017,2,12,pre_covid,P008,Resistance Bands & Dumbbell Set,Gym Equipment,263,C015,3824,2
O07065,2017,2,12,pre_covid,P001,Laptop,Electronics,83,C020,60099,1
O07785,2017,2,12,pre_covid,P010,Men's Formal Shirts,Fashion,864,C004,1966,6
O04155,2017,2,13,pre_covid,P012,Festive Sarees,Fashion,1035,C014,6556,10
O00330,2017,2,14,pre_covid,P011,Casual Loungewear Set,Fashion,3416,C008,1311,6
O01547,2017,2,14,pre_covid,P006,Office Chair (Ergonomic),Home & Kitchen,80,C016,9288,1
O01614,2017,2,14,pre_covid,P010,Men's Formal Shirts,Fashion,2483,C020,1966,10
O01670,2017,2,14,pre_covid,P014,Packaged Grocery Staples,Groceries & Hygiene,2865,C015,874,1
O04240,2017,2,15,pre_covid,P015,Drawing Tablet (EdTech),Stationery & EdTech,153,C007,8195,3
O02115,2017,2,16,pre_covid,P005,Microwave Oven,Home & Kitchen,193,C002,9834,4
O04971,2017,2,16,pre_covid,P004,Air Purifier,Home & Kitchen,182,C020,13112,6
O07535,2017,2,16,pre_covid,P005,Microwave Oven,Home & Kitchen,214,C014,9834,6
O07768,2017,2,16,pre_covid,P001,Laptop,Electronics,39,C010,60099,3
O00739,2017,2,17,pre_covid,P014,Packaged Grocery Staples,Groceries & Hygiene,2941,C019,874,6
O02001,2017,2,17,pre_covid,P013,Hand Sanitizer (Bulk Pack),Groceries & Hygiene,1733,C008,1311,4
O03759,2017,2,17,pre_covid,P011,Casual Loungewear Set,Fashion,2216,C019,1311,4
O04981,2017,2,17,pre_covid,P014,Packaged Grocery Staples,Groceries & Hygiene,2373,C007,874,6
O00218,2017,2,18,pre_covid,P006,Office Chair (Ergonomic),Home & Kitchen,69,C010,9288,5
O04716,2017,2,20,pre_covid,P012,Festive Sarees,Fashion,793,C013,6556,8
O06797,2017,2,20,pre_covid,P004,Air Purifier,Home & Kitchen,129,C011,13112,1
O03982,2017,2,21,pre_covid,P012,Festive Sarees,Fashion,1119,C010,6556,13
O06212,2017,2,21,pre_covid,P011,Casual Loungewear Set,Fashion,1046,C005,1311,2
O07759,2017,2,21,pre_covid,P015,Drawing Tablet (EdTech),Stationery & EdTech,279,C012,8195,4
O01095,2017,2,22,pre_covid,P001,Laptop,Electronics,122,C006,60099,1
O04056,2017,2,23,pre_covid,P003,Smartphone,Electronics,377,C003,24039,1
O07517,2017,2,23,pre_covid,P012,Festive Sarees,Fashion,386,C006,6556,20
O07323,2017,2,24,pre_covid,P001,Laptop,Electronics,26,C006,60099,1
O03769,2017,2,25,pre_covid,P011,Casual Loungewear Set,Fashion,2212,C016,1311,3
O00439,2017,2,26,pre_covid,P010,Men's Formal Shirts,Fashion,2805,C009,1966,6
O00564,2017,2,26,pre_covid,P010,Men's Formal Shirts,Fashion,3033,C020,1966,17
O02365,2017,2,26,pre_covid,P014,Packaged Grocery Staples,Groceries & Hygiene,2982,C008,874,5
O05867,2017,2,26,pre_covid,P001,Laptop,Electronics,14,C019,60099,2
O01445,2017,2,27,pre_covid,P012,Festive Sarees,Fashion,1167,C011,6556,17
O00305,2017,2,28,pre_covid,P007,Treadmill,Gym Equipment,73,C008,45894,1
O06313,2017,3,1,pre_covid,P003,Smartphone,Electronics,220,C010,24039,2
O06968,2017,3,1,pre_covid,P004,Air Purifier,Home & Kitchen,72,C008,13112,2
O01906,2017,3,4,pre_covid,P006,Office Chair (Ergonomic),Home & Kitchen,110,C006,9288,4
O02685,2017,3,4,pre_covid,P007,Treadmill,Gym Equipment,19,C019,45894,3
O05135,2017,3,4,pre_covid,P010,Men's Formal Shirts,Fashion,612,C016,1966,16
O06320,2017,3,4,pre_covid,P007,Treadmill,Gym Equipment,68,C017,45894,2
O07260,2017,3,4,pre_covid,P011,Casual Loungewear Set,Fashion,500,C006,1311,1
O07719,2017,3,5,pre_covid,P009,Yoga Mat,Gym Equipment,1415,C011,1639,4
O01371,2017,3,6,pre_covid,P010,Men's Formal Shirts,Fashion,2622,C014,1966,5
O01767,2017,3,7,pre_covid,P002,Webcam & Headset Combo,Electronics,258,C005,4917,5
O02147,2017,3,7,pre_covid,P015,Drawing Tablet (EdTech),Stationery & EdTech,231,C016,8195,6
O04976,2017,3,7,pre_covid,P010,Men's Formal Shirts,Fashion,765,C017,1966,18
O00686,2017,3,8,pre_covid,P011,Casual Loungewear Set,Fashion,3252,C014,1311,5
O04017,2017,3,8,pre_covid,P014,Packaged Grocery Staples,Groceries & Hygiene,2348,C019,874,4
O00809,2017,3,9,pre_covid,P011,Casual Loungewear Set,Fashion,3201,C002,1311,2
O06061,2017,3,9,pre_covid,P010,Men's Formal Shirts,Fashion,2000,C007,1966,18
O06102,2017,3,9,pre_covid,P008,Resistance Bands & Dumbbell Set,Gym Equipment,1061,C003,3824,5
O06443,2017,3,9,pre_covid,P012,Festive Sarees,Fashion,1048,C005,6556,18
O07119,2017,3,9,pre_covid,P014,Packaged Grocery Staples,Groceries & Hygiene,1452,C001,874,5
O01346,2017,3,11,pre_covid,P003,Smartphone,Electronics,148,C001,24039,1
O03152,2017,3,11,pre_covid,P009,Yoga Mat,Gym Equipment,1068,C004,1639,6
O05608,2017,3,11,pre_covid,P015,Drawing Tablet (EdTech),Stationery & EdTech,240,C014,8195,5
O00543,2017,3,12,pre_covid,P014,Packaged Grocery Staples,Groceries & Hygiene,3067,C019,874,1
O01987,2017,3,12,pre_covid,P008,Resistance Bands & Dumbbell Set,Gym Equipment,1012,C014,3824,1
O02296,2017,3,12,pre_covid,P009,Yoga Mat,Gym Equipment,142,C002,1639,3
O02591,2017,3,12,pre_covid,P007,Treadmill,Gym Equipment,46,C016,45894,2
O03722,2017,3,12,pre_covid,P009,Yoga Mat,Gym Equipment,846,C015,1639,5
O04171,2017,3,12,pre_covid,P014,Packaged Grocery Staples,Groceries & Hygiene,2322,C009,874,2
O05873,2017,3,12,pre_covid,P009,Yoga Mat,Gym Equipment,203,C018,1639,5
O00088,2017,3,13,pre_covid,P006,Office Chair (Ergonomic),Home & Kitchen,151,C015,9288,4
O05663,2017,3,13,pre_covid,P006,Office Chair (Ergonomic),Home & Kitchen,61,C001,9288,5
O04101,2017,3,14,pre_covid,P005,Microwave Oven,Home & Kitchen,22,C007,9834,2
O04589,2017,3,14,pre_covid,P010,Men's Formal Shirts,Fashion,998,C013,1966,14
O05921,2017,3,14,pre_covid,P007,Treadmill,Gym Equipment,80,C004,45894,1
O06391,2017,3,14,pre_covid,P010,Men's Formal Shirts,Fashion,1801,C010,1966,20
O02597,2017,3,15,pre_covid,P014,Packaged Grocery Staples,Groceries & Hygiene,2878,C014,874,1
O03604,2017,3,15,pre_covid,P003,Smartphone,Electronics,81,C020,24039,1
O03692,2017,3,15,pre_covid,P009,Yoga Mat,Gym Equipment,906,C017,1639,6
O07431,2017,3,15,pre_covid,P006,Office Chair (Ergonomic),Home & Kitchen,138,C004,9288,3
O05756,2017,3,16,pre_covid,P006,Office Chair (Ergonomic),Home & Kitchen,40,C005,9288,3
O01882,2017,3,17,pre_covid,P001,Laptop,Electronics,112,C015,60099,1
O05779,2017,3,17,pre_covid,P014,Packaged Grocery Staples,Groceries & Hygiene,2065,C018,874,4
O02050,2017,3,18,pre_covid,P008,Resistance Bands & Dumbbell Set,Gym Equipment,974,C011,3824,3
O00801,2017,3,19,pre_covid,P005,Microwave Oven,Home & Kitchen,48,C006,9834,4
O01579,2017,3,19,pre_covid,P009,Yoga Mat,Gym Equipment,1002,C011,1639,4
O02636,2017,3,19,pre_covid,P010,Men's Formal Shirts,Fashion,1890,C018,1966,20
O04922,2017,3,19,pre_covid,P003,Smartphone,Electronics,152,C005,24039,3
O01545,2017,3,20,pre_covid,P010,Men's Formal Shirts,Fashion,2554,C016,1966,6
O02563,2017,3,21,pre_covid,P010,Men's Formal Shirts,Fashion,1926,C017,1966,5
O04271,2017,3,21,pre_covid,P010,Men's Formal Shirts,Fashion,1138,C019,1966,5
O06036,2017,3,21,pre_covid,P006,Office Chair (Ergonomic),Home & Kitchen,107,C015,9288,4
O02627,2017,3,23,pre_covid,P010,Men's Formal Shirts,Fashion,1906,C014,1966,16
O07536,2017,3,23,pre_covid,P010,Men's Formal Shirts,Fashion,1007,C018,1966,10
O07667,2017,3,23,pre_covid,P006,Office Chair (Ergonomic),Home & Kitchen,22,C004,9288,5
O07581,2017,3,24,pre_covid,P010,Men's Formal Shirts,Fashion,971,C002,1966,6
O05251,2017,3,25,pre_covid,P002,Webcam & Headset Combo,Electronics,228,C017,4917,2
O07988,2017,3,25,pre_covid,P010,Men's Formal Shirts,Fashion,719,C003,1966,12
O04625,2017,3,26,pre_covid,P008,Resistance Bands & Dumbbell Set,Gym Equipment,76,C010,3824,6
O04998,2017,3,26,pre_covid,P003,Smartphone,Electronics,133,C007,24039,3
O05819,2017,3,26,pre_covid,P008,Resistance Bands & Dumbbell Set,Gym Equipment,62,C007,3824,3
O07332,2017,3,26,pre_covid,P015,Drawing Tablet (EdTech),Stationery & EdTech,41,C017,8195,5
O00386,2017,3,27,pre_covid,P013,Hand Sanitizer (Bulk Pack),Groceries & Hygiene,1335,C003,1311,3
O00438,2017,3,27,pre_covid,P010,Men's Formal Shirts,Fashion,2823,C012,1966,18
O01389,2017,3,27,pre_covid,P009,Yoga Mat,Gym Equipment,1195,C020,1639,6
O02368,2017,3,27,pre_covid,P005,Microwave Oven,Home & Kitchen,18,C010,9834,1
O04067,2017,3,27,pre_covid,P008,Resistance Bands & Dumbbell Set,Gym Equipment,407,C002,3824,6
O04938,2017,3,27,pre_covid,P001,Laptop,Electronics,68,C020,60099,3
O07767,2017,3,27,pre_covid,P002,Webcam & Headset Combo,Electronics,349,C007,4917,5
O00045,2017,3,28,pre_covid,P014,Packaged Grocery Staples,Groceries & Hygiene,2898,C005,874,3
O02168,2017,3,28,pre_covid,P014,Packaged Grocery Staples,Groceries & Hygiene,3058,C006,874,3
O02640,2017,3,28,pre_covid,P005,Microwave Oven,Home & Kitchen,50,C017,9834,6
O04436,2017,3,28,pre_covid,P008,Resistance Bands & Dumbbell Set,Gym Equipment,192,C018,3824,3
O06286,2017,3,28,pre_covid,P009,Yoga Mat,Gym Equipment,1196,C008,1639,6
O06568,2017,3,28,pre_covid,P003,Smartphone,Electronics,174,C004,24039,3
O07887,2017,3,28,pre_covid,P014,Packaged Grocery Staples,Groceries & Hygiene,1022,C013,874,4
O07918,2017,3,28,pre_covid,P014,Packaged Grocery Staples,Groceries & Hygiene,962,C015,874,1
O06271,2017,3,29,pre_covid,P004,Air Purifier,Home & Kitchen,226,C010,13112,3
O07690,2017,3,29,pre_covid,P001,Laptop,Electronics,66,C019,60099,3
O01366,2017,3,30,pre_covid,P012,Festive Sarees,Fashion,1207,C007,6556,5
O03305,2017,3,30,pre_covid,P015,Drawing Tablet (EdTech),Stationery & EdTech,214,C016,8195,6
O03321,2017,3,30,pre_covid,P001,Laptop,Electronics,140,C017,60099,2
O03911,2017,3,30,pre_covid,P008,Resistance Bands & Dumbbell Set,Gym Equipment,483,C018,3824,4
O07049,2017,3,30,pre_covid,P010,Men's Formal Shirts,Fashion,1306,C014,1966,15
O00513,2017,3,31,pre_covid,P010,Men's Formal Shirts,Fashion,3072,C007,1966,14
O02373,2017,3,31,pre_covid,P001,Laptop,Electronics,71,C007,60099,2
O02770,2017,3,31,pre_covid,P008,Resistance Bands & Dumbbell Set,Gym Equipment,355,C003,3824,2
O04989,2017,3,31,pre_covid,P003,Smartphone,Electronics,136,C013,24039,1
O07635,2017,3,31,pre_covid,P007,Treadmill,Gym Equipment,5,C009,45894,1
O06322,2017,4,1,pre_covid,P010,Men's Formal Shirts,Fashion,1828,C011,1966,2
O07580,2017,4,1,pre_covid,P006,Office Chair (Ergonomic),Home & Kitchen,100,C004,9288,3
O03260,2017,4,2,pre_covid,P001,Laptop,Electronics,30,C017,60099,1
O07040,2017,4,2,pre_covid,P006,Office Chair (Ergonomic),Home & Kitchen,179,C001,9288,5
O02350,2017,4,3,pre_covid,P011,Casual Loungewear Set,Fashion,3023,C005,1311,1
O07405,2017,4,3,pre_covid,P006,Office Chair (Ergonomic),Home & Kitchen,157,C006,9288,6
O02747,2017,4,5,pre_covid,P006,Office Chair (Ergonomic),Home & Kitchen,200,C008,9288,5
O07686,2017,4,5,pre_covid,P008,Resistance Bands & Dumbbell Set,Gym Equipment,748,C013,3824,2
O01168,2017,4,6,pre_covid,P015,Drawing Tablet (EdTech),Stationery & EdTech,92,C008,8195,5
O00010,2017,4,7,pre_covid,P015,Drawing Tablet (EdTech),Stationery & EdTech,243,C019,8195,5
O01522,2017,4,7,pre_covid,P003,Smartphone,Electronics,96,C005,24039,3
O03799,2017,4,7,pre_covid,P011,Casual Loungewear Set,Fashion,2169,C011,1311,4
O06684,2017,4,7,pre_covid,P009,Yoga Mat,Gym Equipment,850,C008,1639,2
O07805,2017,4,7,pre_covid,P011,Casual Loungewear Set,Fashion,236,C008,1311,3
O02430,2017,4,8,pre_covid,P007,Treadmill,Gym Equipment,20,C017,45894,2
O00770,2017,4,9,pre_covid,P009,Yoga Mat,Gym Equipment,1788,C014,1639,6
O03650,2017,4,9,pre_covid,P015,Drawing Tablet (EdTech),Stationery & EdTech,247,C002,8195,4
O06308,2017,4,10,pre_covid,P015,Drawing Tablet (EdTech),Stationery & EdTech,297,C008,8195,5
O06584,2017,4,10,pre_covid,P006,Office Chair (Ergonomic),Home & Kitchen,117,C009,9288,5
O00413,2017,4,11,pre_covid,P006,Office Chair (Ergonomic),Home & Kitchen,93,C007,9288,4
O03457,2017,4,13,pre_covid,P010,Men's Formal Shirts,Fashion,1509,C017,1966,1
O07861,2017,4,13,pre_covid,P003,Smartphone,Electronics,257,C014,24039,1
O04835,2017,4,14,pre_covid,P003,Smartphone,Electronics,166,C016,24039,2
O05476,2017,4,14,pre_covid,P001,Laptop,Electronics,44,C011,60099,3
O05606,2017,4,14,pre_covid,P011,Casual Loungewear Set,Fashion,1136,C009,1311,5
O07910,2017,4,14,pre_covid,P005,Microwave Oven,Home & Kitchen,204,C009,9834,4
O02233,2017,4,15,pre_covid,P004,Air Purifier,Home & Kitchen,298,C001,13112,1
O06723,2017,4,15,pre_covid,P004,Air Purifier,Home & Kitchen,142,C002,13112,6
O00414,2017,4,16,pre_covid,P009,Yoga Mat,Gym Equipment,2285,C001,1639,4
O02645,2017,4,16,pre_covid,P011,Casual Loungewear Set,Fashion,2918,C002,1311,2
O02974,2017,4,17,pre_covid,P003,Smartphone,Electronics,227,C010,24039,3
O03274,2017,4,17,pre_covid,P012,Festive Sarees,Fashion,1435,C014,6556,4
O04973,2017,4,17,pre_covid,P009,Yoga Mat,Gym Equipment,1000,C007,1639,1
O06215,2017,4,17,pre_covid,P008,Resistance Bands & Dumbbell Set,Gym Equipment,1016,C017,3824,6
O00410,2017,4,20,pre_covid,P008,Resistance Bands & Dumbbell Set,Gym Equipment,913,C007,3824,2
O01468,2017,4,20,pre_covid,P011,Casual Loungewear Set,Fashion,2759,C003,1311,4
O02103,2017,4,20,pre_covid,P015,Drawing Tablet (EdTech),Stationery & EdTech,257,C016,8195,5
O07472,2017,4,20,pre_covid,P012,Festive Sarees,Fashion,426,C003,6556,5
O07705,2017,4,20,pre_covid,P001,Laptop,Electronics,58,C003,60099,1
O06770,2017,4,21,pre_covid,P007,Treadmill,Gym Equipment,55,C017,45894,3
O07652,2017,4,21,pre_covid,P004,Air Purifier,Home & Kitchen,253,C013,13112,1
O00148,2017,4,22,pre_covid,P011,Casual Loungewear Set,Fashion,3554,C016,1311,5
O03872,2017,4,22,pre_covid,P001,Laptop,Electronics,26,C001,60099,3
O05937,2017,4,23,pre_covid,P008,Resistance Bands & Dumbbell Set,Gym Equipment,1170,C011,3824,2
O05090,2017,4,24,pre_covid,P008,Resistance Bands & Dumbbell Set,Gym Equipment,747,C020,3824,6
O06403,2017,4,24,pre_covid,P007,Treadmill,Gym Equipment,27,C015,45894,2
O02787,2017,4,25,pre_covid,P015,Drawing Tablet (EdTech),Stationery & EdTech,48,C020,8195,3
O02880,2017,4,25,pre_covid,P008,Resistance Bands & Dumbbell Set,Gym Equipment,205,C003,3824,5
O05299,2017,4,25,pre_covid,P002,Webcam & Headset Combo,Electronics,216,C010,4917,6
O01080,2017,4,27,pre_covid,P001,Laptop,Electronics,133,C002,60099,3
O03787,2017,4,28,pre_covid,P002,Webcam & Headset Combo,Electronics,562,C006,4917,6
O06437,2017,4,28,pre_covid,P001,Laptop,Electronics,88,C007,60099,1
O00085,2017,4,29,pre_covid,P001,Laptop,Electronics,163,C017,60099,1
O01287,2017,4,29,pre_covid,P010,Men's Formal Shirts,Fashion,2663,C016,1966,2
O01926,2017,4,29,pre_covid,P001,Laptop,Electronics,96,C001,60099,3
O04013,2017,4,29,pre_covid,P002,Webcam & Headset Combo,Electronics,442,C002,4917,6
O02462,2017,5,1,pre_covid,P003,Smartphone,Electronics,323,C012,24039,3
O03653,2017,5,1,pre_covid,P002,Webcam & Headset Combo,Electronics,49,C002,4917,4
O04645,2017,5,1,pre_covid,P012,Festive Sarees,Fashion,864,C009,6556,5
O05552,2017,5,2,pre_covid,P015,Drawing Tablet (EdTech),Stationery & EdTech,260,C012,8195,6
O00374,2017,5,3,pre_covid,P010,Men's Formal Shirts,Fashion,2892,C020,1966,5
O03143,2017,5,3,pre_covid,P009,Yoga Mat,Gym Equipment,1073,C015,1639,5
O05813,2017,5,4,pre_covid,P001,Laptop,Electronics,43,C007,60099,3
O01565,2017,5,5,pre_covid,P015,Drawing Tablet (EdTech),Stationery & EdTech,134,C003,8195,2
O02244,2017,5,5,pre_covid,P006,Office Chair (Ergonomic),Home & Kitchen,119,C016,9288,6
O00192,2017,5,6,pre_covid,P009,Yoga Mat,Gym Equipment,2257,C019,1639,2
O04702,2017,5,6,pre_covid,P001,Laptop,Electronics,145,C013,60099,1
O07875,2017,5,7,pre_covid,P005,Microwave Oven,Home & Kitchen,238,C015,9834,10
O02648,2017,5,8,pre_covid,P005,Microwave Oven,Home & Kitchen,44,C013,9834,6
O04241,2017,5,8,pre_covid,P008,Resistance Bands & Dumbbell Set,Gym Equipment,289,C002,3824,5
O04444,2017,5,8,pre_covid,P010,Men's Formal Shirts,Fashion,1054,C001,1966,5
O06435,2017,5,8,pre_covid,P002,Webcam & Headset Combo,Electronics,348,C012,4917,1
O01659,2017,5,9,pre_covid,P002,Webcam & Headset Combo,Electronics,353,C014,4917,4
O02906,2017,5,9,pre_covid,P002,Webcam & Headset Combo,Electronics,270,C004,4917,6
O06798,2017,5,9,pre_covid,P010,Men's Formal Shirts,Fashion,1418,C004,1966,3
O00401,2017,5,10,pre_covid,P005,Microwave Oven,Home & Kitchen,128,C008,9834,6
O01390,2017,5,10,pre_covid,P014,Packaged Grocery Staples,Groceries & Hygiene,2656,C016,874,4
O02184,2017,5,10,pre_covid,P001,Laptop,Electronics,140,C011,60099,3
O05288,2017,5,10,pre_covid,P014,Packaged Grocery Staples,Groceries & Hygiene,2320,C020,874,2
O05805,2017,5,10,pre_covid,P007,Treadmill,Gym Equipment,7,C011,45894,2
O06431,2017,5,10,pre_covid,P007,Treadmill,Gym Equipment,17,C001,45894,2
O01917,2017,5,11,pre_covid,P011,Casual Loungewear Set,Fashion,3104,C014,1311,6
O02637,2017,5,11,pre_covid,P013,Hand Sanitizer (Bulk Pack),Groceries & Hygiene,854,C012,1311,4
O02724,2017,5,11,pre_covid,P010,Men's Formal Shirts,Fashion,1858,C013,1966,6
O04519,2017,5,11,pre_covid,P005,Microwave Oven,Home & Kitchen,48,C020,9834,20
O05650,2017,5,11,pre_covid,P001,Laptop,Electronics,113,C006,60099,2
O00706,2017,5,13,pre_covid,P007,Treadmill,Gym Equipment,36,C015,45894,1
O07789,2017,5,13,pre_covid,P012,Festive Sarees,Fashion,182,C013,6556,3
O00340,2017,5,14,pre_covid,P012,Festive Sarees,Fashion,1729,C020,6556,4
O02066,2017,5,14,pre_covid,P005,Microwave Oven,Home & Kitchen,251,C001,9834,18
O02107,2017,5,14,pre_covid,P006,Office Chair (Ergonomic),Home & Kitchen,179,C010,9288,4
O06657,2017,5,14,pre_covid,P011,Casual Loungewear Set,Fashion,898,C002,1311,3
O01270,2017,5,15,pre_covid,P012,Festive Sarees,Fashion,1242,C008,6556,1
O03437,2017,5,15,pre_covid,P013,Hand Sanitizer (Bulk Pack),Groceries & Hygiene,201,C020,1311,2
O04399,2017,5,15,pre_covid,P010,Men's Formal Shirts,Fashion,1077,C002,1966,5
O02217,2017,5,16,pre_covid,P005,Microwave Oven,Home & Kitchen,143,C014,9834,10
O05910,2017,5,16,pre_covid,P014,Packaged Grocery Staples,Groceries & Hygiene,2042,C006,874,6
O00185,2017,5,17,pre_covid,P004,Air Purifier,Home & Kitchen,238,C017,13112,4
O02434,2017,5,17,pre_covid,P014,Packaged Grocery Staples,Groceries & Hygiene,2975,C009,874,4
O06540,2017,5,17,pre_covid,P010,Men's Formal Shirts,Fashion,1646,C007,1966,2
O06887,2017,5,17,pre_covid,P014,Packaged Grocery Staples,Groceries & Hygiene,1566,C007,874,6
O05194,2017,5,18,pre_covid,P014,Packaged Grocery Staples,Groceries & Hygiene,2332,C006,874,3
O04069,2017,5,19,pre_covid,P005,Microwave Oven,Home & Kitchen,64,C017,9834,5
O04357,2017,5,19,pre_covid,P004,Air Purifier,Home & Kitchen,69,C012,13112,5
O06912,2017,5,19,pre_covid,P005,Microwave Oven,Home & Kitchen,72,C003,9834,20
O04586,2017,5,20,pre_covid,P006,Office Chair (Ergonomic),Home & Kitchen,193,C008,9288,3
O06807,2017,5,20,pre_covid,P012,Festive Sarees,Fashion,837,C012,6556,3
O00661,2017,5,21,pre_covid,P008,Resistance Bands & Dumbbell Set,Gym Equipment,867,C010,3824,3
O00796,2017,5,21,pre_covid,P013,Hand Sanitizer (Bulk Pack),Groceries & Hygiene,745,C001,1311,4
O00498,2017,5,22,pre_covid,P003,Smartphone,Electronics,325,C020,24039,3
O03183,2017,5,22,pre_covid,P008,Resistance Bands & Dumbbell Set,Gym Equipment,1099,C003,3824,2
O04897,2017,5,22,pre_covid,P006,Office Chair (Ergonomic),Home & Kitchen,105,C019,9288,5
O03163,2017,5,23,pre_covid,P015,Drawing Tablet (EdTech),Stationery & EdTech,97,C001,8195,3
O05600,2017,5,23,pre_covid,P005,Microwave Oven,Home & Kitchen,76,C012,9834,11
O07006,2017,5,24,pre_covid,P001,Laptop,Electronics,88,C020,60099,3
O00844,2017,5,25,pre_covid,P011,Casual Loungewear Set,Fashion,3195,C006,1311,5
O01876,2017,5,25,pre_covid,P002,Webcam & Headset Combo,Electronics,568,C006,4917,6
O02280,2017,5,25,pre_covid,P005,Microwave Oven,Home & Kitchen,74,C010,9834,18
O03740,2017,5,25,pre_covid,P004,Air Purifier,Home & Kitchen,242,C009,13112,3
O04340,2017,5,25,pre_covid,P013,Hand Sanitizer (Bulk Pack),Groceries & Hygiene,1139,C003,1311,1
O06895,2017,5,25,pre_covid,P014,Packaged Grocery Staples,Groceries & Hygiene,1560,C019,874,1
O07016,2017,5,25,pre_covid,P013,Hand Sanitizer (Bulk Pack),Groceries & Hygiene,491,C014,1311,3
O00472,2017,5,26,pre_covid,P007,Treadmill,Gym Equipment,27,C009,45894,3
O03098,2017,5,26,pre_covid,P005,Microwave Oven,Home & Kitchen,262,C004,9834,16
O02122,2017,5,27,pre_covid,P015,Drawing Tablet (EdTech),Stationery & EdTech,234,C019,8195,3
O03132,2017,5,27,pre_covid,P006,Office Chair (Ergonomic),Home & Kitchen,200,C015,9288,3
O01992,2017,5,28,pre_covid,P001,Laptop,Electronics,55,C014,60099,2
O02154,2017,5,28,pre_covid,P003,Smartphone,Electronics,397,C010,24039,1
O03527,2017,5,28,pre_covid,P013,Hand Sanitizer (Bulk Pack),Groceries & Hygiene,1973,C010,1311,1
O03916,2017,5,28,pre_covid,P012,Festive Sarees,Fashion,1168,C011,6556,2
O07714,2017,5,28,pre_covid,P009,Yoga Mat,Gym Equipment,1419,C011,1639,3
O04213,2017,5,29,pre_covid,P012,Festive Sarees,Fashion,1025,C012,6556,4
O03425,2017,5,30,pre_covid,P012,Festive Sarees,Fashion,1360,C003,6556,4
O04871,2017,5,30,pre_covid,P004,Air Purifier,Home & Kitchen,208,C016,13112,6
O07788,2017,5,30,pre_covid,P008,Resistance Bands & Dumbbell Set,Gym Equipment,553,C012,3824,3
O02398,2017,5,31,pre_covid,P011,Casual Loungewear Set,Fashion,2990,C020,1311,5
O00475,2017,6,1,pre_covid,P008,Resistance Bands & Dumbbell Set,Gym Equipment,969,C015,3824,5
O05666,2017,6,1,pre_covid,P012,Festive Sarees,Fashion,174,C002,6556,2
O04842,2017,6,2,pre_covid,P008,Resistance Bands & Dumbbell Set,Gym Equipment,1085,C011,3824,6
O06563,2017,6,2,pre_covid,P005,Microwave Oven,Home & Kitchen,31,C003,9834,19
O00791,2017,6,3,pre_covid,P001,Laptop,Electronics,110,C013,60099,3
O06790,2017,6,3,pre_covid,P005,Microwave Oven,Home & Kitchen,150,C009,9834,20
O06911,2017,6,3,pre_covid,P005,Microwave Oven,Home & Kitchen,78,C017,9834,6
O07089,2017,6,3,pre_covid,P008,Resistance Bands & Dumbbell Set,Gym Equipment,113,C006,3824,4
O05040,2017,6,4,pre_covid,P005,Microwave Oven,Home & Kitchen,256,C015,9834,15
O07877,2017,6,4,pre_covid,P011,Casual Loungewear Set,Fashion,223,C013,1311,1
O07327,2017,6,6,pre_covid,P015,Drawing Tablet (EdTech),Stationery & EdTech,45,C012,8195,4
O00461,2017,6,7,pre_covid,P011,Casual Loungewear Set,Fashion,3402,C015,1311,4
O02353,2017,6,7,pre_covid,P008,Resistance Bands & Dumbbell Set,Gym Equipment,720,C020,3824,5
O03361,2017,6,7,pre_covid,P001,Laptop,Electronics,126,C012,60099,3
O04128,2017,6,7,pre_covid,P014,Packaged Grocery Staples,Groceries & Hygiene,2329,C012,874,3
O05426,2017,6,7,pre_covid,P004,Air Purifier,Home & Kitchen,117,C012,13112,6
O06014,2017,6,7,pre_covid,P001,Laptop,Electronics,98,C005,60099,3
O06522,2017,6,7,pre_covid,P008,Resistance Bands & Dumbbell Set,Gym Equipment,821,C005,3824,1
O00887,2017,6,8,pre_covid,P004,Air Purifier,Home & Kitchen,49,C015,13112,3
O00975,2017,6,8,pre_covid,P013,Hand Sanitizer (Bulk Pack),Groceries & Hygiene,638,C002,1311,5
O05124,2017,6,8,pre_covid,P005,Microwave Oven,Home & Kitchen,173,C007,9834,14
O07564,2017,6,8,pre_covid,P013,Hand Sanitizer (Bulk Pack),Groceries & Hygiene,1836,C007,1311,5
O01130,2017,6,9,pre_covid,P010,Men's Formal Shirts,Fashion,2703,C014,1966,2
O01399,2017,6,9,pre_covid,P001,Laptop,Electronics,7,C014,60099,3
O01419,2017,6,9,pre_covid,P015,Drawing Tablet (EdTech),Stationery & EdTech,253,C014,8195,2
O00141,2017,6,10,pre_covid,P014,Packaged Grocery Staples,Groceries & Hygiene,2891,C014,874,1
O03459,2017,6,10,pre_covid,P008,Resistance Bands & Dumbbell Set,Gym Equipment,919,C007,3824,2
O04135,2017,6,10,pre_covid,P011,Casual Loungewear Set,Fashion,2004,C006,1311,5
O04682,2017,6,10,pre_covid,P014,Packaged Grocery Staples,Groceries & Hygiene,2552,C012,874,2
O05479,2017,6,10,pre_covid,P003,Smartphone,Electronics,385,C017,24039,2
O07186,2017,6,10,pre_covid,P004,Air Purifier,Home & Kitchen,27,C007,13112,3
O00974,2017,6,11,pre_covid,P006,Office Chair (Ergonomic),Home & Kitchen,200,C018,9288,2
O01099,2017,6,11,pre_covid,P015,Drawing Tablet (EdTech),Stationery & EdTech,88,C007,8195,6
O02188,2017,6,11,pre_covid,P001,Laptop,Electronics,137,C015,60099,1
O02771,2017,6,11,pre_covid,P009,Yoga Mat,Gym Equipment,1368,C016,1639,2
O03014,2017,6,11,pre_covid,P007,Treadmill,Gym Equipment,80,C001,45894,1
O01724,2017,6,12,pre_covid,P009,Yoga Mat,Gym Equipment,889,C010,1639,3
O01799,2017,6,12,pre_covid,P008,Resistance Bands & Dumbbell Set,Gym Equipment,1205,C011,3824,3
O06475,2017,6,12,pre_covid,P002,Webcam & Headset Combo,Electronics,336,C016,4917,6
O05706,2017,6,13,pre_covid,P008,Resistance Bands & Dumbbell Set,Gym Equipment,172,C012,3824,5
O05684,2017,6,14,pre_covid,P008,Resistance Bands & Dumbbell Set,Gym Equipment,188,C002,3824,5
O00541,2017,6,15,pre_covid,P011,Casual Loungewear Set,Fashion,3394,C002,1311,2
O02508,2017,6,15,pre_covid,P014,Packaged Grocery Staples,Groceries & Hygiene,2926,C007,874,1
O06201,2017,6,15,pre_covid,P005,Microwave Oven,Home & Kitchen,40,C018,9834,17
O06292,2017,6,15,pre_covid,P008,Resistance Bands & Dumbbell Set,Gym Equipment,947,C005,3824,4
O00896,2017,6,16,pre_covid,P006,Office Chair (Ergonomic),Home & Kitchen,69,C016,9288,3
O04177,2017,6,16,pre_covid,P005,Microwave Oven,Home & Kitchen,300,C013,9834,14
O04549,2017,6,16,pre_covid,P003,Smartphone,Electronics,230,C019,24039,1
O00917,2017,6,17,pre_covid,P009,Yoga Mat,Gym Equipment,1602,C020,1639,2
O04289,2017,6,17,pre_covid,P004,Air Purifier,Home & Kitchen,86,C007,13112,5
O06705,2017,6,17,pre_covid,P001,Laptop,Electronics,150,C009,60099,2
O03484,2017,6,18,pre_covid,P010,Men's Formal Shirts,Fashion,1482,C008,1966,1
O04379,2017,6,18,pre_covid,P004,Air Purifier,Home & Kitchen,60,C006,13112,6
O03056,2017,6,19,pre_covid,P014,Packaged Grocery Staples,Groceries & Hygiene,2654,C005,874,4
O03528,2017,6,19,pre_covid,P012,Festive Sarees,Fashion,1231,C019,6556,5
O06480,2017,6,19,pre_covid,P004,Air Purifier,Home & Kitchen,168,C004,13112,4
O07446,2017,6,19,pre_covid,P013,Hand Sanitizer (Bulk Pack),Groceries & Hygiene,1907,C001,1311,3
O03149,2017,6,20,pre_covid,P001,Laptop,Electronics,65,C019,60099,2
O04607,2017,6,20,pre_covid,P010,Men's Formal Shirts,Fashion,982,C015,1966,1
O05603,2017,6,20,pre_covid,P006,Office Chair (Ergonomic),Home & Kitchen,88,C019,9288,2
O06310,2017,6,20,pre_covid,P007,Treadmill,Gym Equipment,71,C016,45894,3
O01282,2017,6,21,pre_covid,P002,Webcam & Headset Combo,Electronics,186,C017,4917,4
O04653,2017,6,21,pre_covid,P012,Festive Sarees,Fashion,842,C014,6556,5
O06284,2017,6,21,pre_covid,P002,Webcam & Headset Combo,Electronics,493,C020,4917,4
O06376,2017,6,21,pre_covid,P008,Resistance Bands & Dumbbell Set,Gym Equipment,934,C019,3824,6
O06641,2017,6,21,pre_covid,P011,Casual Loungewear Set,Fashion,904,C011,1311,6
O03730,2017,6,22,pre_covid,P010,Men's Formal Shirts,Fashion,1384,C018,1966,6
O07743,2017,6,23,pre_covid,P006,Office Chair (Ergonomic),Home & Kitchen,173,C015,9288,4
O01133,2017,6,24,pre_covid,P011,Casual Loungewear Set,Fashion,2942,C010,1311,1
O02359,2017,6,24,pre_covid,P014,Packaged Grocery Staples,Groceries & Hygiene,2986,C007,874,4
O02711,2017,6,24,pre_covid,P006,Office Chair (Ergonomic),Home & Kitchen,59,C011,9288,3
O05670,2017,6,24,pre_covid,P004,Air Purifier,Home & Kitchen,39,C017,13112,2
O06344,2017,6,24,pre_covid,P005,Microwave Oven,Home & Kitchen,243,C016,9834,10
O01647,2017,6,25,pre_covid,P009,Yoga Mat,Gym Equipment,962,C013,1639,3
O04367,2017,6,26,pre_covid,P005,Microwave Oven,Home & Kitchen,157,C004,9834,20
O00957,2017,6,27,pre_covid,P003,Smartphone,Electronics,213,C010,24039,1
O00993,2017,6,27,pre_covid,P010,Men's Formal Shirts,Fashion,2758,C004,1966,5
O04161,2017,6,27,pre_covid,P011,Casual Loungewear Set,Fashion,1974,C012,1311,2
O05904,2017,6,27,pre_covid,P003,Smartphone,Electronics,331,C001,24039,3
O06326,2017,6,27,pre_covid,P010,Men's Formal Shirts,Fashion,1826,C012,1966,3
O04709,2017,6,29,pre_covid,P004,Air Purifier,Home & Kitchen,235,C020,13112,3
O04780,2017,6,29,pre_covid,P001,Laptop,Electronics,139,C015,60099,2
O06488,2017,6,29,pre_covid,P003,Smartphone,Electronics,181,C017,24039,2
O01232,2017,6,30,pre_covid,P003,Smartphone,Electronics,197,C017,24039,2
O01290,2017,6,30,pre_covid,P005,Microwave Oven,Home & Kitchen,36,C011,9834,9
O02104,2017,6,30,pre_covid,P003,Smartphone,Electronics,353,C004,24039,3
O02176,2017,6,30,pre_covid,P004,Air Purifier,Home & Kitchen,35,C003,13112,3
O03199,2017,7,1,pre_covid,P011,Casual Loungewear Set,Fashion,2529,C010,1311,6
O06081,2017,7,2,pre_covid,P005,Microwave Oven,Home & Kitchen,126,C002,9834,17
O03702,2017,7,3,pre_covid,P013,Hand Sanitizer (Bulk Pack),Groceries & Hygiene,1809,C016,1311,5
O04312,2017,7,3,pre_covid,P008,Resistance Bands & Dumbbell Set,Gym Equipment,245,C015,3824,1
O04510,2017,7,3,pre_covid,P002,Webcam & Headset Combo,Electronics,458,C015,4917,2
O05159,2017,7,3,pre_covid,P014,Packaged Grocery Staples,Groceries & Hygiene,2340,C018,874,4
O02718,2017,7,4,pre_covid,P007,Treadmill,Gym Equipment,79,C003,45894,1
O05094,2017,7,4,pre_covid,P004,Air Purifier,Home & Kitchen,161,C006,13112,6
O05618,2017,7,4,pre_covid,P010,Men's Formal Shirts,Fashion,388,C018,1966,5
O06000,2017,7,5,pre_covid,P001,Laptop,Electronics,116,C009,60099,8
O06927,2017,7,5,pre_covid,P005,Microwave Oven,Home & Kitchen,52,C008,9834,6
O04882,2017,7,6,pre_covid,P014,Packaged Grocery Staples,Groceries & Hygiene,2483,C011,874,5
O05179,2017,7,6,pre_covid,P005,Microwave Oven,Home & Kitchen,148,C007,9834,17
O00872,2017,7,7,pre_covid,P014,Packaged Grocery Staples,Groceries & Hygiene,2915,C002,874,1
O02431,2017,7,7,pre_covid,P002,Webcam & Headset Combo,Electronics,42,C002,4917,3
O03521,2017,7,7,pre_covid,P001,Laptop,Electronics,69,C018,60099,5
O05634,2017,7,7,pre_covid,P013,Hand Sanitizer (Bulk Pack),Groceries & Hygiene,1962,C019,1311,1
O05719,2017,7,7,pre_covid,P012,Festive Sarees,Fashion,142,C008,6556,4
O02118,2017,7,8,pre_covid,P005,Microwave Oven,Home & Kitchen,167,C005,9834,19
O03173,2017,7,8,pre_covid,P001,Laptop,Electronics,55,C013,60099,3
O05925,2017,7,8,pre_covid,P011,Casual Loungewear Set,Fashion,1079,C012,1311,6
O06606,2017,7,8,pre_covid,P005,Microwave Oven,Home & Kitchen,237,C006,9834,10
O07138,2017,7,8,pre_covid,P015,Drawing Tablet (EdTech),Stationery & EdTech,300,C006,8195,14
O04832,2017,7,9,pre_covid,P014,Packaged Grocery Staples,Groceries & Hygiene,2485,C006,874,2
O02806,2017,7,10,pre_covid,P008,Resistance Bands & Dumbbell Set,Gym Equipment,296,C003,3824,5
O03278,2017,7,10,pre_covid,P005,Microwave Oven,Home & Kitchen,153,C003,9834,5
O04295,2017,7,10,pre_covid,P003,Smartphone,Electronics,299,C019,24039,3
O00710,2017,7,11,pre_covid,P002,Webcam & Headset Combo,Electronics,36,C017,4917,5
O06833,2017,7,11,pre_covid,P012,Festive Sarees,Fashion,809,C017,6556,4
O05270,2017,7,12,pre_covid,P009,Yoga Mat,Gym Equipment,764,C010,1639,5
O07633,2017,7,12,pre_covid,P005,Microwave Oven,Home & Kitchen,87,C016,9834,12
O07793,2017,7,12,pre_covid,P010,Men's Formal Shirts,Fashion,858,C013,1966,5
O03385,2017,7,13,pre_covid,P010,Men's Formal Shirts,Fashion,1543,C013,1966,1
O04158,2017,7,13,pre_covid,P003,Smartphone,Electronics,342,C014,24039,2
O05468,2017,7,13,pre_covid,P011,Casual Loungewear Set,Fashion,1152,C007,1311,2
O00024,2017,7,14,pre_covid,P001,Laptop,Electronics,131,C004,60099,2
O00140,2017,7,14,pre_covid,P006,Office Chair (Ergonomic),Home & Kitchen,135,C011,9288,5
O00266,2017,7,14,pre_covid,P008,Resistance Bands & Dumbbell Set,Gym Equipment,1071,C016,3824,1
O02310,2017,7,14,pre_covid,P006,Office Chair (Ergonomic),Home & Kitchen,93,C020,9288,4
O07560,2017,7,14,pre_covid,P011,Casual Loungewear Set,Fashion,397,C016,1311,3
O03741,2017,7,15,pre_covid,P005,Microwave Oven,Home & Kitchen,240,C015,9834,17
O07868,2017,7,15,pre_covid,P002,Webcam & Headset Combo,Electronics,300,C015,4917,1
O02256,2017,7,16,pre_covid,P001,Laptop,Electronics,102,C013,60099,2
O06749,2017,7,16,pre_covid,P005,Microwave Oven,Home & Kitchen,165,C009,9834,10
O04051,2017,7,18,pre_covid,P015,Drawing Tablet (EdTech),Stationery & EdTech,280,C012,8195,5
O06992,2017,7,18,pre_covid,P005,Microwave Oven,Home & Kitchen,287,C016,9834,18
O03772,2017,7,19,pre_covid,P001,Laptop,Electronics,80,C007,60099,5
O05083,2017,7,19,pre_covid,P011,Casual Loungewear Set,Fashion,1436,C001,1311,1
O02882,2017,7,20,pre_covid,P015,Drawing Tablet (EdTech),Stationery & EdTech,30,C004,8195,19
O05190,2017,7,20,pre_covid,P013,Hand Sanitizer (Bulk Pack),Groceries & Hygiene,407,C013,1311,2
O00781,2017,7,21,pre_covid,P003,Smartphone,Electronics,238,C003,24039,1
O00423,2017,7,22,pre_covid,P008,Resistance Bands & Dumbbell Set,Gym Equipment,1017,C010,3824,2
O00794,2017,7,22,pre_covid,P015,Drawing Tablet (EdTech),Stationery & EdTech,69,C009,8195,9
O01136,2017,7,22,pre_covid,P007,Treadmill,Gym Equipment,39,C008,45894,2
O07211,2017,7,22,pre_covid,P005,Microwave Oven,Home & Kitchen,159,C018,9834,11
O00648,2017,7,23,pre_covid,P013,Hand Sanitizer (Bulk Pack),Groceries & Hygiene,1111,C007,1311,2
O00959,2017,7,23,pre_covid,P002,Webcam & Headset Combo,Electronics,444,C017,4917,4
O06472,2017,7,24,pre_covid,P005,Microwave Oven,Home & Kitchen,85,C005,9834,10
O00356,2017,7,25,pre_covid,P012,Festive Sarees,Fashion,1719,C011,6556,6
O03160,2017,7,25,pre_covid,P006,Office Chair (Ergonomic),Home & Kitchen,181,C012,9288,6
O04816,2017,7,25,pre_covid,P005,Microwave Oven,Home & Kitchen,139,C015,9834,15
O01552,2017,7,26,pre_covid,P007,Treadmill,Gym Equipment,71,C004,45894,1
O03203,2017,7,26,pre_covid,P006,Office Chair (Ergonomic),Home & Kitchen,144,C004,9288,6
O03391,2017,7,26,pre_covid,P005,Microwave Oven,Home & Kitchen,91,C018,9834,19
O06052,2017,7,26,pre_covid,P008,Resistance Bands & Dumbbell Set,Gym Equipment,1078,C015,3824,4
O07818,2017,7,26,pre_covid,P006,Office Chair (Ergonomic),Home & Kitchen,80,C009,9288,4
O00841,2017,7,27,pre_covid,P003,Smartphone,Electronics,223,C010,24039,1
O00876,2017,7,27,pre_covid,P015,Drawing Tablet (EdTech),Stationery & EdTech,281,C005,8195,10
O01040,2017,7,27,pre_covid,P015,Drawing Tablet (EdTech),Stationery & EdTech,120,C020,8195,12
O02839,2017,7,27,pre_covid,P001,Laptop,Electronics,127,C016,60099,6
O04336,2017,7,27,pre_covid,P012,Festive Sarees,Fashion,966,C014,6556,2
O06223,2017,7,27,pre_covid,P003,Smartphone,Electronics,261,C010,24039,1
O07240,2017,7,27,pre_covid,P003,Smartphone,Electronics,384,C002,24039,2
O02499,2017,7,28,pre_covid,P005,Microwave Oven,Home & Kitchen,152,C004,9834,13
O06672,2017,7,28,pre_covid,P002,Webcam & Headset Combo,Electronics,264,C012,4917,3
O07381,2017,7,29,pre_covid,P015,Drawing Tablet (EdTech),Stationery & EdTech,293,C006,8195,7
O06962,2017,7,30,pre_covid,P010,Men's Formal Shirts,Fashion,1348,C020,1966,2
O01014,2017,7,31,pre_covid,P013,Hand Sanitizer (Bulk Pack),Groceries & Hygiene,632,C015,1311,1
O04290,2017,7,31,pre_covid,P010,Men's Formal Shirts,Fashion,1133,C010,1966,4
O04394,2017,7,31,pre_covid,P009,Yoga Mat,Gym Equipment,163,C016,1639,4
O02570,2017,8,1,pre_covid,P015,Drawing Tablet (EdTech),Stationery & EdTech,254,C013,8195,5
O00061,2017,8,2,pre_covid,P003,Smartphone,Electronics,396,C006,24039,2
O01204,2017,8,3,pre_covid,P003,Smartphone,Electronics,202,C003,24039,1
O02205,2017,8,3,pre_covid,P002,Webcam & Headset Combo,Electronics,317,C015,4917,6
O03197,2017,8,3,pre_covid,P012,Festive Sarees,Fashion,1495,C015,6556,5
O05955,2017,8,3,pre_covid,P003,Smartphone,Electronics,325,C015,24039,3
O03005,2017,8,4,pre_covid,P005,Microwave Oven,Home & Kitchen,297,C015,9834,6
O06114,2017,8,4,pre_covid,P007,Treadmill,Gym Equipment,18,C012,45894,1
O00012,2017,8,5,pre_covid,P009,Yoga Mat,Gym Equipment,1442,C002,1639,2
O04304,2017,8,5,pre_covid,P005,Microwave Oven,Home & Kitchen,223,C002,9834,4
O01643,2017,8,6,pre_covid,P007,Treadmill,Gym Equipment,40,C013,45894,3
O02056,2017,8,6,pre_covid,P011,Casual Loungewear Set,Fashion,3060,C003,1311,2
O00307,2017,8,7,pre_covid,P011,Casual Loungewear Set,Fashion,3439,C013,1311,5
O05250,2017,8,7,pre_covid,P001,Laptop,Electronics,150,C019,60099,3
O07099,2017,8,7,pre_covid,P015,Drawing Tablet (EdTech),Stationery & EdTech,47,C009,8195,8
O07628,2017,8,7,pre_covid,P015,Drawing Tablet (EdTech),Stationery & EdTech,73,C003,8195,17
O03950,2017,8,8,pre_covid,P009,Yoga Mat,Gym Equipment,594,C012,1639,1
O04109,2017,8,8,pre_covid,P015,Drawing Tablet (EdTech),Stationery & EdTech,207,C019,8195,20
O04530,2017,8,8,pre_covid,P011,Casual Loungewear Set,Fashion,1815,C019,1311,2
O05532,2017,8,8,pre_covid,P001,Laptop,Electronics,150,C004,60099,4
O00921,2017,8,9,pre_covid,P009,Yoga Mat,Gym Equipment,1584,C008,1639,4
O01888,2017,8,9,pre_covid,P001,Laptop,Electronics,111,C017,60099,8
O02769,2017,8,9,pre_covid,P010,Men's Formal Shirts,Fashion,1848,C004,1966,2
O03288,2017,8,10,pre_covid,P015,Drawing Tablet (EdTech),Stationery & EdTech,283,C008,8195,10
O00394,2017,8,11,pre_covid,P005,Microwave Oven,Home & Kitchen,130,C019,9834,2
O02862,2017,8,11,pre_covid,P010,Men's Formal Shirts,Fashion,1787,C010,1966,5
O07856,2017,8,11,pre_covid,P002,Webcam & Headset Combo,Electronics,324,C014,4917,6
O01367,2017,8,12,pre_covid,P010,Men's Formal Shirts,Fashion,2627,C007,1966,5
O01943,2017,8,12,pre_covid,P001,Laptop,Electronics,93,C010,60099,5
O03470,2017,8,12,pre_covid,P015,Drawing Tablet (EdTech),Stationery & EdTech,127,C005,8195,17
O03498,2017,8,12,pre_covid,P004,Air Purifier,Home & Kitchen,273,C003,13112,5
O06059,2017,8,12,pre_covid,P014,Packaged Grocery Staples,Groceries & Hygiene,1971,C014,874,5
O00906,2017,8,13,pre_covid,P009,Yoga Mat,Gym Equipment,1606,C012,1639,4
O00337,2017,8,14,pre_covid,P012,Festive Sarees,Fashion,1734,C012,6556,5
O03646,2017,8,14,pre_covid,P003,Smartphone,Electronics,68,C011,24039,3
O03886,2017,8,14,pre_covid,P004,Air Purifier,Home & Kitchen,192,C013,13112,2
O04034,2017,8,14,pre_covid,P014,Packaged Grocery Staples,Groceries & Hygiene,2344,C008,874,2
O06618,2017,8,14,pre_covid,P006,Office Chair (Ergonomic),Home & Kitchen,98,C008,9288,3
O00590,2017,8,15,pre_covid,P015,Drawing Tablet (EdTech),Stationery & EdTech,170,C003,8195,15
O01042,2017,8,15,pre_covid,P014,Packaged Grocery Staples,Groceries & Hygiene,2894,C018,874,5
O07530,2017,8,15,pre_covid,P010,Men's Formal Shirts,Fashion,1012,C004,1966,5
O00464,2017,8,16,pre_covid,P013,Hand Sanitizer (Bulk Pack),Groceries & Hygiene,1321,C015,1311,6
O01041,2017,8,16,pre_covid,P015,Drawing Tablet (EdTech),Stationery & EdTech,108,C002,8195,16
O06897,2017,8,16,pre_covid,P013,Hand Sanitizer (Bulk Pack),Groceries & Hygiene,606,C012,1311,2
O07955,2017,8,16,pre_covid,P006,Office Chair (Ergonomic),Home & Kitchen,200,C010,9288,6
O01872,2017,8,17,pre_covid,P015,Drawing Tablet (EdTech),Stationery & EdTech,110,C020,8195,9
O02750,2017,8,17,pre_covid,P003,Smartphone,Electronics,278,C008,24039,1
O03122,2017,8,18,pre_covid,P014,Packaged Grocery Staples,Groceries & Hygiene,2609,C003,874,3
O05449,2017,8,18,pre_covid,P011,Casual Loungewear Set,Fashion,1155,C019,1311,1
O06750,2017,8,18,pre_covid,P012,Festive Sarees,Fashion,871,C020,6556,6
O02824,2017,8,19,pre_covid,P001,Laptop,Electronics,141,C007,60099,8
O05340,2017,8,19,pre_covid,P001,Laptop,Electronics,105,C011,60099,8
O03706,2017,8,20,pre_covid,P008,Resistance Bands & Dumbbell Set,Gym Equipment,793,C010,3824,6
O01159,2017,8,21,pre_covid,P004,Air Purifier,Home & Kitchen,35,C015,13112,4
O04596,2017,8,21,pre_covid,P012,Festive Sarees,Fashion,880,C004,6556,3
O00132,2017,8,22,pre_covid,P015,Drawing Tablet (EdTech),Stationery & EdTech,198,C009,8195,16
O05300,2017,8,22,pre_covid,P010,Men's Formal Shirts,Fashion,538,C004,1966,4
O00864,2017,8,23,pre_covid,P008,Resistance Bands & Dumbbell Set,Gym Equipment,646,C017,3824,1
O04870,2017,8,23,pre_covid,P007,Treadmill,Gym Equipment,8,C013,45894,3
O06015,2017,8,24,pre_covid,P015,Drawing Tablet (EdTech),Stationery & EdTech,211,C005,8195,16
O04196,2017,8,26,pre_covid,P005,Microwave Oven,Home & Kitchen,281,C016,9834,1
O07003,2017,8,26,pre_covid,P006,Office Chair (Ergonomic),Home & Kitchen,200,C019,9288,5
O05943,2017,8,27,pre_covid,P013,Hand Sanitizer (Bulk Pack),Groceries & Hygiene,1433,C012,1311,1
O05569,2017,8,28,pre_covid,P014,Packaged Grocery Staples,Groceries & Hygiene,2162,C002,874,6
O02285,2017,8,29,pre_covid,P003,Smartphone,Electronics,362,C007,24039,3
O03909,2017,8,29,pre_covid,P011,Casual Loungewear Set,Fashion,2099,C013,1311,4
O05832,2017,8,30,pre_covid,P002,Webcam & Headset Combo,Electronics,310,C020,4917,4
O07200,2017,8,30,pre_covid,P015,Drawing Tablet (EdTech),Stationery & EdTech,176,C015,8195,17
O02519,2017,8,31,pre_covid,P004,Air Purifier,Home & Kitchen,242,C005,13112,4
O04890,2017,8,31,pre_covid,P001,Laptop,Electronics,98,C018,60099,2
O00996,2017,9,1,pre_covid,P008,Resistance Bands & Dumbbell Set,Gym Equipment,590,C001,3824,1
O02502,2017,9,1,pre_covid,P012,Festive Sarees,Fashion,486,C004,6556,4
O05751,2017,9,1,pre_covid,P012,Festive Sarees,Fashion,129,C017,6556,6
O03509,2017,9,2,pre_covid,P001,Laptop,Electronics,72,C014,60099,3
O05674,2017,9,2,pre_covid,P015,Drawing Tablet (EdTech),Stationery & EdTech,188,C019,8195,1
O06669,2017,9,2,pre_covid,P003,Smartphone,Electronics,136,C004,24039,1
O04963,2017,9,3,pre_covid,P010,Men's Formal Shirts,Fashion,785,C008,1966,6
O05326,2017,9,3,pre_covid,P003,Smartphone,Electronics,58,C001,24039,1
O06019,2017,9,4,pre_covid,P003,Smartphone,Electronics,306,C019,24039,2
O04941,2017,9,5,pre_covid,P001,Laptop,Electronics,65,C009,60099,2
O00169,2017,9,6,pre_covid,P001,Laptop,Electronics,165,C013,60099,2
O02253,2017,9,6,pre_covid,P015,Drawing Tablet (EdTech),Stationery & EdTech,125,C005,8195,3
O02454,2017,9,6,pre_covid,P004,Air Purifier,Home & Kitchen,257,C003,13112,6
O07389,2017,9,6,pre_covid,P002,Webcam & Headset Combo,Electronics,225,C012,4917,6
O00009,2017,9,7,pre_covid,P002,Webcam & Headset Combo,Electronics,467,C016,4917,2
O06104,2017,9,7,pre_covid,P010,Men's Formal Shirts,Fashion,1951,C012,1966,2
O01393,2017,9,8,pre_covid,P009,Yoga Mat,Gym Equipment,1141,C013,1639,4
O02089,2017,9,8,pre_covid,P004,Air Purifier,Home & Kitchen,55,C018,13112,6
O02477,2017,9,8,pre_covid,P007,Treadmill,Gym Equipment,12,C002,45894,3
O04722,2017,9,9,pre_covid,P005,Microwave Oven,Home & Kitchen,210,C020,9834,6
O04901,2017,9,10,pre_covid,P007,Treadmill,Gym Equipment,77,C001,45894,3
O06595,2017,9,10,pre_covid,P013,Hand Sanitizer (Bulk Pack),Groceries & Hygiene,781,C008,1311,3
O04824,2017,9,11,pre_covid,P015,Drawing Tablet (EdTech),Stationery & EdTech,186,C014,8195,3
O05677,2017,9,11,pre_covid,P002,Webcam & Headset Combo,Electronics,480,C016,4917,6
O03320,2017,9,12,pre_covid,P013,Hand Sanitizer (Bulk Pack),Groceries & Hygiene,296,C016,1311,4
O00802,2017,9,13,pre_covid,P001,Laptop,Electronics,93,C015,60099,1
O01530,2017,9,13,pre_covid,P009,Yoga Mat,Gym Equipment,1027,C017,1639,4
O04666,2017,9,13,pre_covid,P003,Smartphone,Electronics,208,C005,24039,1
O06377,2017,9,13,pre_covid,P006,Office Chair (Ergonomic),Home & Kitchen,9,C004,9288,1
O07064,2017,9,13,pre_covid,P012,Festive Sarees,Fashion,680,C004,6556,1
O07462,2017,9,13,pre_covid,P004,Air Purifier,Home & Kitchen,263,C018,13112,1
O05780,2017,9,14,pre_covid,P008,Resistance Bands & Dumbbell Set,Gym Equipment,124,C015,3824,6
O02247,2017,9,15,pre_covid,P013,Hand Sanitizer (Bulk Pack),Groceries & Hygiene,1490,C016,1311,6
O04587,2017,9,15,pre_covid,P003,Smartphone,Electronics,226,C013,24039,1
O02338,2017,9,16,pre_covid,P001,Laptop,Electronics,89,C009,60099,3
O03367,2017,9,16,pre_covid,P012,Festive Sarees,Fashion,1387,C002,6556,2
O03419,2017,9,16,pre_covid,P003,Smartphone,Electronics,107,C011,24039,1
O03444,2017,9,16,pre_covid,P006,Office Chair (Ergonomic),Home & Kitchen,189,C002,9288,1
O03838,2017,9,16,pre_covid,P001,Laptop,Electronics,42,C013,60099,1
O04952,2017,9,16,pre_covid,P003,Smartphone,Electronics,147,C012,24039,3
O01798,2017,9,17,pre_covid,P012,Festive Sarees,Fashion,967,C013,6556,6
O04775,2017,9,17,pre_covid,P003,Smartphone,Electronics,185,C013,24039,2
O03701,2017,9,19,pre_covid,P007,Treadmill,Gym Equipment,55,C007,45894,3
O06884,2017,9,19,pre_covid,P001,Laptop,Electronics,122,C008,60099,2
O01599,2017,9,20,pre_covid,P006,Office Chair (Ergonomic),Home & Kitchen,50,C011,9288,2
O04036,2017,9,20,pre_covid,P010,Men's Formal Shirts,Fashion,1233,C005,1966,1
O07625,2017,9,20,pre_covid,P008,Resistance Bands & Dumbbell Set,Gym Equipment,766,C011,3824,5
O01005,2017,9,22,pre_covid,P007,Treadmill,Gym Equipment,19,C001,45894,2
O03810,2017,9,22,pre_covid,P008,Resistance Bands & Dumbbell Set,Gym Equipment,667,C009,3824,1
O07510,2017,9,22,pre_covid,P010,Men's Formal Shirts,Fashion,1048,C007,1966,2
O02403,2017,9,23,pre_covid,P006,Office Chair (Ergonomic),Home & Kitchen,177,C018,9288,6
O04910,2017,9,23,pre_covid,P009,Yoga Mat,Gym Equipment,1086,C007,1639,1
O02186,2017,9,24,pre_covid,P004,Air Purifier,Home & Kitchen,28,C005,13112,6
O02250,2017,9,24,pre_covid,P003,Smartphone,Electronics,370,C010,24039,2
O02377,2017,9,24,pre_covid,P010,Men's Formal Shirts,Fashion,2047,C005,1966,6
O05382,2017,9,24,pre_covid,P011,Casual Loungewear Set,Fashion,1157,C019,1311,2
O05645,2017,9,24,pre_covid,P014,Packaged Grocery Staples,Groceries & Hygiene,2146,C014,874,5
O01986,2017,9,25,pre_covid,P014,Packaged Grocery Staples,Groceries & Hygiene,3091,C019,874,5
O02076,2017,9,25,pre_covid,P001,Laptop,Electronics,26,C001,60099,1
O06578,2017,9,25,pre_covid,P001,Laptop,Electronics,39,C004,60099,1
O07525,2017,9,25,pre_covid,P005,Microwave Oven,Home & Kitchen,219,C002,9834,3
O04463,2017,9,26,pre_covid,P006,Office Chair (Ergonomic),Home & Kitchen,17,C013,9288,1
O03032,2017,9,27,pre_covid,P010,Men's Formal Shirts,Fashion,1708,C004,1966,2
O03652,2017,9,27,pre_covid,P010,Men's Formal Shirts,Fashion,1418,C013,1966,1
O04342,2017,9,27,pre_covid,P011,Casual Loungewear Set,Fashion,1849,C010,1311,5
O04629,2017,9,27,pre_covid,P009,Yoga Mat,Gym Equipment,1343,C020,1639,2
O04940,2017,9,27,pre_covid,P007,Treadmill,Gym Equipment,71,C002,45894,2
O06179,2017,9,28,pre_covid,P011,Casual Loungewear Set,Fashion,1051,C005,1311,5
O06694,2017,9,28,pre_covid,P013,Hand Sanitizer (Bulk Pack),Groceries & Hygiene,728,C020,1311,1
O00747,2017,9,29,pre_covid,P011,Casual Loungewear Set,Fashion,3237,C016,1311,2
O05379,2017,9,29,pre_covid,P004,Air Purifier,Home & Kitchen,118,C011,13112,1
O07612,2017,9,29,pre_covid,P015,Drawing Tablet (EdTech),Stationery & EdTech,80,C003,8195,1
O04203,2017,9,30,pre_covid,P001,Laptop,Electronics,72,C004,60099,2
O06937,2017,9,30,pre_covid,P015,Drawing Tablet (EdTech),Stationery & EdTech,120,C001,8195,4
O07051,2017,9,30,pre_covid,P012,Festive Sarees,Fashion,683,C002,6556,3
O01394,2017,10,2,pre_covid,P003,Smartphone,Electronics,133,C008,24039,6
O05999,2017,10,3,pre_covid,P014,Packaged Grocery Staples,Groceries & Hygiene,1985,C019,874,6
O02490,2017,10,4,pre_covid,P003,Smartphone,Electronics,314,C011,24039,8
O04730,2017,10,4,pre_covid,P014,Packaged Grocery Staples,Groceries & Hygiene,2516,C010,874,3
O07466,2017,10,5,pre_covid,P008,Resistance Bands & Dumbbell Set,Gym Equipment,932,C007,3824,6
O01592,2017,10,6,pre_covid,P014,Packaged Grocery Staples,Groceries & Hygiene,2964,C006,874,6
O02438,2017,10,6,pre_covid,P003,Smartphone,Electronics,331,C014,24039,3
O03721,2017,10,6,pre_covid,P007,Treadmill,Gym Equipment,48,C015,45894,3
O05847,2017,10,6,pre_covid,P014,Packaged Grocery Staples,Groceries & Hygiene,2054,C009,874,5
O02312,2017,10,7,pre_covid,P012,Festive Sarees,Fashion,615,C009,6556,17
O05461,2017,10,7,pre_covid,P012,Festive Sarees,Fashion,291,C013,6556,7
O00666,2017,10,8,pre_covid,P003,Smartphone,Electronics,261,C020,24039,6
O02506,2017,10,8,pre_covid,P007,Treadmill,Gym Equipment,76,C001,45894,2
O00506,2017,10,9,pre_covid,P003,Smartphone,Electronics,320,C016,24039,8
O00949,2017,10,9,pre_covid,P001,Laptop,Electronics,42,C012,60099,8
O00420,2017,10,10,pre_covid,P012,Festive Sarees,Fashion,1706,C001,6556,17
O01073,2017,10,10,pre_covid,P004,Air Purifier,Home & Kitchen,47,C008,13112,3
O03009,2017,10,12,pre_covid,P008,Resistance Bands & Dumbbell Set,Gym Equipment,113,C010,3824,5
O05746,2017,10,12,pre_covid,P002,Webcam & Headset Combo,Electronics,434,C014,4917,14
O01356,2017,10,13,pre_covid,P012,Festive Sarees,Fashion,1214,C001,6556,7
O05001,2017,10,13,pre_covid,P008,Resistance Bands & Dumbbell Set,Gym Equipment,884,C018,3824,4
O05115,2017,10,13,pre_covid,P013,Hand Sanitizer (Bulk Pack),Groceries & Hygiene,492,C020,1311,1
O01773,2017,10,15,pre_covid,P014,Packaged Grocery Staples,Groceries & Hygiene,2816,C010,874,1
O05429,2017,10,15,pre_covid,P010,Men's Formal Shirts,Fashion,477,C015,1966,17
O07641,2017,10,15,pre_covid,P007,Treadmill,Gym Equipment,80,C013,45894,3
O00523,2017,10,16,pre_covid,P010,Men's Formal Shirts,Fashion,3058,C007,1966,9
O01743,2017,10,16,pre_covid,P002,Webcam & Headset Combo,Electronics,288,C017,4917,18
O03924,2017,10,16,pre_covid,P006,Office Chair (Ergonomic),Home & Kitchen,97,C016,9288,4
O04366,2017,10,16,pre_covid,P002,Webcam & Headset Combo,Electronics,548,C014,4917,19
O04792,2017,10,16,pre_covid,P010,Men's Formal Shirts,Fashion,881,C002,1966,14
O06426,2017,10,16,pre_covid,P002,Webcam & Headset Combo,Electronics,361,C014,4917,13
O07477,2017,10,16,pre_covid,P002,Webcam & Headset Combo,Electronics,89,C005,4917,13
O00752,2017,10,17,pre_covid,P012,Festive Sarees,Fashion,1478,C007,6556,9
O02469,2017,10,17,pre_covid,P012,Festive Sarees,Fashion,508,C005,6556,12
O01473,2017,10,18,pre_covid,P002,Webcam & Headset Combo,Electronics,569,C005,4917,9
O06503,2017,10,18,pre_covid,P015,Drawing Tablet (EdTech),Stationery & EdTech,92,C015,8195,3
O06590,2017,10,18,pre_covid,P011,Casual Loungewear Set,Fashion,920,C018,1311,6
O07132,2017,10,18,pre_covid,P008,Resistance Bands & Dumbbell Set,Gym Equipment,46,C015,3824,4
O07329,2017,10,18,pre_covid,P005,Microwave Oven,Home & Kitchen,300,C001,9834,5
O07644,2017,10,18,pre_covid,P007,Treadmill,Gym Equipment,77,C006,45894,2
O01924,2017,10,19,pre_covid,P012,Festive Sarees,Fashion,856,C001,6556,19
O02484,2017,10,19,pre_covid,P006,Office Chair (Ergonomic),Home & Kitchen,140,C016,9288,3
O05443,2017,10,19,pre_covid,P012,Festive Sarees,Fashion,330,C019,6556,6
O02571,2017,10,20,pre_covid,P012,Festive Sarees,Fashion,474,C013,6556,15
O00786,2017,10,21,pre_covid,P014,Packaged Grocery Staples,Groceries & Hygiene,2919,C007,874,4
O00058,2017,10,22,pre_covid,P013,Hand Sanitizer (Bulk Pack),Groceries & Hygiene,1120,C017,1311,1
O07357,2017,10,22,pre_covid,P003,Smartphone,Electronics,336,C009,24039,7
O02325,2017,10,23,pre_covid,P007,Treadmill,Gym Equipment,52,C013,45894,2
O02402,2017,10,23,pre_covid,P013,Hand Sanitizer (Bulk Pack),Groceries & Hygiene,1317,C019,1311,4
O05731,2017,10,23,pre_covid,P006,Office Chair (Ergonomic),Home & Kitchen,45,C004,9288,5
O01800,2017,10,24,pre_covid,P005,Microwave Oven,Home & Kitchen,93,C019,9834,1
O03880,2017,10,24,pre_covid,P015,Drawing Tablet (EdTech),Stationery & EdTech,191,C018,8195,4
O05713,2017,10,24,pre_covid,P010,Men's Formal Shirts,Fashion,337,C003,1966,6
O05761,2017,10,24,pre_covid,P010,Men's Formal Shirts,Fashion,305,C002,1966,6
O00007,2017,10,25,pre_covid,P001,Laptop,Electronics,139,C009,60099,2
O00624,2017,10,25,pre_covid,P003,Smartphone,Electronics,285,C003,24039,8
O06207,2017,10,25,pre_covid,P004,Air Purifier,Home & Kitchen,247,C020,13112,3
O04286,2017,10,26,pre_covid,P003,Smartphone,Electronics,302,C006,24039,3
O05269,2017,10,26,pre_covid,P001,Laptop,Electronics,147,C010,60099,5
O03703,2017,10,27,pre_covid,P004,Air Purifier,Home & Kitchen,250,C010,13112,2
O00279,2017,10,28,pre_covid,P001,Laptop,Electronics,141,C015,60099,8
O04791,2017,10,28,pre_covid,P001,Laptop,Electronics,135,C014,60099,4
O04147,2017,10,29,pre_covid,P015,Drawing Tablet (EdTech),Stationery & EdTech,187,C005,8195,4
O06013,2017,10,29,pre_covid,P004,Air Purifier,Home & Kitchen,285,C007,13112,5
O02429,2017,10,30,pre_covid,P009,Yoga Mat,Gym Equipment,99,C016,1639,4
O07731,2017,10,30,pre_covid,P012,Festive Sarees,Fashion,219,C009,6556,12
O03657,2017,10,31,pre_covid,P001,Laptop,Electronics,150,C013,60099,2
O05883,2017,10,31,pre_covid,P003,Smartphone,Electronics,334,C018,24039,3
O07362,2017,10,31,pre_covid,P006,Office Chair (Ergonomic),Home & Kitchen,200,C010,9288,6
O00851,2017,11,1,pre_covid,P009,Yoga Mat,Gym Equipment,1701,C016,1639,1
O02413,2017,11,1,pre_covid,P012,Festive Sarees,Fashion,579,C011,6556,16
O01068,2017,11,2,pre_covid,P002,Webcam & Headset Combo,Electronics,386,C005,4917,10
O05276,2017,11,2,pre_covid,P007,Treadmill,Gym Equipment,49,C004,45894,1
O01822,2017,11,3,pre_covid,P006,Office Chair (Ergonomic),Home & Kitchen,145,C008,9288,1
O06626,2017,11,4,pre_covid,P012,Festive Sarees,Fashion,910,C018,6556,5
O02489,2017,11,5,pre_covid,P002,Webcam & Headset Combo,Electronics,542,C012,4917,16
O04350,2017,11,5,pre_covid,P002,Webcam & Headset Combo,Electronics,59,C019,4917,12
O04553,2017,11,5,pre_covid,P001,Laptop,Electronics,88,C003,60099,7
O05321,2017,11,5,pre_covid,P003,Smartphone,Electronics,73,C007,24039,7
O05767,2017,11,5,pre_covid,P004,Air Purifier,Home & Kitchen,27,C019,13112,1
O06444,2017,11,5,pre_covid,P003,Smartphone,Electronics,187,C001,24039,3
O07778,2017,11,5,pre_covid,P014,Packaged Grocery Staples,Groceries & Hygiene,1070,C014,874,4
O01698,2017,11,6,pre_covid,P012,Festive Sarees,Fashion,1016,C003,6556,8
O04847,2017,11,6,pre_covid,P005,Microwave Oven,Home & Kitchen,57,C001,9834,1
O01090,2017,11,7,pre_covid,P012,Festive Sarees,Fashion,1358,C012,6556,15
O01782,2017,11,7,pre_covid,P003,Smartphone,Electronics,46,C017,24039,5
O05354,2017,11,7,pre_covid,P003,Smartphone,Electronics,52,C008,24039,4
O06734,2017,11,7,pre_covid,P001,Laptop,Electronics,148,C006,60099,6
O02964,2017,11,9,pre_covid,P009,Yoga Mat,Gym Equipment,1272,C004,1639,1
O05958,2017,11,9,pre_covid,P001,Laptop,Electronics,131,C012,60099,4
O07882,2017,11,9,pre_covid,P005,Microwave Oven,Home & Kitchen,228,C011,9834,4
O02492,2017,11,10,pre_covid,P012,Festive Sarees,Fashion,495,C019,6556,9
O04327,2017,11,10,pre_covid,P010,Men's Formal Shirts,Fashion,1110,C001,1966,8
O04499,2017,11,10,pre_covid,P003,Smartphone,Electronics,266,C003,24039,8
O07210,2017,11,10,pre_covid,P009,Yoga Mat,Gym Equipment,378,C019,1639,4
O07916,2017,11,10,pre_covid,P010,Men's Formal Shirts,Fashion,787,C011,1966,20
O03146,2017,11,11,pre_covid,P012,Festive Sarees,Fashion,73,C008,6556,15
O06604,2017,11,11,pre_covid,P009,Yoga Mat,Gym Equipment,974,C006,1639,5
O00442,2017,11,12,pre_covid,P003,Smartphone,Electronics,337,C002,24039,7
O03563,2017,11,12,pre_covid,P012,Festive Sarees,Fashion,1223,C012,6556,16
O00826,2017,11,13,pre_covid,P003,Smartphone,Electronics,237,C012,24039,8
O04766,2017,11,13,pre_covid,P010,Men's Formal Shirts,Fashion,909,C017,1966,13
O05554,2017,11,13,pre_covid,P002,Webcam & Headset Combo,Electronics,535,C018,4917,18
O06425,2017,11,13,pre_covid,P003,Smartphone,Electronics,200,C014,24039,7
O06994,2017,11,13,pre_covid,P013,Hand Sanitizer (Bulk Pack),Groceries & Hygiene,531,C008,1311,4
O02366,2017,11,14,pre_covid,P013,Hand Sanitizer (Bulk Pack),Groceries & Hygiene,1340,C014,1311,5
O02868,2017,11,14,pre_covid,P002,Webcam & Headset Combo,Electronics,287,C007,4917,17
O00773,2017,11,15,pre_covid,P002,Webcam & Headset Combo,Electronics,578,C015,4917,5
O00831,2017,11,15,pre_covid,P003,Smartphone,Electronics,226,C003,24039,3
O03645,2017,11,15,pre_covid,P015,Drawing Tablet (EdTech),Stationery & EdTech,255,C007,8195,3
O05766,2017,11,15,pre_covid,P010,Men's Formal Shirts,Fashion,292,C002,1966,14
O00551,2017,11,16,pre_covid,P005,Microwave Oven,Home & Kitchen,300,C014,9834,4
O01981,2017,11,16,pre_covid,P009,Yoga Mat,Gym Equipment,531,C016,1639,5
O03370,2017,11,16,pre_covid,P014,Packaged Grocery Staples,Groceries & Hygiene,2563,C010,874,4
O06873,2017,11,16,pre_covid,P003,Smartphone,Electronics,89,C014,24039,7
O01071,2017,11,17,pre_covid,P012,Festive Sarees,Fashion,1376,C009,6556,7
O01576,2017,11,17,pre_covid,P001,Laptop,Electronics,78,C019,60099,2
O05730,2017,11,17,pre_covid,P009,Yoga Mat,Gym Equipment,295,C006,1639,4
O06767,2017,11,17,pre_covid,P015,Drawing Tablet (EdTech),Stationery & EdTech,157,C012,8195,3
O04593,2017,11,18,pre_covid,P002,Webcam & Headset Combo,Electronics,393,C004,4917,13
O05459,2017,11,18,pre_covid,P010,Men's Formal Shirts,Fashion,448,C001,1966,17
O01504,2017,11,19,pre_covid,P006,Office Chair (Ergonomic),Home & Kitchen,88,C010,9288,2
O05661,2017,11,19,pre_covid,P010,Men's Formal Shirts,Fashion,372,C001,1966,19
O03262,2017,11,21,pre_covid,P003,Smartphone,Electronics,143,C018,24039,7
O05798,2017,11,21,pre_covid,P003,Smartphone,Electronics,349,C002,24039,2
O03309,2017,11,22,pre_covid,P003,Smartphone,Electronics,136,C002,24039,4
O07378,2017,11,22,pre_covid,P012,Festive Sarees,Fashion,454,C015,6556,13
O03336,2017,11,23,pre_covid,P002,Webcam & Headset Combo,Electronics,396,C017,4917,7
O01899,2017,11,24,pre_covid,P011,Casual Loungewear Set,Fashion,3152,C013,1311,4
O02624,2017,11,24,pre_covid,P012,Festive Sarees,Fashion,440,C007,6556,7
O03023,2017,11,24,pre_covid,P012,Festive Sarees,Fashion,177,C008,6556,14
O03212,2017,11,24,pre_covid,P010,Men's Formal Shirts,Fashion,1633,C020,1966,15
O04181,2017,11,24,pre_covid,P011,Casual Loungewear Set,Fashion,1967,C004,1311,1
O06638,2017,11,25,pre_covid,P003,Smartphone,Electronics,152,C008,24039,5
O01941,2017,11,26,pre_covid,P012,Festive Sarees,Fashion,837,C009,6556,10
O03353,2017,11,26,pre_covid,P002,Webcam & Headset Combo,Electronics,351,C006,4917,5
O02008,2017,11,27,pre_covid,P004,Air Purifier,Home & Kitchen,86,C012,13112,4
O02412,2017,11,27,pre_covid,P001,Laptop,Electronics,60,C011,60099,7
O05016,2017,11,27,pre_covid,P002,Webcam & Headset Combo,Electronics,54,C002,4917,7
O06478,2017,11,27,pre_covid,P013,Hand Sanitizer (Bulk Pack),Groceries & Hygiene,957,C011,1311,5
O07208,2017,11,27,pre_covid,P012,Festive Sarees,Fashion,637,C011,6556,8
O01093,2017,11,28,pre_covid,P014,Packaged Grocery Staples,Groceries & Hygiene,2858,C013,874,3
O06045,2017,11,28,pre_covid,P002,Webcam & Headset Combo,Electronics,74,C004,4917,16
O04195,2017,11,29,pre_covid,P003,Smartphone,Electronics,329,C019,24039,6
O04749,2017,11,29,pre_covid,P004,Air Purifier,Home & Kitchen,222,C015,13112,3
O05126,2017,11,29,pre_covid,P003,Smartphone,Electronics,115,C005,24039,4
O05585,2017,11,29,pre_covid,P012,Festive Sarees,Fashion,239,C015,6556,15
O04747,2017,11,30,pre_covid,P015,Drawing Tablet (EdTech),Stationery & EdTech,250,C015,8195,5
O00637,2017,12,1,pre_covid,P003,Smartphone,Electronics,272,C004,24039,5
O01406,2017,12,1,pre_covid,P004,Air Purifier,Home & Kitchen,278,C010,13112,6
O06392,2017,12,2,pre_covid,P007,Treadmill,Gym Equipment,28,C016,45894,1
O04037,2017,12,3,pre_covid,P011,Casual Loungewear Set,Fashion,2017,C008,1311,5
O06570,2017,12,4,pre_covid,P008,Resistance Bands & Dumbbell Set,Gym Equipment,730,C011,3824,1
O01416,2017,12,5,pre_covid,P003,Smartphone,Electronics,127,C001,24039,4
O04528,2017,12,5,pre_covid,P013,Hand Sanitizer (Bulk Pack),Groceries & Hygiene,856,C005,1311,3
O07839,2017,12,5,pre_covid,P003,Smartphone,Electronics,261,C016,24039,3
O00615,2017,12,6,pre_covid,P012,Festive Sarees,Fashion,1584,C017,6556,20
O01979,2017,12,6,pre_covid,P005,Microwave Oven,Home & Kitchen,29,C007,9834,3
O04461,2017,12,6,pre_covid,P004,Air Purifier,Home & Kitchen,37,C002,13112,6
O00554,2017,12,7,pre_covid,P006,Office Chair (Ergonomic),Home & Kitchen,23,C017,9288,5
O06805,2017,12,7,pre_covid,P006,Office Chair (Ergonomic),Home & Kitchen,200,C013,9288,1
O02321,2017,12,8,pre_covid,P005,Microwave Oven,Home & Kitchen,56,C016,9834,1
O02554,2017,12,8,pre_covid,P001,Laptop,Electronics,146,C004,60099,8
O06072,2017,12,8,pre_covid,P003,Smartphone,Electronics,296,C015,24039,6
O04588,2017,12,10,pre_covid,P011,Casual Loungewear Set,Fashion,1800,C017,1311,4
O05200,2017,12,10,pre_covid,P012,Festive Sarees,Fashion,486,C016,6556,20
O06675,2017,12,10,pre_covid,P011,Casual Loungewear Set,Fashion,887,C008,1311,2
O00403,2017,12,11,pre_covid,P007,Treadmill,Gym Equipment,45,C001,45894,1
O04601,2017,12,11,pre_covid,P012,Festive Sarees,Fashion,877,C005,6556,5
O04611,2017,12,11,pre_covid,P013,Hand Sanitizer (Bulk Pack),Groceries & Hygiene,807,C015,1311,1
O04868,2017,12,11,pre_covid,P010,Men's Formal Shirts,Fashion,849,C003,1966,5
O05424,2017,12,11,pre_covid,P012,Festive Sarees,Fashion,365,C006,6556,20
O06538,2017,12,11,pre_covid,P010,Men's Formal Shirts,Fashion,1655,C020,1966,9
O06245,2017,12,12,pre_covid,P003,Smartphone,Electronics,251,C010,24039,6
O03249,2017,12,13,pre_covid,P005,Microwave Oven,Home & Kitchen,154,C010,9834,1
O05957,2017,12,13,pre_covid,P008,Resistance Bands & Dumbbell Set,Gym Equipment,1132,C006,3824,6
O01341,2017,12,14,pre_covid,P011,Casual Loungewear Set,Fashion,2843,C011,1311,3
O05848,2017,12,14,pre_covid,P010,Men's Formal Shirts,Fashion,207,C001,1966,15
O03862,2017,12,15,pre_covid,P010,Men's Formal Shirts,Fashion,1331,C005,1966,16
O07773,2017,12,15,pre_covid,P007,Treadmill,Gym Equipment,56,C003,45894,2
O05218,2017,12,16,pre_covid,P003,Smartphone,Electronics,95,C017,24039,6
O07907,2017,12,16,pre_covid,P014,Packaged Grocery Staples,Groceries & Hygiene,964,C018,874,2
O01525,2017,12,17,pre_covid,P001,Laptop,Electronics,104,C001,60099,4
O01636,2017,12,17,pre_covid,P003,Smartphone,Electronics,81,C020,24039,8
O04728,2017,12,17,pre_covid,P011,Casual Loungewear Set,Fashion,1697,C006,1311,2
O05078,2017,12,17,pre_covid,P006,Office Chair (Ergonomic),Home & Kitchen,156,C002,9288,5
O05580,2017,12,17,pre_covid,P010,Men's Formal Shirts,Fashion,409,C011,1966,11
O07159,2017,12,17,pre_covid,P003,Smartphone,Electronics,17,C012,24039,8
O03500,2017,12,18,pre_covid,P002,Webcam & Headset Combo,Electronics,180,C015,4917,9
O03808,2017,12,18,pre_covid,P001,Laptop,Electronics,58,C006,60099,6
O07499,2017,12,18,pre_covid,P002,Webcam & Headset Combo,Electronics,72,C004,4917,8
O01033,2017,12,19,pre_covid,P012,Festive Sarees,Fashion,1398,C019,6556,11
O03671,2017,12,19,pre_covid,P012,Festive Sarees,Fashion,1325,C010,6556,8
O03761,2017,12,19,pre_covid,P001,Laptop,Electronics,84,C014,60099,4
O05560,2017,12,19,pre_covid,P009,Yoga Mat,Gym Equipment,542,C008,1639,5
O00973,2017,12,20,pre_covid,P010,Men's Formal Shirts,Fashion,2776,C009,1966,9
O01893,2017,12,20,pre_covid,P012,Festive Sarees,Fashion,865,C017,6556,9
O00593,2017,12,21,pre_covid,P005,Microwave Oven,Home & Kitchen,225,C017,9834,6
O04979,2017,12,21,pre_covid,P010,Men's Formal Shirts,Fashion,747,C001,1966,9
O05444,2017,12,21,pre_covid,P001,Laptop,Electronics,54,C003,60099,4
O06300,2017,12,21,pre_covid,P010,Men's Formal Shirts,Fashion,1854,C010,1966,10
O07643,2017,12,21,pre_covid,P003,Smartphone,Electronics,287,C011,24039,8
O00859,2017,12,22,pre_covid,P006,Office Chair (Ergonomic),Home & Kitchen,95,C003,9288,3
O05011,2017,12,22,pre_covid,P011,Casual Loungewear Set,Fashion,1534,C013,1311,5
O07174,2017,12,23,pre_covid,P003,Smartphone,Electronics,389,C004,24039,2
O02194,2017,12,24,pre_covid,P003,Smartphone,Electronics,388,C017,24039,3
O04309,2017,12,25,pre_covid,P012,Festive Sarees,Fashion,972,C006,6556,6
O05167,2017,12,25,pre_covid,P008,Resistance Bands & Dumbbell Set,Gym Equipment,708,C006,3824,2
O02673,2017,12,26,pre_covid,P015,Drawing Tablet (EdTech),Stationery & EdTech,150,C018,8195,4
O07977,2017,12,26,pre_covid,P011,Casual Loungewear Set,Fashion,210,C020,1311,4
O00833,2017,12,27,pre_covid,P012,Festive Sarees,Fashion,1451,C001,6556,11
O02948,2017,12,29,pre_covid,P015,Drawing Tablet (EdTech),Stationery & EdTech,269,C001,8195,3
O05669,2017,12,29,pre_covid,P006,Office Chair (Ergonomic),Home & Kitchen,56,C012,9288,5
O07979,2017,12,30,pre_covid,P009,Yoga Mat,Gym Equipment,899,C015,1639,4
O00028,2017,12,31,pre_covid,P012,Festive Sarees,Fashion,1668,C006,6556,9
O02261,2017,12,31,pre_covid,P009,Yoga Mat,Gym Equipment,179,C009,1639,5
O03078,2017,12,31,pre_covid,P002,Webcam & Headset Combo,Electronics,579,C007,4917,12
O01438,2018,1,1,pre_covid,P009,Yoga Mat,Gym Equipment,1116,C004,1688,8
O03626,2018,1,1,pre_covid,P007,Treadmill,Gym Equipment,9,C015,47271,2
O00728,2018,1,2,pre_covid,P009,Yoga Mat,Gym Equipment,1956,C001,1688,12
O06996,2018,1,3,pre_covid,P010,Men's Formal Shirts,Fashion,1343,C012,2025,6
O07570,2018,1,3,pre_covid,P009,Yoga Mat,Gym Equipment,1496,C005,1688,12
O00642,2018,1,4,pre_covid,P006,Office Chair (Ergonomic),Home & Kitchen,197,C013,9566,5
O05497,2018,1,4,pre_covid,P005,Microwave Oven,Home & Kitchen,135,C017,10129,1
O00478,2018,1,5,pre_covid,P007,Treadmill,Gym Equipment,24,C008,47271,7
O00863,2018,1,5,pre_covid,P009,Yoga Mat,Gym Equipment,1700,C015,1688,11
O06559,2018,1,5,pre_covid,P008,Resistance Bands & Dumbbell Set,Gym Equipment,743,C013,3939,13
O07958,2018,1,5,pre_covid,P007,Treadmill,Gym Equipment,18,C005,47271,6
O01423,2018,1,6,pre_covid,P003,Smartphone,Electronics,123,C013,24761,5
O07168,2018,1,6,pre_covid,P009,Yoga Mat,Gym Equipment,420,C001,1688,12
O00412,2018,1,7,pre_covid,P005,Microwave Oven,Home & Kitchen,113,C020,10129,2
O01581,2018,1,7,pre_covid,P006,Office Chair (Ergonomic),Home & Kitchen,63,C015,9566,6
O03145,2018,1,7,pre_covid,P012,Festive Sarees,Fashion,78,C013,6753,5
O07598,2018,1,7,pre_covid,P015,Drawing Tablet (EdTech),Stationery & EdTech,98,C007,8441,1
O01754,2018,1,8,pre_covid,P006,Office Chair (Ergonomic),Home & Kitchen,200,C012,9566,5
O04485,2018,1,8,pre_covid,P015,Drawing Tablet (EdTech),Stationery & EdTech,226,C010,8441,3
O01056,2018,1,9,pre_covid,P002,Webcam & Headset Combo,Electronics,389,C009,5064,3
O00194,2018,1,10,pre_covid,P015,Drawing Tablet (EdTech),Stationery & EdTech,124,C011,8441,2
O00682,2018,1,10,pre_covid,P010,Men's Formal Shirts,Fashion,2986,C005,2025,6
O03683,2018,1,10,pre_covid,P003,Smartphone,Electronics,56,C011,24761,8
O04133,2018,1,10,pre_covid,P003,Smartphone,Electronics,352,C001,24761,4
O03822,2018,1,11,pre_covid,P011,Casual Loungewear Set,Fashion,2162,C007,1350,6
O05452,2018,1,11,pre_covid,P002,Webcam & Headset Combo,Electronics,89,C007,5064,1
O00155,2018,1,12,pre_covid,P007,Treadmill,Gym Equipment,42,C015,47271,3
O00518,2018,1,12,pre_covid,P008,Resistance Bands & Dumbbell Set,Gym Equipment,888,C002,3939,20
O01910,2018,1,12,pre_covid,P006,Office Chair (Ergonomic),Home & Kitchen,102,C008,9566,1
O03221,2018,1,12,pre_covid,P009,Yoga Mat,Gym Equipment,1035,C002,1688,15
O03768,2018,1,12,pre_covid,P007,Treadmill,Gym Equipment,27,C008,47271,2
O04015,2018,1,12,pre_covid,P008,Resistance Bands & Dumbbell Set,Gym Equipment,434,C016,3939,12
O00755,2018,1,13,pre_covid,P004,Air Purifier,Home & Kitchen,71,C004,13506,1
O01492,2018,1,13,pre_covid,P008,Resistance Bands & Dumbbell Set,Gym Equipment,114,C003,3939,16
O02763,2018,1,13,pre_covid,P006,Office Chair (Ergonomic),Home & Kitchen,195,C019,9566,3
O03138,2018,1,13,pre_covid,P009,Yoga Mat,Gym Equipment,1122,C003,1688,18
O03519,2018,1,13,pre_covid,P013,Hand Sanitizer (Bulk Pack),Groceries & Hygiene,1978,C015,1350,5
O04371,2018,1,13,pre_covid,P006,Office Chair (Ergonomic),Home & Kitchen,57,C003,9566,1
O06133,2018,1,13,pre_covid,P006,Office Chair (Ergonomic),Home & Kitchen,21,C009,9566,4
O07238,2018,1,13,pre_covid,P008,Resistance Bands & Dumbbell Set,Gym Equipment,1097,C009,3939,8
O00004,2018,1,14,pre_covid,P007,Treadmill,Gym Equipment,66,C014,47271,6
O01563,2018,1,14,pre_covid,P009,Yoga Mat,Gym Equipment,1008,C012,1688,6
O04452,2018,1,14,pre_covid,P011,Casual Loungewear Set,Fashion,1819,C016,1350,4
O07631,2018,1,14,pre_covid,P012,Festive Sarees,Fashion,282,C015,6753,6
O05389,2018,1,15,pre_covid,P001,Laptop,Electronics,89,C015,61902,2
O00182,2018,1,16,pre_covid,P007,Treadmill,Gym Equipment,30,C002,47271,6
O04226,2018,1,16,pre_covid,P010,Men's Formal Shirts,Fashion,1150,C001,2025,3
O06839,2018,1,16,pre_covid,P007,Treadmill,Gym Equipment,36,C007,47271,8
O03819,2018,1,17,pre_covid,P003,Smartphone,Electronics,19,C016,24761,4
O04562,2018,1,17,pre_covid,P011,Casual Loungewear Set,Fashion,1812,C005,1350,2
O04961,2018,1,17,pre_covid,P008,Resistance Bands & Dumbbell Set,Gym Equipment,961,C018,3939,15
O06581,2018,1,18,pre_covid,P002,Webcam & Headset Combo,Electronics,298,C013,5064,3
O01965,2018,1,19,pre_covid,P006,Office Chair (Ergonomic),Home & Kitchen,99,C017,9566,3
O06041,2018,1,19,pre_covid,P011,Casual Loungewear Set,Fashion,1066,C011,1350,2
O06149,2018,1,19,pre_covid,P007,Treadmill,Gym Equipment,17,C015,47271,5
O00491,2018,1,20,pre_covid,P012,Festive Sarees,Fashion,1642,C003,6753,2
O07360,2018,1,20,pre_covid,P002,Webcam & Headset Combo,Electronics,229,C017,5064,4
O00767,2018,1,21,pre_covid,P007,Treadmill,Gym Equipment,21,C001,47271,4
O07528,2018,1,21,pre_covid,P007,Treadmill,Gym Equipment,41,C001,47271,2
O07923,2018,1,21,pre_covid,P012,Festive Sarees,Fashion,136,C002,6753,6
O04552,2018,1,22,pre_covid,P009,Yoga Mat,Gym Equipment,1428,C010,1688,6
O00311,2018,1,23,pre_covid,P008,Resistance Bands & Dumbbell Set,Gym Equipment,998,C014,3939,18
O06132,2018,1,23,pre_covid,P012,Festive Sarees,Fashion,1253,C013,6753,6
O07880,2018,1,23,pre_covid,P004,Air Purifier,Home & Kitchen,181,C020,13506,2
O04317,2018,1,24,pre_covid,P009,Yoga Mat,Gym Equipment,208,C019,1688,13
O02869,2018,1,25,pre_covid,P007,Treadmill,Gym Equipment,46,C016,47271,3
O04817,2018,1,26,pre_covid,P003,Smartphone,Electronics,171,C011,24761,4
O05919,2018,1,26,pre_covid,P008,Resistance Bands & Dumbbell Set,Gym Equipment,1184,C005,3939,14
O04026,2018,1,27,pre_covid,P004,Air Purifier,Home & Kitchen,136,C008,13506,5
O06261,2018,1,27,pre_covid,P003,Smartphone,Electronics,238,C012,24761,8
O06394,2018,1,27,pre_covid,P009,Yoga Mat,Gym Equipment,1107,C009,1688,10
O00591,2018,1,28,pre_covid,P005,Microwave Oven,Home & Kitchen,231,C008,10129,6
O05480,2018,1,28,pre_covid,P002,Webcam & Headset Combo,Electronics,66,C009,5064,1
O07300,2018,1,28,pre_covid,P009,Yoga Mat,Gym Equipment,300,C002,1688,10
O07548,2018,1,29,pre_covid,P007,Treadmill,Gym Equipment,39,C018,47271,2
O06138,2018,1,31,pre_covid,P012,Festive Sarees,Fashion,1247,C014,6753,4
O05058,2018,2,1,pre_covid,P005,Microwave Oven,Home & Kitchen,220,C007,10129,3
O07406,2018,2,1,pre_covid,P010,Men's Formal Shirts,Fashion,1157,C020,2025,11
O06720,2018,2,2,pre_covid,P010,Men's Formal Shirts,Fashion,1511,C004,2025,19
O01766,2018,2,3,pre_covid,P010,Men's Formal Shirts,Fashion,2376,C010,2025,20
O03576,2018,2,3,pre_covid,P011,Casual Loungewear Set,Fashion,2330,C018,1350,2
O05095,2018,2,3,pre_covid,P002,Webcam & Headset Combo,Electronics,463,C017,5064,3
O06170,2018,2,3,pre_covid,P002,Webcam & Headset Combo,Electronics,559,C012,5064,1
O06591,2018,2,4,pre_covid,P003,Smartphone,Electronics,164,C019,24761,2
O06923,2018,2,4,pre_covid,P008,Resistance Bands & Dumbbell Set,Gym Equipment,272,C017,3939,1
O07497,2018,2,4,pre_covid,P006,Office Chair (Ergonomic),Home & Kitchen,116,C011,9566,1
O00262,2018,2,5,pre_covid,P014,Packaged Grocery Staples,Groceries & Hygiene,2890,C011,900,5
O03940,2018,2,5,pre_covid,P009,Yoga Mat,Gym Equipment,599,C007,1688,3
O03513,2018,2,6,pre_covid,P014,Packaged Grocery Staples,Groceries & Hygiene,2492,C008,900,5
O03920,2018,2,6,pre_covid,P006,Office Chair (Ergonomic),Home & Kitchen,108,C007,9566,5
O01338,2018,2,7,pre_covid,P011,Casual Loungewear Set,Fashion,2844,C005,1350,1
O06725,2018,2,7,pre_covid,P002,Webcam & Headset Combo,Electronics,239,C008,5064,5
O04277,2018,2,8,pre_covid,P015,Drawing Tablet (EdTech),Stationery & EdTech,128,C011,8441,6
O05336,2018,2,8,pre_covid,P011,Casual Loungewear Set,Fashion,1162,C004,1350,1
O07263,2018,2,8,pre_covid,P009,Yoga Mat,Gym Equipment,306,C003,1688,6
O01020,2018,2,9,pre_covid,P015,Drawing Tablet (EdTech),Stationery & EdTech,124,C001,8441,4
O01823,2018,2,9,pre_covid,P008,Resistance Bands & Dumbbell Set,Gym Equipment,1200,C009,3939,1
O05854,2018,2,9,pre_covid,P014,Packaged Grocery Staples,Groceries & Hygiene,2049,C007,900,2
O02539,2018,2,10,pre_covid,P009,Yoga Mat,Gym Equipment,74,C004,1688,3
O05581,2018,2,10,pre_covid,P015,Drawing Tablet (EdTech),Stationery & EdTech,250,C017,8441,6
O00049,2018,2,11,pre_covid,P001,Laptop,Electronics,154,C007,61902,1
O04200,2018,2,11,pre_covid,P006,Office Chair (Ergonomic),Home & Kitchen,153,C007,9566,6
O05896,2018,2,11,pre_covid,P012,Festive Sarees,Fashion,1415,C009,6753,14
O00206,2018,2,12,pre_covid,P010,Men's Formal Shirts,Fashion,2611,C017,2025,19
O05865,2018,2,12,pre_covid,P006,Office Chair (Ergonomic),Home & Kitchen,172,C002,9566,4
O03021,2018,2,13,pre_covid,P013,Hand Sanitizer (Bulk Pack),Groceries & Hygiene,503,C010,1350,5
O04556,2018,2,13,pre_covid,P006,Office Chair (Ergonomic),Home & Kitchen,197,C009,9566,4
O05471,2018,2,13,pre_covid,P014,Packaged Grocery Staples,Groceries & Hygiene,2203,C015,900,2
O01768,2018,2,14,pre_covid,P003,Smartphone,Electronics,50,C018,24761,3
O04933,2018,2,14,pre_covid,P013,Hand Sanitizer (Bulk Pack),Groceries & Hygiene,558,C009,1350,2
O05838,2018,2,14,pre_covid,P010,Men's Formal Shirts,Fashion,220,C018,2025,11
O00577,2018,2,15,pre_covid,P010,Men's Formal Shirts,Fashion,3016,C006,2025,8
O03821,2018,2,15,pre_covid,P015,Drawing Tablet (EdTech),Stationery & EdTech,220,C008,8441,1
O07782,2018,2,16,pre_covid,P002,Webcam & Headset Combo,Electronics,343,C003,5064,4
O02913,2018,2,17,pre_covid,P006,Office Chair (Ergonomic),Home & Kitchen,142,C004,9566,3
O04426,2018,2,17,pre_covid,P002,Webcam & Headset Combo,Electronics,481,C012,5064,4
O00779,2018,2,19,pre_covid,P007,Treadmill,Gym Equipment,5,C009,47271,2
O02503,2018,2,19,pre_covid,P011,Casual Loungewear Set,Fashion,2966,C013,1350,6
O06290,2018,2,19,pre_covid,P002,Webcam & Headset Combo,Electronics,489,C018,5064,3
O07339,2018,2,19,pre_covid,P002,Webcam & Headset Combo,Electronics,242,C001,5064,6
O01688,2018,2,20,pre_covid,P006,Office Chair (Ergonomic),Home & Kitchen,22,C009,9566,3
O02817,2018,2,22,pre_covid,P001,Laptop,Electronics,147,C016,61902,3
O04572,2018,2,22,pre_covid,P015,Drawing Tablet (EdTech),Stationery & EdTech,162,C020,8441,2
O06434,2018,2,22,pre_covid,P009,Yoga Mat,Gym Equipment,1057,C015,1688,2
O03987,2018,2,23,pre_covid,P007,Treadmill,Gym Equipment,26,C015,47271,3
O07090,2018,2,23,pre_covid,P004,Air Purifier,Home & Kitchen,46,C015,13506,4
O01260,2018,2,24,pre_covid,P003,Smartphone,Electronics,184,C011,24761,2
O05278,2018,2,24,pre_covid,P015,Drawing Tablet (EdTech),Stationery & EdTech,127,C004,8441,2
O00072,2018,2,25,pre_covid,P003,Smartphone,Electronics,391,C016,24761,2
O01590,2018,2,25,pre_covid,P014,Packaged Grocery Staples,Groceries & Hygiene,2971,C014,900,6
O04027,2018,2,25,pre_covid,P012,Festive Sarees,Fashion,1101,C007,6753,20
O04902,2018,2,25,pre_covid,P010,Men's Formal Shirts,Fashion,814,C002,2025,16
O00923,2018,2,26,pre_covid,P010,Men's Formal Shirts,Fashion,2812,C012,2025,7
O01109,2018,2,26,pre_covid,P013,Hand Sanitizer (Bulk Pack),Groceries & Hygiene,551,C014,1350,4
O01208,2018,2,26,pre_covid,P006,Office Chair (Ergonomic),Home & Kitchen,173,C008,9566,2
O02464,2018,2,26,pre_covid,P012,Festive Sarees,Fashion,525,C016,6753,17
O02675,2018,2,27,pre_covid,P004,Air Purifier,Home & Kitchen,198,C016,13506,3
O05457,2018,2,27,pre_covid,P005,Microwave Oven,Home & Kitchen,156,C018,10129,5
O05538,2018,2,28,pre_covid,P002,Webcam & Headset Combo,Electronics,552,C018,5064,4
O00225,2018,3,1,pre_covid,P010,Men's Formal Shirts,Fashion,2592,C014,2025,6
O01181,2018,3,1,pre_covid,P015,Drawing Tablet (EdTech),Stationery & EdTech,85,C002,8441,1
O02886,2018,3,1,pre_covid,P010,Men's Formal Shirts,Fashion,1782,C010,2025,15
O02265,2018,3,2,pre_covid,P002,Webcam & Headset Combo,Electronics,270,C004,5064,5
O06368,2018,3,2,pre_covid,P001,Laptop,Electronics,109,C011,61902,1
O07855,2018,3,2,pre_covid,P010,Men's Formal Shirts,Fashion,823,C004,2025,10
O05038,2018,3,6,pre_covid,P002,Webcam & Headset Combo,Electronics,600,C007,5064,2
O06307,2018,3,6,pre_covid,P009,Yoga Mat,Gym Equipment,1177,C010,1688,4
O07112,2018,3,6,pre_covid,P007,Treadmill,Gym Equipment,13,C014,47271,2
O01567,2018,3,7,pre_covid,P001,Laptop,Electronics,79,C012,61902,1
O06926,2018,3,7,pre_covid,P006,Office Chair (Ergonomic),Home & Kitchen,80,C019,9566,2
O07266,2018,3,8,pre_covid,P014,Packaged Grocery Staples,Groceries & Hygiene,1429,C010,900,2
O01624,2018,3,9,pre_covid,P011,Casual Loungewear Set,Fashion,3224,C017,1350,1
O03263,2018,3,9,pre_covid,P009,Yoga Mat,Gym Equipment,1195,C007,1688,3
O07482,2018,3,9,pre_covid,P011,Casual Loungewear Set,Fashion,405,C018,1350,3
O02039,2018,3,11,pre_covid,P015,Drawing Tablet (EdTech),Stationery & EdTech,290,C015,8441,6
O04321,2018,3,11,pre_covid,P006,Office Chair (Ergonomic),Home & Kitchen,62,C006,9566,1
O07038,2018,3,11,pre_covid,P002,Webcam & Headset Combo,Electronics,543,C005,5064,6
O07295,2018,3,11,pre_covid,P012,Festive Sarees,Fashion,534,C013,6753,14
O02667,2018,3,12,pre_covid,P010,Men's Formal Shirts,Fashion,1870,C009,2025,11
O02459,2018,3,13,pre_covid,P013,Hand Sanitizer (Bulk Pack),Groceries & Hygiene,1204,C015,1350,5
O05636,2018,3,13,pre_covid,P004,Air Purifier,Home & Kitchen,57,C006,13506,1
O03844,2018,3,14,pre_covid,P012,Festive Sarees,Fashion,1181,C011,6753,12
O00962,2018,3,15,pre_covid,P004,Air Purifier,Home & Kitchen,62,C009,13506,5
O02303,2018,3,15,pre_covid,P004,Air Purifier,Home & Kitchen,295,C011,13506,1
O05332,2018,3,15,pre_covid,P006,Office Chair (Ergonomic),Home & Kitchen,76,C007,9566,1
O02756,2018,3,16,pre_covid,P001,Laptop,Electronics,28,C015,61902,1
O03150,2018,3,16,pre_covid,P005,Microwave Oven,Home & Kitchen,202,C008,10129,1
O04997,2018,3,16,pre_covid,P013,Hand Sanitizer (Bulk Pack),Groceries & Hygiene,551,C004,1350,3
O05893,2018,3,16,pre_covid,P015,Drawing Tablet (EdTech),Stationery & EdTech,267,C018,8441,6
O02849,2018,3,18,pre_covid,P008,Resistance Bands & Dumbbell Set,Gym Equipment,258,C011,3939,1
O00862,2018,3,19,pre_covid,P006,Office Chair (Ergonomic),Home & Kitchen,70,C006,9566,1
O02934,2018,3,20,pre_covid,P005,Microwave Oven,Home & Kitchen,98,C001,10129,2
O03997,2018,3,20,pre_covid,P014,Packaged Grocery Staples,Groceries & Hygiene,2353,C015,900,5
O04492,2018,3,20,pre_covid,P003,Smartphone,Electronics,269,C009,24761,3
O02520,2018,3,21,pre_covid,P005,Microwave Oven,Home & Kitchen,108,C020,10129,3
O06766,2018,3,21,pre_covid,P008,Resistance Bands & Dumbbell Set,Gym Equipment,456,C008,3939,6
O02395,2018,3,22,pre_covid,P010,Men's Formal Shirts,Fashion,2036,C013,2025,8
O04646,2018,3,22,pre_covid,P014,Packaged Grocery Staples,Groceries & Hygiene,2604,C003,900,5
O04754,2018,3,22,pre_covid,P013,Hand Sanitizer (Bulk Pack),Groceries & Hygiene,694,C001,1350,2
O05794,2018,3,22,pre_covid,P001,Laptop,Electronics,44,C012,61902,1
O00015,2018,3,23,pre_covid,P012,Festive Sarees,Fashion,1694,C005,6753,10
O02634,2018,3,24,pre_covid,P009,Yoga Mat,Gym Equipment,1455,C012,1688,5
O07013,2018,3,24,pre_covid,P013,Hand Sanitizer (Bulk Pack),Groceries & Hygiene,526,C009,1350,3
O01880,2018,3,26,pre_covid,P015,Drawing Tablet (EdTech),Stationery & EdTech,101,C012,8441,1
O02873,2018,3,26,pre_covid,P007,Treadmill,Gym Equipment,43,C011,47271,1
O03531,2018,3,26,pre_covid,P008,Resistance Bands & Dumbbell Set,Gym Equipment,868,C019,3939,1
O06370,2018,3,26,pre_covid,P007,Treadmill,Gym Equipment,34,C019,47271,3
O05168,2018,3,27,pre_covid,P010,Men's Formal Shirts,Fashion,585,C018,2025,17
O00059,2018,3,30,pre_covid,P009,Yoga Mat,Gym Equipment,1856,C005,1688,2
O01693,2018,3,31,pre_covid,P009,Yoga Mat,Gym Equipment,930,C009,1688,6
O04395,2018,3,31,pre_covid,P011,Casual Loungewear Set,Fashion,1823,C007,1350,2
O06804,2018,3,31,pre_covid,P015,Drawing Tablet (EdTech),Stationery & EdTech,127,C016,8441,2
O01942,2018,4,1,pre_covid,P012,Festive Sarees,Fashion,827,C020,6753,5
O03992,2018,4,1,pre_covid,P011,Casual Loungewear Set,Fashion,2053,C005,1350,1
O04614,2018,4,1,pre_covid,P014,Packaged Grocery Staples,Groceries & Hygiene,2623,C020,900,4
O06466,2018,4,1,pre_covid,P009,Yoga Mat,Gym Equipment,1030,C004,1688,5
O07434,2018,4,2,pre_covid,P015,Drawing Tablet (EdTech),Stationery & EdTech,252,C012,8441,2
O00941,2018,4,3,pre_covid,P011,Casual Loungewear Set,Fashion,3143,C006,1350,5
O01092,2018,4,3,pre_covid,P003,Smartphone,Electronics,227,C019,24761,3
O06768,2018,4,3,pre_covid,P014,Packaged Grocery Staples,Groceries & Hygiene,1571,C013,900,5
O00239,2018,4,4,pre_covid,P007,Treadmill,Gym Equipment,18,C012,47271,2
O03447,2018,4,4,pre_covid,P002,Webcam & Headset Combo,Electronics,208,C009,5064,4
O03532,2018,4,4,pre_covid,P009,Yoga Mat,Gym Equipment,1010,C010,1688,1
O05920,2018,4,4,pre_covid,P009,Yoga Mat,Gym Equipment,162,C010,1688,3
O01226,2018,4,5,pre_covid,P014,Packaged Grocery Staples,Groceries & Hygiene,2739,C002,900,1
O02150,2018,4,5,pre_covid,P009,Yoga Mat,Gym Equipment,328,C001,1688,2
O04153,2018,4,5,pre_covid,P012,Festive Sarees,Fashion,1041,C009,6753,6
O07092,2018,4,5,pre_covid,P001,Laptop,Electronics,74,C014,61902,3
O00022,2018,4,6,pre_covid,P008,Resistance Bands & Dumbbell Set,Gym Equipment,1046,C002,3939,2
O00247,2018,4,6,pre_covid,P009,Yoga Mat,Gym Equipment,2451,C009,1688,1
O00631,2018,4,6,pre_covid,P011,Casual Loungewear Set,Fashion,3305,C004,1350,3
O02153,2018,4,6,pre_covid,P012,Festive Sarees,Fashion,697,C017,6753,5
O03076,2018,4,6,pre_covid,P005,Microwave Oven,Home & Kitchen,267,C020,10129,5
O03271,2018,4,6,pre_covid,P012,Festive Sarees,Fashion,1436,C015,6753,1
O05264,2018,4,6,pre_covid,P005,Microwave Oven,Home & Kitchen,97,C008,10129,1
O07333,2018,4,6,pre_covid,P006,Office Chair (Ergonomic),Home & Kitchen,14,C010,9566,4
O02582,2018,4,7,pre_covid,P008,Resistance Bands & Dumbbell Set,Gym Equipment,495,C005,3939,2
O03059,2018,4,7,pre_covid,P004,Air Purifier,Home & Kitchen,85,C014,13506,6
O06162,2018,4,7,pre_covid,P015,Drawing Tablet (EdTech),Stationery & EdTech,73,C010,8441,1
O06677,2018,4,7,pre_covid,P003,Smartphone,Electronics,135,C010,24761,1
O03070,2018,4,8,pre_covid,P014,Packaged Grocery Staples,Groceries & Hygiene,2648,C013,900,2
O07379,2018,4,8,pre_covid,P004,Air Purifier,Home & Kitchen,276,C012,13506,2
O03716,2018,4,9,pre_covid,P004,Air Purifier,Home & Kitchen,248,C016,13506,4
O06464,2018,4,9,pre_covid,P006,Office Chair (Ergonomic),Home & Kitchen,193,C020,9566,6
O02052,2018,4,10,pre_covid,P010,Men's Formal Shirts,Fashion,2258,C019,2025,2
O00207,2018,4,11,pre_covid,P005,Microwave Oven,Home & Kitchen,176,C001,10129,6
O00501,2018,4,11,pre_covid,P003,Smartphone,Electronics,322,C004,24761,2
O06668,2018,4,11,pre_covid,P014,Packaged Grocery Staples,Groceries & Hygiene,1645,C010,900,4
O06921,2018,4,11,pre_covid,P006,Office Chair (Ergonomic),Home & Kitchen,85,C006,9566,5
O01526,2018,4,12,pre_covid,P014,Packaged Grocery Staples,Groceries & Hygiene,3022,C004,900,4
O03986,2018,4,12,pre_covid,P008,Resistance Bands & Dumbbell Set,Gym Equipment,476,C006,3939,6
O00226,2018,4,13,pre_covid,P007,Treadmill,Gym Equipment,24,C007,47271,3
O00838,2018,4,13,pre_covid,P004,Air Purifier,Home & Kitchen,63,C005,13506,5
O05032,2018,4,13,pre_covid,P003,Smartphone,Electronics,130,C002,24761,2
O05994,2018,4,15,pre_covid,P003,Smartphone,Electronics,310,C009,24761,1
O06244,2018,4,15,pre_covid,P014,Packaged Grocery Staples,Groceries & Hygiene,1865,C010,900,5
O00596,2018,4,17,pre_covid,P014,Packaged Grocery Staples,Groceries & Hygiene,3060,C009,900,4
O02371,2018,4,17,pre_covid,P012,Festive Sarees,Fashion,594,C016,6753,3
O02734,2018,4,17,pre_covid,P005,Microwave Oven,Home & Kitchen,253,C014,10129,6
O03148,2018,4,17,pre_covid,P010,Men's Formal Shirts,Fashion,1658,C010,2025,5
O04190,2018,4,17,pre_covid,P015,Drawing Tablet (EdTech),Stationery & EdTech,176,C016,8441,4
O00366,2018,4,18,pre_covid,P003,Smartphone,Electronics,356,C019,24761,2
O06859,2018,4,18,pre_covid,P009,Yoga Mat,Gym Equipment,724,C004,1688,6
O07455,2018,4,18,pre_covid,P009,Yoga Mat,Gym Equipment,128,C018,1688,1
O01383,2018,4,19,pre_covid,P003,Smartphone,Electronics,146,C005,24761,3
O06776,2018,4,19,pre_covid,P002,Webcam & Headset Combo,Electronics,208,C017,5064,1
O03349,2018,4,20,pre_covid,P015,Drawing Tablet (EdTech),Stationery & EdTech,206,C004,8441,1
O07255,2018,4,20,pre_covid,P001,Laptop,Electronics,33,C003,61902,2
O02719,2018,4,21,pre_covid,P009,Yoga Mat,Gym Equipment,1371,C004,1688,1
O06588,2018,4,21,pre_covid,P015,Drawing Tablet (EdTech),Stationery & EdTech,60,C019,8441,1
O02788,2018,4,22,pre_covid,P002,Webcam & Headset Combo,Electronics,341,C007,5064,1
O07710,2018,4,22,pre_covid,P013,Hand Sanitizer (Bulk Pack),Groceries & Hygiene,1678,C004,1350,3
O03867,2018,4,23,pre_covid,P011,Casual Loungewear Set,Fashion,2113,C012,1350,6
O04825,2018,4,23,pre_covid,P012,Festive Sarees,Fashion,671,C010,6753,2
O05890,2018,4,24,pre_covid,P005,Microwave Oven,Home & Kitchen,234,C017,10129,2
O06246,2018,4,25,pre_covid,P011,Casual Loungewear Set,Fashion,1036,C013,1350,4
O00256,2018,4,26,pre_covid,P004,Air Purifier,Home & Kitchen,224,C010,13506,2
O04079,2018,4,26,pre_covid,P002,Webcam & Headset Combo,Electronics,390,C020,5064,2
O01268,2018,4,27,pre_covid,P013,Hand Sanitizer (Bulk Pack),Groceries & Hygiene,392,C003,1350,2
O01409,2018,4,27,pre_covid,P011,Casual Loungewear Set,Fashion,2789,C019,1350,5
O05723,2018,4,27,pre_covid,P013,Hand Sanitizer (Bulk Pack),Groceries & Hygiene,1796,C003,1350,2
O03525,2018,4,28,pre_covid,P001,Laptop,Electronics,62,C003,61902,1
O00398,2018,4,29,pre_covid,P006,Office Chair (Ergonomic),Home & Kitchen,107,C002,9566,3
O00555,2018,4,29,pre_covid,P006,Office Chair (Ergonomic),Home & Kitchen,18,C008,9566,6
O01070,2018,4,29,pre_covid,P007,Treadmill,Gym Equipment,71,C018,47271,3
O06760,2018,4,29,pre_covid,P005,Microwave Oven,Home & Kitchen,155,C009,10129,5
O03206,2018,4,30,pre_covid,P009,Yoga Mat,Gym Equipment,1043,C014,1688,3
O05754,2018,4,30,pre_covid,P010,Men's Formal Shirts,Fashion,311,C020,2025,6
O05778,2018,5,2,pre_covid,P012,Festive Sarees,Fashion,89,C020,6753,5
O04980,2018,5,3,pre_covid,P012,Festive Sarees,Fashion,584,C007,6753,2
O06711,2018,5,3,pre_covid,P008,Resistance Bands & Dumbbell Set,Gym Equipment,521,C003,3939,5
O07626,2018,5,4,pre_covid,P004,Air Purifier,Home & Kitchen,254,C020,13506,1
O07860,2018,5,5,pre_covid,P011,Casual Loungewear Set,Fashion,228,C009,1350,5
O02671,2018,5,6,pre_covid,P006,Office Chair (Ergonomic),Home & Kitchen,35,C004,9566,3
O00960,2018,5,7,pre_covid,P002,Webcam & Headset Combo,Electronics,440,C007,5064,1
O07906,2018,5,7,pre_covid,P014,Packaged Grocery Staples,Groceries & Hygiene,969,C016,900,5
O00353,2018,5,8,pre_covid,P011,Casual Loungewear Set,Fashion,3407,C016,1350,4
O03107,2018,5,8,pre_covid,P005,Microwave Oven,Home & Kitchen,240,C010,10129,18
O04889,2018,5,8,pre_covid,P006,Office Chair (Ergonomic),Home & Kitchen,111,C006,9566,6
O07539,2018,5,8,pre_covid,P012,Festive Sarees,Fashion,340,C002,6753,4
O07801,2018,5,8,pre_covid,P001,Laptop,Electronics,32,C020,61902,1
O02364,2018,5,9,pre_covid,P010,Men's Formal Shirts,Fashion,2049,C018,2025,2
O04658,2018,5,9,pre_covid,P013,Hand Sanitizer (Bulk Pack),Groceries & Hygiene,724,C012,1350,4
O06023,2018,5,9,pre_covid,P005,Microwave Oven,Home & Kitchen,155,C005,10129,14
O06639,2018,5,9,pre_covid,P008,Resistance Bands & Dumbbell Set,Gym Equipment,646,C006,3939,2
O05967,2018,5,10,pre_covid,P008,Resistance Bands & Dumbbell Set,Gym Equipment,1111,C012,3939,6
O03188,2018,5,11,pre_covid,P005,Microwave Oven,Home & Kitchen,201,C001,10129,10
O03601,2018,5,11,pre_covid,P015,Drawing Tablet (EdTech),Stationery & EdTech,297,C019,8441,2
O01209,2018,5,12,pre_covid,P013,Hand Sanitizer (Bulk Pack),Groceries & Hygiene,483,C002,1350,4
O01482,2018,5,12,pre_covid,P003,Smartphone,Electronics,111,C011,24761,2
O01524,2018,5,12,pre_covid,P005,Microwave Oven,Home & Kitchen,314,C012,10129,19
O06386,2018,5,12,pre_covid,P007,Treadmill,Gym Equipment,30,C004,47271,2
O04274,2018,5,13,pre_covid,P005,Microwave Oven,Home & Kitchen,252,C019,10129,19
O00700,2018,5,15,pre_covid,P001,Laptop,Electronics,116,C007,61902,3
O03230,2018,5,15,pre_covid,P003,Smartphone,Electronics,150,C009,24761,1
O03777,2018,5,15,pre_covid,P015,Drawing Tablet (EdTech),Stationery & EdTech,227,C012,8441,2
O05923,2018,5,15,pre_covid,P002,Webcam & Headset Combo,Electronics,238,C012,5064,4
O00803,2018,5,16,pre_covid,P005,Microwave Oven,Home & Kitchen,44,C015,10129,10
O02441,2018,5,16,pre_covid,P003,Smartphone,Electronics,328,C001,24761,1
O02584,2018,5,16,pre_covid,P015,Drawing Tablet (EdTech),Stationery & EdTech,228,C004,8441,4
O02808,2018,5,16,pre_covid,P006,Office Chair (Ergonomic),Home & Kitchen,192,C008,9566,3
O05189,2018,5,16,pre_covid,P001,Laptop,Electronics,10,C010,61902,1
O01826,2018,5,17,pre_covid,P015,Drawing Tablet (EdTech),Stationery & EdTech,178,C006,8441,5
O03949,2018,5,17,pre_covid,P009,Yoga Mat,Gym Equipment,596,C018,1688,2
O00444,2018,5,18,pre_covid,P010,Men's Formal Shirts,Fashion,3090,C011,2025,1
O02694,2018,5,18,pre_covid,P014,Packaged Grocery Staples,Groceries & Hygiene,2854,C012,900,1
O00627,2018,5,19,pre_covid,P002,Webcam & Headset Combo,Electronics,145,C008,5064,1
O02945,2018,5,19,pre_covid,P003,Smartphone,Electronics,228,C015,24761,1
O06955,2018,5,20,pre_covid,P014,Packaged Grocery Staples,Groceries & Hygiene,1538,C007,900,5
O05681,2018,5,21,pre_covid,P010,Men's Formal Shirts,Fashion,340,C001,2025,3
O06765,2018,5,21,pre_covid,P015,Drawing Tablet (EdTech),Stationery & EdTech,163,C007,8441,6
O00614,2018,5,22,pre_covid,P004,Air Purifier,Home & Kitchen,120,C005,13506,1
O00976,2018,5,23,pre_covid,P005,Microwave Oven,Home & Kitchen,248,C018,10129,11
O03514,2018,5,23,pre_covid,P005,Microwave Oven,Home & Kitchen,297,C018,10129,12
O00105,2018,5,24,pre_covid,P008,Resistance Bands & Dumbbell Set,Gym Equipment,1180,C006,3939,1
O00761,2018,5,24,pre_covid,P005,Microwave Oven,Home & Kitchen,54,C019,10129,5
O02007,2018,5,24,pre_covid,P005,Microwave Oven,Home & Kitchen,26,C007,10129,11
O03033,2018,5,24,pre_covid,P015,Drawing Tablet (EdTech),Stationery & EdTech,221,C009,8441,2
O07324,2018,5,24,pre_covid,P010,Men's Formal Shirts,Fashion,1193,C020,2025,1
O07552,2018,5,24,pre_covid,P001,Laptop,Electronics,108,C006,61902,3
O02559,2018,5,25,pre_covid,P009,Yoga Mat,Gym Equipment,71,C004,1688,5
O04381,2018,5,25,pre_covid,P005,Microwave Oven,Home & Kitchen,131,C011,10129,10
O06037,2018,5,25,pre_covid,P009,Yoga Mat,Gym Equipment,1436,C014,1688,1
O01602,2018,5,26,pre_covid,P002,Webcam & Headset Combo,Electronics,500,C015,5064,6
O02455,2018,5,26,pre_covid,P013,Hand Sanitizer (Bulk Pack),Groceries & Hygiene,1210,C018,1350,6
O02984,2018,5,26,pre_covid,P006,Office Chair (Ergonomic),Home & Kitchen,124,C011,9566,3
O06689,2018,5,27,pre_covid,P003,Smartphone,Electronics,134,C005,24761,1
O06867,2018,5,27,pre_covid,P012,Festive Sarees,Fashion,764,C020,6753,3
O03448,2018,5,28,pre_covid,P008,Resistance Bands & Dumbbell Set,Gym Equipment,939,C004,3939,2
O05922,2018,5,28,pre_covid,P010,Men's Formal Shirts,Fashion,178,C016,2025,4
O04597,2018,5,29,pre_covid,P010,Men's Formal Shirts,Fashion,984,C016,2025,2
O05590,2018,5,29,pre_covid,P009,Yoga Mat,Gym Equipment,468,C020,1688,6
O02333,2018,5,31,pre_covid,P009,Yoga Mat,Gym Equipment,117,C004,1688,3
O03117,2018,5,31,pre_covid,P006,Office Chair (Ergonomic),Home & Kitchen,10,C019,9566,5
O02555,2018,6,1,pre_covid,P004,Air Purifier,Home & Kitchen,233,C003,13506,2
O07700,2018,6,1,pre_covid,P014,Packaged Grocery Staples,Groceries & Hygiene,1131,C013,900,1
O02835,2018,6,2,pre_covid,P001,Laptop,Electronics,129,C009,61902,2
O04263,2018,6,2,pre_covid,P009,Yoga Mat,Gym Equipment,227,C004,1688,1
O03495,2018,6,3,pre_covid,P002,Webcam & Headset Combo,Electronics,181,C020,5064,1
O05474,2018,6,3,pre_covid,P012,Festive Sarees,Fashion,262,C016,6753,3
O00127,2018,6,4,pre_covid,P004,Air Purifier,Home & Kitchen,250,C016,13506,5
O01322,2018,6,4,pre_covid,P015,Drawing Tablet (EdTech),Stationery & EdTech,261,C018,8441,2
O06172,2018,6,4,pre_covid,P010,Men's Formal Shirts,Fashion,1889,C016,2025,3
O02775,2018,6,5,pre_covid,P015,Drawing Tablet (EdTech),Stationery & EdTech,65,C010,8441,1
O01748,2018,6,6,pre_covid,P004,Air Purifier,Home & Kitchen,158,C009,13506,5
O06298,2018,6,7,pre_covid,P009,Yoga Mat,Gym Equipment,1189,C009,1688,2
O01072,2018,6,8,pre_covid,P014,Packaged Grocery Staples,Groceries & Hygiene,2883,C012,900,4
O01845,2018,6,8,pre_covid,P015,Drawing Tablet (EdTech),Stationery & EdTech,157,C015,8441,2
O02015,2018,6,8,pre_covid,P013,Hand Sanitizer (Bulk Pack),Groceries & Hygiene,1717,C014,1350,3
O03555,2018,6,8,pre_covid,P012,Festive Sarees,Fashion,1226,C001,6753,3
O03106,2018,6,9,pre_covid,P008,Resistance Bands & Dumbbell Set,Gym Equipment,1179,C019,3939,6
O05602,2018,6,9,pre_covid,P002,Webcam & Headset Combo,Electronics,499,C004,5064,3
O05727,2018,6,9,pre_covid,P013,Hand Sanitizer (Bulk Pack),Groceries & Hygiene,1794,C010,1350,6
O06649,2018,6,9,pre_covid,P013,Hand Sanitizer (Bulk Pack),Groceries & Hygiene,736,C004,1350,5
O06666,2018,6,9,pre_covid,P014,Packaged Grocery Staples,Groceries & Hygiene,1648,C001,900,3
O00757,2018,6,10,pre_covid,P002,Webcam & Headset Combo,Electronics,580,C002,5064,2
O02259,2018,6,10,pre_covid,P002,Webcam & Headset Combo,Electronics,272,C009,5064,2
O02954,2018,6,10,pre_covid,P004,Air Purifier,Home & Kitchen,93,C015,13506,1
O04831,2018,6,10,pre_covid,P002,Webcam & Headset Combo,Electronics,112,C020,5064,4
O07757,2018,6,10,pre_covid,P001,Laptop,Electronics,41,C017,61902,2
O07964,2018,6,11,pre_covid,P015,Drawing Tablet (EdTech),Stationery & EdTech,209,C006,8441,4
O06637,2018,6,12,pre_covid,P012,Festive Sarees,Fashion,893,C010,6753,4
O00091,2018,6,13,pre_covid,P005,Microwave Oven,Home & Kitchen,288,C001,10129,12
O01665,2018,6,13,pre_covid,P007,Treadmill,Gym Equipment,37,C005,47271,1
O03088,2018,6,13,pre_covid,P013,Hand Sanitizer (Bulk Pack),Groceries & Hygiene,448,C011,1350,5
O06155,2018,6,13,pre_covid,P005,Microwave Oven,Home & Kitchen,138,C018,10129,14
O06899,2018,6,13,pre_covid,P012,Festive Sarees,Fashion,755,C011,6753,1
O07463,2018,6,13,pre_covid,P015,Drawing Tablet (EdTech),Stationery & EdTech,250,C014,8441,4
O00378,2018,6,15,pre_covid,P014,Packaged Grocery Staples,Groceries & Hygiene,3126,C020,900,4
O00505,2018,6,15,pre_covid,P006,Office Chair (Ergonomic),Home & Kitchen,54,C001,9566,1
O07109,2018,6,15,pre_covid,P005,Microwave Oven,Home & Kitchen,197,C015,10129,14
O00020,2018,6,16,pre_covid,P008,Resistance Bands & Dumbbell Set,Gym Equipment,1052,C010,3939,6
O02939,2018,6,16,pre_covid,P011,Casual Loungewear Set,Fashion,2666,C007,1350,6
O01496,2018,6,17,pre_covid,P009,Yoga Mat,Gym Equipment,1071,C005,1688,3
O02894,2018,6,17,pre_covid,P005,Microwave Oven,Home & Kitchen,138,C002,10129,19
O05066,2018,6,17,pre_covid,P010,Men's Formal Shirts,Fashion,667,C011,2025,4
O07325,2018,6,17,pre_covid,P006,Office Chair (Ergonomic),Home & Kitchen,17,C017,9566,3
O02324,2018,6,18,pre_covid,P014,Packaged Grocery Staples,Groceries & Hygiene,2990,C005,900,4
O03478,2018,6,18,pre_covid,P015,Drawing Tablet (EdTech),Stationery & EdTech,110,C015,8441,3
O03272,2018,6,19,pre_covid,P014,Packaged Grocery Staples,Groceries & Hygiene,2579,C017,900,4
O04184,2018,6,19,pre_covid,P001,Laptop,Electronics,75,C011,61902,3
O05154,2018,6,19,pre_covid,P005,Microwave Oven,Home & Kitchen,159,C018,10129,11
O06397,2018,6,19,pre_covid,P014,Packaged Grocery Staples,Groceries & Hygiene,1810,C002,900,5
O06598,2018,6,19,pre_covid,P005,Microwave Oven,Home & Kitchen,256,C014,10129,19
O01454,2018,6,21,pre_covid,P014,Packaged Grocery Staples,Groceries & Hygiene,2652,C002,900,6
O04837,2018,6,21,pre_covid,P011,Casual Loungewear Set,Fashion,1632,C004,1350,3
O02672,2018,6,22,pre_covid,P015,Drawing Tablet (EdTech),Stationery & EdTech,153,C010,8441,3
O06905,2018,6,22,pre_covid,P008,Resistance Bands & Dumbbell Set,Gym Equipment,274,C017,3939,2
O03189,2018,6,23,pre_covid,P015,Drawing Tablet (EdTech),Stationery & EdTech,77,C010,8441,4
O07268,2018,6,23,pre_covid,P004,Air Purifier,Home & Kitchen,11,C001,13506,5
O00698,2018,6,24,pre_covid,P008,Resistance Bands & Dumbbell Set,Gym Equipment,864,C003,3939,4
O04093,2018,6,24,pre_covid,P001,Laptop,Electronics,95,C004,61902,2
O04916,2018,6,24,pre_covid,P011,Casual Loungewear Set,Fashion,1551,C010,1350,1
O07376,2018,6,24,pre_covid,P015,Drawing Tablet (EdTech),Stationery & EdTech,300,C008,8441,3
O06922,2018,6,25,pre_covid,P001,Laptop,Electronics,108,C015,61902,1
O07017,2018,6,25,pre_covid,P003,Smartphone,Electronics,65,C018,24761,1
O01509,2018,6,26,pre_covid,P002,Webcam & Headset Combo,Electronics,529,C006,5064,4
O03268,2018,6,26,pre_covid,P001,Laptop,Electronics,29,C009,61902,2
O03780,2018,6,26,pre_covid,P009,Yoga Mat,Gym Equipment,797,C014,1688,5
O05387,2018,6,26,pre_covid,P014,Packaged Grocery Staples,Groceries & Hygiene,2243,C005,900,1
O05680,2018,6,26,pre_covid,P015,Drawing Tablet (EdTech),Stationery & EdTech,187,C015,8441,3
O03135,2018,6,27,pre_covid,P014,Packaged Grocery Staples,Groceries & Hygiene,2606,C019,900,2
O02014,2018,6,28,pre_covid,P014,Packaged Grocery Staples,Groceries & Hygiene,3081,C013,900,3
O07904,2018,6,28,pre_covid,P004,Air Purifier,Home & Kitchen,179,C018,13506,3
O02947,2018,6,29,pre_covid,P014,Packaged Grocery Staples,Groceries & Hygiene,2718,C016,900,5
O02994,2018,6,29,pre_covid,P002,Webcam & Headset Combo,Electronics,113,C013,5064,5
O03750,2018,6,29,pre_covid,P013,Hand Sanitizer (Bulk Pack),Groceries & Hygiene,1690,C006,1350,6
O01415,2018,6,30,pre_covid,P009,Yoga Mat,Gym Equipment,1123,C011,1688,1
O06810,2018,6,30,pre_covid,P012,Festive Sarees,Fashion,834,C019,6753,5
O06959,2018,6,30,pre_covid,P014,Packaged Grocery Staples,Groceries & Hygiene,1533,C005,900,5
O00241,2018,7,2,pre_covid,P013,Hand Sanitizer (Bulk Pack),Groceries & Hygiene,1360,C011,1350,6
O00580,2018,7,2,pre_covid,P008,Resistance Bands & Dumbbell Set,Gym Equipment,803,C007,3939,3
O02909,2018,7,3,pre_covid,P015,Drawing Tablet (EdTech),Stationery & EdTech,298,C016,8441,15
O03469,2018,7,3,pre_covid,P011,Casual Loungewear Set,Fashion,2370,C013,1350,6
O03873,2018,7,3,pre_covid,P013,Hand Sanitizer (Bulk Pack),Groceries & Hygiene,1621,C010,1350,1
O05705,2018,7,3,pre_covid,P014,Packaged Grocery Staples,Groceries & Hygiene,2106,C008,900,4
O06473,2018,7,3,pre_covid,P015,Drawing Tablet (EdTech),Stationery & EdTech,103,C009,8441,7
O07264,2018,7,3,pre_covid,P005,Microwave Oven,Home & Kitchen,139,C014,10129,16
O02220,2018,7,4,pre_covid,P001,Laptop,Electronics,120,C001,61902,4
O07905,2018,7,4,pre_covid,P007,Treadmill,Gym Equipment,27,C004,47271,3
O00150,2018,7,5,pre_covid,P012,Festive Sarees,Fashion,1830,C006,6753,1
O01246,2018,7,5,pre_covid,P015,Drawing Tablet (EdTech),Stationery & EdTech,13,C001,8441,7
O04657,2018,7,5,pre_covid,P007,Treadmill,Gym Equipment,80,C015,47271,2
O01451,2018,7,7,pre_covid,P002,Webcam & Headset Combo,Electronics,596,C020,5064,2
O01765,2018,7,8,pre_covid,P008,Resistance Bands & Dumbbell Set,Gym Equipment,1218,C020,3939,3
O04535,2018,7,8,pre_covid,P001,Laptop,Electronics,100,C019,61902,6
O05331,2018,7,8,pre_covid,P006,Office Chair (Ergonomic),Home & Kitchen,80,C004,9566,4
O06779,2018,7,8,pre_covid,P015,Drawing Tablet (EdTech),Stationery & EdTech,149,C001,8441,15
O07716,2018,7,8,pre_covid,P008,Resistance Bands & Dumbbell Set,Gym Equipment,709,C012,3939,5
O06219,2018,7,9,pre_covid,P015,Drawing Tablet (EdTech),Stationery & EdTech,23,C010,8441,16
O00377,2018,7,10,pre_covid,P002,Webcam & Headset Combo,Electronics,388,C020,5064,6
O02022,2018,7,10,pre_covid,P005,Microwave Oven,Home & Kitchen,13,C017,10129,6
O02342,2018,7,10,pre_covid,P011,Casual Loungewear Set,Fashion,3028,C019,1350,5
O05065,2018,7,10,pre_covid,P015,Drawing Tablet (EdTech),Stationery & EdTech,300,C001,8441,8
O02874,2018,7,11,pre_covid,P014,Packaged Grocery Staples,Groceries & Hygiene,2787,C015,900,5
O03534,2018,7,11,pre_covid,P010,Men's Formal Shirts,Fashion,1446,C002,2025,2
O01839,2018,7,12,pre_covid,P009,Yoga Mat,Gym Equipment,827,C004,1688,4
O02605,2018,7,12,pre_covid,P002,Webcam & Headset Combo,Electronics,461,C014,5064,4
O04281,2018,7,12,pre_covid,P014,Packaged Grocery Staples,Groceries & Hygiene,2210,C009,900,3
O04359,2018,7,12,pre_covid,P005,Microwave Oven,Home & Kitchen,175,C002,10129,18
O06249,2018,7,13,pre_covid,P002,Webcam & Headset Combo,Electronics,533,C003,5064,4
O07836,2018,7,13,pre_covid,P014,Packaged Grocery Staples,Groceries & Hygiene,1061,C018,900,1
O03108,2018,7,14,pre_covid,P008,Resistance Bands & Dumbbell Set,Gym Equipment,1173,C010,3939,1
O07986,2018,7,14,pre_covid,P005,Microwave Oven,Home & Kitchen,174,C018,10129,11
O02805,2018,7,15,pre_covid,P002,Webcam & Headset Combo,Electronics,322,C009,5064,6
O02957,2018,7,15,pre_covid,P005,Microwave Oven,Home & Kitchen,96,C010,10129,15
O06077,2018,7,15,pre_covid,P015,Drawing Tablet (EdTech),Stationery & EdTech,130,C004,8441,11
O06603,2018,7,15,pre_covid,P015,Drawing Tablet (EdTech),Stationery & EdTech,59,C003,8441,5
O07205,2018,7,15,pre_covid,P009,Yoga Mat,Gym Equipment,380,C011,1688,2
O07873,2018,7,15,pre_covid,P004,Air Purifier,Home & Kitchen,184,C002,13506,3
O01412,2018,7,16,pre_covid,P007,Treadmill,Gym Equipment,45,C006,47271,2
O03172,2018,7,16,pre_covid,P011,Casual Loungewear Set,Fashion,2532,C008,1350,1
O05901,2018,7,16,pre_covid,P015,Drawing Tablet (EdTech),Stationery & EdTech,261,C005,8441,6
O06708,2018,7,16,pre_covid,P009,Yoga Mat,Gym Equipment,844,C001,1688,3
O07513,2018,7,16,pre_covid,P004,Air Purifier,Home & Kitchen,259,C012,13506,1
O07704,2018,7,16,pre_covid,P005,Microwave Oven,Home & Kitchen,59,C018,10129,5
O07803,2018,7,16,pre_covid,P012,Festive Sarees,Fashion,169,C020,6753,4
O03475,2018,7,17,pre_covid,P007,Treadmill,Gym Equipment,57,C014,47271,3
O07685,2018,7,17,pre_covid,P013,Hand Sanitizer (Bulk Pack),Groceries & Hygiene,1697,C016,1350,2
O04462,2018,7,18,pre_covid,P005,Microwave Oven,Home & Kitchen,93,C009,10129,16
O07587,2018,7,18,pre_covid,P007,Treadmill,Gym Equipment,32,C014,47271,1
O00931,2018,7,19,pre_covid,P003,Smartphone,Electronics,215,C017,24761,1
O01569,2018,7,19,pre_covid,P015,Drawing Tablet (EdTech),Stationery & EdTech,132,C013,8441,20
O01837,2018,7,19,pre_covid,P015,Drawing Tablet (EdTech),Stationery & EdTech,173,C010,8441,16
O02134,2018,7,19,pre_covid,P011,Casual Loungewear Set,Fashion,3045,C001,1350,2
O02562,2018,7,19,pre_covid,P002,Webcam & Headset Combo,Electronics,470,C016,5064,1
O04235,2018,7,19,pre_covid,P015,Drawing Tablet (EdTech),Stationery & EdTech,172,C015,8441,19
O04862,2018,7,19,pre_covid,P015,Drawing Tablet (EdTech),Stationery & EdTech,153,C015,8441,20
O05172,2018,7,19,pre_covid,P008,Resistance Bands & Dumbbell Set,Gym Equipment,706,C009,3939,3
O01126,2018,7,20,pre_covid,P003,Smartphone,Electronics,222,C011,24761,3
O05428,2018,7,20,pre_covid,P014,Packaged Grocery Staples,Groceries & Hygiene,2215,C010,900,2
O05897,2018,7,21,pre_covid,P013,Hand Sanitizer (Bulk Pack),Groceries & Hygiene,1632,C016,1350,1
O03169,2018,7,22,pre_covid,P006,Office Chair (Ergonomic),Home & Kitchen,175,C006,9566,6
O00171,2018,7,24,pre_covid,P003,Smartphone,Electronics,413,C004,24761,2
O00994,2018,7,25,pre_covid,P012,Festive Sarees,Fashion,1406,C016,6753,1
O03170,2018,7,25,pre_covid,P009,Yoga Mat,Gym Equipment,1062,C003,1688,2
O05553,2018,7,25,pre_covid,P003,Smartphone,Electronics,373,C016,24761,2
O00507,2018,7,26,pre_covid,P005,Microwave Oven,Home & Kitchen,78,C014,10129,7
O03287,2018,7,26,pre_covid,P006,Office Chair (Ergonomic),Home & Kitchen,116,C011,9566,2
O03637,2018,7,26,pre_covid,P014,Packaged Grocery Staples,Groceries & Hygiene,2421,C017,900,2
O04947,2018,7,26,pre_covid,P006,Office Chair (Ergonomic),Home & Kitchen,55,C003,9566,1
O05436,2018,7,26,pre_covid,P006,Office Chair (Ergonomic),Home & Kitchen,110,C011,9566,1
O01500,2018,7,27,pre_covid,P001,Laptop,Electronics,112,C016,61902,3
O02242,2018,7,27,pre_covid,P006,Office Chair (Ergonomic),Home & Kitchen,121,C015,9566,2
O02905,2018,7,27,pre_covid,P008,Resistance Bands & Dumbbell Set,Gym Equipment,196,C005,3939,2
O03540,2018,7,27,pre_covid,P015,Drawing Tablet (EdTech),Stationery & EdTech,44,C014,8441,18
O01348,2018,7,28,pre_covid,P002,Webcam & Headset Combo,Electronics,164,C002,5064,6
O01656,2018,7,28,pre_covid,P004,Air Purifier,Home & Kitchen,199,C005,13506,6
O05378,2018,7,28,pre_covid,P013,Hand Sanitizer (Bulk Pack),Groceries & Hygiene,232,C018,1350,6
O03724,2018,7,29,pre_covid,P006,Office Chair (Ergonomic),Home & Kitchen,57,C001,9566,6
O00149,2018,7,30,pre_covid,P003,Smartphone,Electronics,382,C007,24761,3
O02877,2018,7,30,pre_covid,P005,Microwave Oven,Home & Kitchen,146,C020,10129,8
O03864,2018,7,30,pre_covid,P011,Casual Loungewear Set,Fashion,2117,C014,1350,4
O00312,2018,7,31,pre_covid,P009,Yoga Mat,Gym Equipment,2388,C018,1688,4
O04606,2018,8,1,pre_covid,P015,Drawing Tablet (EdTech),Stationery & EdTech,137,C006,8441,5
O03210,2018,8,2,pre_covid,P009,Yoga Mat,Gym Equipment,1040,C016,1688,5
O03421,2018,8,2,pre_covid,P014,Packaged Grocery Staples,Groceries & Hygiene,2549,C016,900,2
O04054,2018,8,4,pre_covid,P004,Air Purifier,Home & Kitchen,131,C016,13506,5
O06450,2018,8,4,pre_covid,P002,Webcam & Headset Combo,Electronics,347,C010,5064,5
O02396,2018,8,6,pre_covid,P004,Air Purifier,Home & Kitchen,276,C017,13506,1
O00516,2018,8,7,pre_covid,P015,Drawing Tablet (EdTech),Stationery & EdTech,196,C014,8441,15
O01097,2018,8,7,pre_covid,P001,Laptop,Electronics,121,C009,61902,2
O05199,2018,8,7,pre_covid,P003,Smartphone,Electronics,99,C020,24761,2
O03346,2018,8,9,pre_covid,P012,Festive Sarees,Fashion,1391,C003,6753,4
O04782,2018,8,9,pre_covid,P011,Casual Loungewear Set,Fashion,1637,C018,1350,4
O01962,2018,8,10,pre_covid,P014,Packaged Grocery Staples,Groceries & Hygiene,3092,C010,900,1
O03200,2018,8,10,pre_covid,P003,Smartphone,Electronics,168,C016,24761,2
O07111,2018,8,10,pre_covid,P005,Microwave Oven,Home & Kitchen,183,C011,10129,5
O01385,2018,8,11,pre_covid,P003,Smartphone,Electronics,139,C001,24761,3
O05405,2018,8,11,pre_covid,P010,Men's Formal Shirts,Fashion,504,C001,2025,5
O03544,2018,8,12,pre_covid,P001,Laptop,Electronics,61,C016,61902,7
O06902,2018,8,12,pre_covid,P001,Laptop,Electronics,115,C011,61902,7
O03831,2018,8,13,pre_covid,P005,Microwave Oven,Home & Kitchen,168,C001,10129,6
O04214,2018,8,13,pre_covid,P001,Laptop,Electronics,61,C017,61902,8
O06491,2018,8,13,pre_covid,P014,Packaged Grocery Staples,Groceries & Hygiene,1762,C013,900,1
O02232,2018,8,14,pre_covid,P015,Drawing Tablet (EdTech),Stationery & EdTech,162,C015,8441,7
O03399,2018,8,14,pre_covid,P005,Microwave Oven,Home & Kitchen,67,C007,10129,2
O05565,2018,8,14,pre_covid,P005,Microwave Oven,Home & Kitchen,88,C016,10129,6
O00616,2018,8,15,pre_covid,P004,Air Purifier,Home & Kitchen,119,C019,13506,2
O03259,2018,8,16,pre_covid,P014,Packaged Grocery Staples,Groceries & Hygiene,2583,C013,900,4
O04114,2018,8,16,pre_covid,P014,Packaged Grocery Staples,Groceries & Hygiene,2330,C001,900,1
O04207,2018,8,16,pre_covid,P014,Packaged Grocery Staples,Groceries & Hygiene,2227,C014,900,2
O07301,2018,8,16,pre_covid,P014,Packaged Grocery Staples,Groceries & Hygiene,1427,C019,900,6
O07303,2018,8,16,pre_covid,P014,Packaged Grocery Staples,Groceries & Hygiene,1421,C014,900,2
O01228,2018,8,17,pre_covid,P015,Drawing Tablet (EdTech),Stationery & EdTech,21,C020,8441,7
O03091,2018,8,17,pre_covid,P007,Treadmill,Gym Equipment,59,C015,47271,1
O05349,2018,8,17,pre_covid,P012,Festive Sarees,Fashion,377,C009,6753,6
O07350,2018,8,17,pre_covid,P010,Men's Formal Shirts,Fashion,1178,C019,2025,5
O01715,2018,8,18,pre_covid,P008,Resistance Bands & Dumbbell Set,Gym Equipment,1151,C018,3939,1
O01749,2018,8,18,pre_covid,P013,Hand Sanitizer (Bulk Pack),Groceries & Hygiene,1977,C009,1350,3
O04145,2018,8,19,pre_covid,P001,Laptop,Electronics,80,C012,61902,3
O04402,2018,8,20,pre_covid,P014,Packaged Grocery Staples,Groceries & Hygiene,2653,C004,900,2
O04454,2018,8,20,pre_covid,P004,Air Purifier,Home & Kitchen,39,C004,13506,2
O07592,2018,8,20,pre_covid,P015,Drawing Tablet (EdTech),Stationery & EdTech,116,C011,8441,18
O03672,2018,8,21,pre_covid,P014,Packaged Grocery Staples,Groceries & Hygiene,2418,C001,900,6
O03674,2018,8,22,pre_covid,P011,Casual Loungewear Set,Fashion,2268,C009,1350,2
O04905,2018,8,22,pre_covid,P008,Resistance Bands & Dumbbell Set,Gym Equipment,1026,C011,3939,3
O03366,2018,8,23,pre_covid,P008,Resistance Bands & Dumbbell Set,Gym Equipment,1024,C019,3939,5
O04307,2018,8,23,pre_covid,P015,Drawing Tablet (EdTech),Stationery & EdTech,93,C013,8441,10
O04956,2018,8,23,pre_covid,P015,Drawing Tablet (EdTech),Stationery & EdTech,61,C002,8441,10
O02961,2018,8,24,pre_covid,P015,Drawing Tablet (EdTech),Stationery & EdTech,263,C008,8441,8
O04505,2018,8,24,pre_covid,P015,Drawing Tablet (EdTech),Stationery & EdTech,223,C016,8441,9
O07364,2018,8,24,pre_covid,P011,Casual Loungewear Set,Fashion,477,C013,1350,2
O00854,2018,8,25,pre_covid,P012,Festive Sarees,Fashion,1435,C014,6753,3
O04438,2018,8,25,pre_covid,P013,Hand Sanitizer (Bulk Pack),Groceries & Hygiene,1044,C007,1350,1
O05234,2018,8,25,pre_covid,P015,Drawing Tablet (EdTech),Stationery & EdTech,156,C004,8441,20
O05296,2018,8,25,pre_covid,P015,Drawing Tablet (EdTech),Stationery & EdTech,125,C001,8441,6
O06477,2018,8,25,pre_covid,P002,Webcam & Headset Combo,Electronics,330,C018,5064,2
O01084,2018,8,26,pre_covid,P001,Laptop,Electronics,130,C003,61902,8
O01515,2018,8,26,pre_covid,P012,Festive Sarees,Fashion,1106,C007,6753,1
O03426,2018,8,29,pre_covid,P002,Webcam & Headset Combo,Electronics,218,C011,5064,6
O07557,2018,8,29,pre_covid,P011,Casual Loungewear Set,Fashion,399,C002,1350,2
O07637,2018,8,29,pre_covid,P011,Casual Loungewear Set,Fashion,366,C012,1350,3
O04375,2018,8,30,pre_covid,P011,Casual Loungewear Set,Fashion,1829,C007,1350,6
O03581,2018,9,2,pre_covid,P006,Office Chair (Ergonomic),Home & Kitchen,166,C013,9566,2
O02025,2018,9,3,pre_covid,P004,Air Purifier,Home & Kitchen,82,C016,13506,6
O03720,2018,9,3,pre_covid,P013,Hand Sanitizer (Bulk Pack),Groceries & Hygiene,1803,C013,1350,5
O03897,2018,9,3,pre_covid,P005,Microwave Oven,Home & Kitchen,124,C005,10129,2
O00325,2018,9,4,pre_covid,P004,Air Purifier,Home & Kitchen,210,C005,13506,6
O00508,2018,9,4,pre_covid,P009,Yoga Mat,Gym Equipment,2207,C014,1688,3
O03605,2018,9,5,pre_covid,P011,Casual Loungewear Set,Fashion,2328,C017,1350,2
O04875,2018,9,6,pre_covid,P015,Drawing Tablet (EdTech),Stationery & EdTech,95,C014,8441,3
O06773,2018,9,6,pre_covid,P008,Resistance Bands & Dumbbell Set,Gym Equipment,450,C009,3939,3
O06882,2018,9,6,pre_covid,P003,Smartphone,Electronics,82,C006,24761,3
O07427,2018,9,6,pre_covid,P006,Office Chair (Ergonomic),Home & Kitchen,142,C008,9566,4
O07470,2018,9,6,pre_covid,P008,Resistance Bands & Dumbbell Set,Gym Equipment,846,C020,3939,3
O07718,2018,9,6,pre_covid,P002,Webcam & Headset Combo,Electronics,413,C015,5064,6
O04984,2018,9,7,pre_covid,P001,Laptop,Electronics,60,C005,61902,2
O05084,2018,9,7,pre_covid,P006,Office Chair (Ergonomic),Home & Kitchen,148,C005,9566,4
O01617,2018,9,8,pre_covid,P007,Treadmill,Gym Equipment,56,C005,47271,1
O01983,2018,9,8,pre_covid,P009,Yoga Mat,Gym Equipment,526,C005,1688,5
O03025,2018,9,8,pre_covid,P008,Resistance Bands & Dumbbell Set,Gym Equipment,108,C016,3939,3
O01634,2018,9,10,pre_covid,P006,Office Chair (Ergonomic),Home & Kitchen,48,C006,9566,5
O00306,2018,9,11,pre_covid,P001,Laptop,Electronics,129,C005,61902,1
O05856,2018,9,11,pre_covid,P006,Office Chair (Ergonomic),Home & Kitchen,194,C007,9566,4
O07213,2018,9,11,pre_covid,P002,Webcam & Headset Combo,Electronics,357,C018,5064,2
O02887,2018,9,12,pre_covid,P012,Festive Sarees,Fashion,256,C004,6753,5
O05481,2018,9,12,pre_covid,P010,Men's Formal Shirts,Fashion,426,C019,2025,1
O07083,2018,9,12,pre_covid,P015,Drawing Tablet (EdTech),Stationery & EdTech,48,C008,8441,1
O00579,2018,9,13,pre_covid,P002,Webcam & Headset Combo,Electronics,225,C002,5064,1
O01568,2018,9,13,pre_covid,P007,Treadmill,Gym Equipment,68,C002,47271,1
O07670,2018,9,13,pre_covid,P011,Casual Loungewear Set,Fashion,358,C015,1350,3
O07699,2018,9,13,pre_covid,P001,Laptop,Electronics,60,C015,61902,2
O00184,2018,9,14,pre_covid,P003,Smartphone,Electronics,404,C013,24761,3
O00684,2018,9,14,pre_covid,P002,Webcam & Headset Combo,Electronics,101,C001,5064,2
O01834,2018,9,15,pre_covid,P003,Smartphone,Electronics,28,C006,24761,1
O02419,2018,9,15,pre_covid,P004,Air Purifier,Home & Kitchen,269,C012,13506,6
O06123,2018,9,15,pre_covid,P015,Drawing Tablet (EdTech),Stationery & EdTech,94,C001,8441,5
O06140,2018,9,15,pre_covid,P011,Casual Loungewear Set,Fashion,1056,C005,1350,5
O07037,2018,9,15,pre_covid,P004,Air Purifier,Home & Kitchen,56,C003,13506,5
O01236,2018,9,16,pre_covid,P015,Drawing Tablet (EdTech),Stationery & EdTech,14,C011,8441,1
O02633,2018,9,16,pre_covid,P003,Smartphone,Electronics,300,C018,24761,1
O03685,2018,9,16,pre_covid,P008,Resistance Bands & Dumbbell Set,Gym Equipment,797,C020,3939,4
O04455,2018,9,16,pre_covid,P013,Hand Sanitizer (Bulk Pack),Groceries & Hygiene,1004,C007,1350,6
O07081,2018,9,16,pre_covid,P010,Men's Formal Shirts,Fashion,1270,C005,2025,3
O01844,2018,9,17,pre_covid,P007,Treadmill,Gym Equipment,70,C015,47271,1
O04475,2018,9,17,pre_covid,P015,Drawing Tablet (EdTech),Stationery & EdTech,247,C014,8441,4
O06774,2018,9,17,pre_covid,P003,Smartphone,Electronics,120,C010,24761,3
O00830,2018,9,18,pre_covid,P007,Treadmill,Gym Equipment,61,C010,47271,1
O02002,2018,9,18,pre_covid,P001,Laptop,Electronics,53,C011,61902,3
O02332,2018,9,18,pre_covid,P009,Yoga Mat,Gym Equipment,119,C002,1688,2
O02959,2018,9,18,pre_covid,P010,Men's Formal Shirts,Fashion,1716,C001,2025,2
O04784,2018,9,18,pre_covid,P003,Smartphone,Electronics,178,C011,24761,3
O06736,2018,9,18,pre_covid,P007,Treadmill,Gym Equipment,60,C013,47271,2
O00468,2018,9,19,pre_covid,P012,Festive Sarees,Fashion,1646,C014,6753,4
O00881,2018,9,19,pre_covid,P014,Packaged Grocery Staples,Groceries & Hygiene,2914,C009,900,6
O02424,2018,9,19,pre_covid,P001,Laptop,Electronics,40,C016,61902,3
O04341,2018,9,19,pre_covid,P010,Men's Formal Shirts,Fashion,1102,C010,2025,5
O04830,2018,9,19,pre_covid,P007,Treadmill,Gym Equipment,24,C015,47271,3
O00276,2018,9,20,pre_covid,P015,Drawing Tablet (EdTech),Stationery & EdTech,298,C010,8441,6
O01561,2018,9,21,pre_covid,P013,Hand Sanitizer (Bulk Pack),Groceries & Hygiene,190,C016,1350,1
O05658,2018,9,21,pre_covid,P007,Treadmill,Gym Equipment,50,C004,47271,2
O00216,2018,9,22,pre_covid,P004,Air Purifier,Home & Kitchen,234,C010,13506,5
O07212,2018,9,22,pre_covid,P009,Yoga Mat,Gym Equipment,374,C002,1688,3
O02706,2018,9,23,pre_covid,P013,Hand Sanitizer (Bulk Pack),Groceries & Hygiene,777,C018,1350,1
O02855,2018,9,23,pre_covid,P001,Laptop,Electronics,121,C014,61902,1
O00985,2018,9,24,pre_covid,P006,Office Chair (Ergonomic),Home & Kitchen,182,C014,9566,3
O04591,2018,9,24,pre_covid,P006,Office Chair (Ergonomic),Home & Kitchen,190,C007,9566,2
O05071,2018,9,24,pre_covid,P011,Casual Loungewear Set,Fashion,1482,C005,1350,5
O01707,2018,9,25,pre_covid,P012,Festive Sarees,Fashion,1008,C019,6753,6
O01063,2018,9,26,pre_covid,P005,Microwave Oven,Home & Kitchen,200,C009,10129,2
O04423,2018,9,26,pre_covid,P001,Laptop,Electronics,148,C020,61902,1
O01546,2018,9,27,pre_covid,P012,Festive Sarees,Fashion,1082,C018,6753,6
O01890,2018,9,27,pre_covid,P012,Festive Sarees,Fashion,867,C018,6753,2
O07870,2018,9,27,pre_covid,P007,Treadmill,Gym Equipment,43,C019,47271,1
O01907,2018,9,28,pre_covid,P001,Laptop,Electronics,103,C006,61902,3
O05616,2018,9,28,pre_covid,P006,Office Chair (Ergonomic),Home & Kitchen,84,C001,9566,5
O05908,2018,9,28,pre_covid,P013,Hand Sanitizer (Bulk Pack),Groceries & Hygiene,1630,C001,1350,1
O07108,2018,9,28,pre_covid,P011,Casual Loungewear Set,Fashion,667,C020,1350,3
O07151,2018,9,29,pre_covid,P011,Casual Loungewear Set,Fashion,586,C004,1350,3
O06695,2018,9,30,pre_covid,P007,Treadmill,Gym Equipment,12,C010,47271,2
O00639,2018,10,2,pre_covid,P002,Webcam & Headset Combo,Electronics,129,C016,5064,11
O02530,2018,10,2,pre_covid,P010,Men's Formal Shirts,Fashion,1962,C010,2025,13
O02807,2018,10,2,pre_covid,P010,Men's Formal Shirts,Fashion,1819,C015,2025,6
O05180,2018,10,2,pre_covid,P010,Men's Formal Shirts,Fashion,566,C012,2025,10
O01714,2018,10,3,pre_covid,P002,Webcam & Headset Combo,Electronics,316,C015,5064,12
O03340,2018,10,3,pre_covid,P003,Smartphone,Electronics,123,C002,24761,6
O06616,2018,10,3,pre_covid,P004,Air Purifier,Home & Kitchen,156,C010,13506,2
O04900,2018,10,4,pre_covid,P010,Men's Formal Shirts,Fashion,827,C019,2025,13
O02204,2018,10,6,pre_covid,P006,Office Chair (Ergonomic),Home & Kitchen,122,C015,9566,1
O02308,2018,10,6,pre_covid,P010,Men's Formal Shirts,Fashion,2099,C018,2025,5
O04848,2018,10,6,pre_covid,P001,Laptop,Electronics,119,C020,61902,2
O05327,2018,10,6,pre_covid,P002,Webcam & Headset Combo,Electronics,195,C019,5064,7
O07500,2018,10,6,pre_covid,P012,Festive Sarees,Fashion,410,C011,6753,5
O01373,2018,10,7,pre_covid,P008,Resistance Bands & Dumbbell Set,Gym Equipment,262,C013,3939,5
O03417,2018,10,7,pre_covid,P003,Smartphone,Electronics,109,C016,24761,2
O05455,2018,10,7,pre_covid,P013,Hand Sanitizer (Bulk Pack),Groceries & Hygiene,156,C004,1350,1
O07702,2018,10,7,pre_covid,P002,Webcam & Headset Combo,Electronics,434,C014,5064,7
O07747,2018,10,7,pre_covid,P014,Packaged Grocery Staples,Groceries & Hygiene,1098,C019,900,1
O05988,2018,10,8,pre_covid,P002,Webcam & Headset Combo,Electronics,173,C014,5064,14
O04008,2018,10,9,pre_covid,P011,Casual Loungewear Set,Fashion,2052,C007,1350,6
O04251,2018,10,9,pre_covid,P005,Microwave Oven,Home & Kitchen,255,C010,10129,3
O05196,2018,10,9,pre_covid,P012,Festive Sarees,Fashion,491,C001,6753,5
O05198,2018,10,9,pre_covid,P006,Office Chair (Ergonomic),Home & Kitchen,200,C005,9566,3
O06399,2018,10,9,pre_covid,P002,Webcam & Headset Combo,Electronics,403,C003,5064,12
O00669,2018,10,10,pre_covid,P003,Smartphone,Electronics,255,C018,24761,6
O05470,2018,10,10,pre_covid,P014,Packaged Grocery Staples,Groceries & Hygiene,2207,C006,900,4
O05639,2018,10,11,pre_covid,P015,Drawing Tablet (EdTech),Stationery & EdTech,217,C011,8441,6
O05824,2018,10,11,pre_covid,P011,Casual Loungewear Set,Fashion,1085,C020,1350,1
O00737,2018,10,12,pre_covid,P011,Casual Loungewear Set,Fashion,3239,C019,1350,2
O05672,2018,10,12,pre_covid,P007,Treadmill,Gym Equipment,46,C001,47271,2
O03972,2018,10,13,pre_covid,P004,Air Purifier,Home & Kitchen,174,C012,13506,5
O04734,2018,10,13,pre_covid,P012,Festive Sarees,Fashion,742,C015,6753,20
O05735,2018,10,13,pre_covid,P005,Microwave Oven,Home & Kitchen,15,C012,10129,6
O00703,2018,10,14,pre_covid,P015,Drawing Tablet (EdTech),Stationery & EdTech,79,C015,8441,2
O04081,2018,10,14,pre_covid,P013,Hand Sanitizer (Bulk Pack),Groceries & Hygiene,1415,C020,1350,5
O05513,2018,10,14,pre_covid,P010,Men's Formal Shirts,Fashion,422,C017,2025,5
O04919,2018,10,15,pre_covid,P005,Microwave Oven,Home & Kitchen,34,C008,10129,2
O07908,2018,10,15,pre_covid,P013,Hand Sanitizer (Bulk Pack),Groceries & Hygiene,1451,C009,1350,6
O04347,2018,10,16,pre_covid,P010,Men's Formal Shirts,Fashion,1097,C016,2025,20
O04969,2018,10,16,pre_covid,P009,Yoga Mat,Gym Equipment,1002,C012,1688,2
O07125,2018,10,16,pre_covid,P005,Microwave Oven,Home & Kitchen,178,C007,10129,3
O01217,2018,10,17,pre_covid,P012,Festive Sarees,Fashion,1318,C005,6753,18
O03045,2018,10,17,pre_covid,P012,Festive Sarees,Fashion,139,C015,6753,7
O03621,2018,10,17,pre_covid,P006,Office Chair (Ergonomic),Home & Kitchen,156,C003,9566,2
O05983,2018,10,17,pre_covid,P006,Office Chair (Ergonomic),Home & Kitchen,156,C013,9566,4
O06107,2018,10,17,pre_covid,P010,Men's Formal Shirts,Fashion,1949,C017,2025,12
O06205,2018,10,17,pre_covid,P010,Men's Formal Shirts,Fashion,1883,C013,2025,9
O07181,2018,10,17,pre_covid,P002,Webcam & Headset Combo,Electronics,400,C007,5064,12
O00078,2018,10,18,pre_covid,P002,Webcam & Headset Combo,Electronics,473,C018,5064,8
O01855,2018,10,18,pre_covid,P012,Festive Sarees,Fashion,946,C011,6753,18
O00995,2018,10,19,pre_covid,P015,Drawing Tablet (EdTech),Stationery & EdTech,134,C017,8441,6
O03111,2018,10,20,pre_covid,P008,Resistance Bands & Dumbbell Set,Gym Equipment,1172,C019,3939,5
O01224,2018,10,21,pre_covid,P001,Laptop,Electronics,79,C019,61902,2
O02155,2018,10,21,pre_covid,P015,Drawing Tablet (EdTech),Stationery & EdTech,225,C016,8441,3
O04417,2018,10,21,pre_covid,P003,Smartphone,Electronics,287,C008,24761,6
O04420,2018,10,21,pre_covid,P004,Air Purifier,Home & Kitchen,45,C014,13506,3
O06106,2018,10,21,pre_covid,P001,Laptop,Electronics,66,C001,61902,4
O03613,2018,10,22,pre_covid,P003,Smartphone,Electronics,80,C012,24761,2
O02043,2018,10,23,pre_covid,P009,Yoga Mat,Gym Equipment,418,C010,1688,6
O03638,2018,10,23,pre_covid,P013,Hand Sanitizer (Bulk Pack),Groceries & Hygiene,1814,C004,1350,5
O06139,2018,10,24,pre_covid,P013,Hand Sanitizer (Bulk Pack),Groceries & Hygiene,1308,C006,1350,4
O00336,2018,10,25,pre_covid,P009,Yoga Mat,Gym Equipment,2363,C001,1688,5
O00729,2018,10,25,pre_covid,P003,Smartphone,Electronics,242,C001,24761,2
O03066,2018,10,25,pre_covid,P004,Air Purifier,Home & Kitchen,79,C006,13506,1
O00641,2018,10,26,pre_covid,P010,Men's Formal Shirts,Fashion,3000,C014,2025,12
O01863,2018,10,26,pre_covid,P003,Smartphone,Electronics,23,C019,24761,7
O01074,2018,10,27,pre_covid,P012,Festive Sarees,Fashion,1369,C017,6753,11
O02473,2018,10,27,pre_covid,P004,Air Purifier,Home & Kitchen,249,C013,13506,2
O05370,2018,10,27,pre_covid,P013,Hand Sanitizer (Bulk Pack),Groceries & Hygiene,244,C001,1350,6
O05144,2018,10,28,pre_covid,P013,Hand Sanitizer (Bulk Pack),Groceries & Hygiene,487,C004,1350,4
O06660,2018,10,29,pre_covid,P005,Microwave Oven,Home & Kitchen,223,C015,10129,5
O00587,2018,10,30,pre_covid,P003,Smartphone,Electronics,299,C017,24761,6
O02161,2018,10,30,pre_covid,P013,Hand Sanitizer (Bulk Pack),Groceries & Hygiene,1637,C002,1350,3
O04439,2018,10,31,pre_covid,P003,Smartphone,Electronics,280,C005,24761,4
O04659,2018,10,31,pre_covid,P012,Festive Sarees,Fashion,837,C020,6753,8
O00424,2018,11,1,pre_covid,P003,Smartphone,Electronics,345,C011,24761,7
O07796,2018,11,1,pre_covid,P012,Festive Sarees,Fashion,179,C014,6753,7
O01001,2018,11,2,pre_covid,P011,Casual Loungewear Set,Fashion,3063,C018,1350,5
O01137,2018,11,2,pre_covid,P003,Smartphone,Electronics,219,C013,24761,5
O01999,2018,11,2,pre_covid,P002,Webcam & Headset Combo,Electronics,405,C015,5064,20
O07133,2018,11,3,pre_covid,P008,Resistance Bands & Dumbbell Set,Gym Equipment,42,C011,3939,6
O07545,2018,11,3,pre_covid,P013,Hand Sanitizer (Bulk Pack),Groceries & Hygiene,1844,C007,1350,2
O00197,2018,11,4,pre_covid,P009,Yoga Mat,Gym Equipment,2255,C015,1688,3
O01462,2018,11,4,pre_covid,P007,Treadmill,Gym Equipment,24,C001,47271,3
O03707,2018,11,4,pre_covid,P009,Yoga Mat,Gym Equipment,850,C014,1688,4
O03934,2018,11,5,pre_covid,P003,Smartphone,Electronics,387,C001,24761,5
O00143,2018,11,6,pre_covid,P001,Laptop,Electronics,180,C018,61902,5
O00979,2018,11,6,pre_covid,P001,Laptop,Electronics,26,C016,61902,8
O02659,2018,11,6,pre_covid,P002,Webcam & Headset Combo,Electronics,422,C008,5064,12
O06020,2018,11,6,pre_covid,P001,Laptop,Electronics,95,C013,61902,4
O01795,2018,11,7,pre_covid,P003,Smartphone,Electronics,41,C014,24761,6
O06209,2018,11,7,pre_covid,P006,Office Chair (Ergonomic),Home & Kitchen,161,C017,9566,6
O04779,2018,11,8,pre_covid,P010,Men's Formal Shirts,Fashion,892,C002,2025,11
O02943,2018,11,10,pre_covid,P011,Casual Loungewear Set,Fashion,2660,C003,1350,4
O03209,2018,11,10,pre_covid,P003,Smartphone,Electronics,166,C006,24761,8
O00038,2018,11,11,pre_covid,P015,Drawing Tablet (EdTech),Stationery & EdTech,240,C008,8441,3
O04516,2018,11,11,pre_covid,P003,Smartphone,Electronics,242,C019,24761,5
O01384,2018,11,12,pre_covid,P003,Smartphone,Electronics,143,C012,24761,4
O05536,2018,11,12,pre_covid,P006,Office Chair (Ergonomic),Home & Kitchen,164,C013,9566,1
O06453,2018,11,12,pre_covid,P006,Office Chair (Ergonomic),Home & Kitchen,196,C003,9566,3
O07239,2018,11,12,pre_covid,P008,Resistance Bands & Dumbbell Set,Gym Equipment,1089,C002,3939,4
O02969,2018,11,13,pre_covid,P002,Webcam & Headset Combo,Electronics,171,C019,5064,13
O05075,2018,11,13,pre_covid,P003,Smartphone,Electronics,124,C008,24761,6
O05993,2018,11,13,pre_covid,P002,Webcam & Headset Combo,Electronics,159,C012,5064,9
O02211,2018,11,14,pre_covid,P001,Laptop,Electronics,132,C001,61902,3
O03802,2018,11,14,pre_covid,P011,Casual Loungewear Set,Fashion,2165,C013,1350,3
O04727,2018,11,14,pre_covid,P012,Festive Sarees,Fashion,762,C011,6753,20
O06288,2018,11,14,pre_covid,P005,Microwave Oven,Home & Kitchen,285,C013,10129,4
O00082,2018,11,15,pre_covid,P002,Webcam & Headset Combo,Electronics,465,C013,5064,15
O02629,2018,11,15,pre_covid,P012,Festive Sarees,Fashion,433,C006,6753,5
O00479,2018,11,17,pre_covid,P015,Drawing Tablet (EdTech),Stationery & EdTech,197,C002,8441,1
O01702,2018,11,17,pre_covid,P013,Hand Sanitizer (Bulk Pack),Groceries & Hygiene,1987,C016,1350,6
O02130,2018,11,17,pre_covid,P014,Packaged Grocery Staples,Groceries & Hygiene,3064,C008,900,1
O01930,2018,11,19,pre_covid,P005,Microwave Oven,Home & Kitchen,33,C002,10129,1
O05413,2018,11,20,pre_covid,P003,Smartphone,Electronics,400,C014,24761,5
O06665,2018,11,20,pre_covid,P010,Men's Formal Shirts,Fashion,1558,C011,2025,10
O02612,2018,11,21,pre_covid,P012,Festive Sarees,Fashion,454,C010,6753,14
O04077,2018,11,21,pre_covid,P006,Office Chair (Ergonomic),Home & Kitchen,25,C015,9566,6
O00572,2018,11,22,pre_covid,P002,Webcam & Headset Combo,Electronics,240,C010,5064,15
O03007,2018,11,22,pre_covid,P003,Smartphone,Electronics,216,C016,24761,5
O03771,2018,11,22,pre_covid,P010,Men's Formal Shirts,Fashion,1377,C005,2025,16
O04934,2018,11,22,pre_covid,P008,Resistance Bands & Dumbbell Set,Gym Equipment,985,C003,3939,3
O05905,2018,11,22,pre_covid,P012,Festive Sarees,Fashion,1401,C014,6753,10
O06302,2018,11,22,pre_covid,P001,Laptop,Electronics,134,C001,61902,6
O03666,2018,11,23,pre_covid,P015,Drawing Tablet (EdTech),Stationery & EdTech,243,C019,8441,4
O02387,2018,11,24,pre_covid,P011,Casual Loungewear Set,Fashion,2995,C018,1350,5
O03011,2018,11,24,pre_covid,P006,Office Chair (Ergonomic),Home & Kitchen,117,C002,9566,5
O05031,2018,11,24,pre_covid,P010,Men's Formal Shirts,Fashion,680,C002,2025,6
O01239,2018,11,25,pre_covid,P001,Laptop,Electronics,77,C017,61902,6
O01512,2018,11,25,pre_covid,P003,Smartphone,Electronics,99,C016,24761,3
O01557,2018,11,25,pre_covid,P010,Men's Formal Shirts,Fashion,2517,C016,2025,12
O03395,2018,11,25,pre_covid,P012,Festive Sarees,Fashion,1372,C020,6753,10
O03565,2018,11,25,pre_covid,P012,Festive Sarees,Fashion,1207,C018,6753,5
O02505,2018,11,26,pre_covid,P010,Men's Formal Shirts,Fashion,1980,C019,2025,18
O05517,2018,11,26,pre_covid,P003,Smartphone,Electronics,378,C012,24761,5
O03053,2018,11,27,pre_covid,P002,Webcam & Headset Combo,Electronics,600,C020,5064,13
O03756,2018,11,27,pre_covid,P004,Air Purifier,Home & Kitchen,239,C019,13506,2
O04604,2018,11,27,pre_covid,P012,Festive Sarees,Fashion,872,C018,6753,8
O06021,2018,11,27,pre_covid,P008,Resistance Bands & Dumbbell Set,Gym Equipment,1090,C003,3939,3
O01309,2018,11,29,pre_covid,P007,Treadmill,Gym Equipment,78,C010,47271,3
O01491,2018,11,29,pre_covid,P003,Smartphone,Electronics,107,C004,24761,6
O03358,2018,11,29,pre_covid,P001,Laptop,Electronics,131,C012,61902,5
O06408,2018,11,29,pre_covid,P012,Festive Sarees,Fashion,1080,C017,6753,18
O06409,2018,11,29,pre_covid,P001,Laptop,Electronics,99,C010,61902,7
O00046,2018,11,30,pre_covid,P009,Yoga Mat,Gym Equipment,1667,C008,1688,2
O00530,2018,12,3,pre_covid,P012,Festive Sarees,Fashion,1631,C020,6753,10
O01075,2018,12,3,pre_covid,P014,Packaged Grocery Staples,Groceries & Hygiene,2879,C013,900,1
O01708,2018,12,3,pre_covid,P011,Casual Loungewear Set,Fashion,3193,C016,1350,6
O01722,2018,12,3,pre_covid,P003,Smartphone,Electronics,55,C020,24761,4
O03157,2018,12,3,pre_covid,P002,Webcam & Headset Combo,Electronics,526,C018,5064,11
O07244,2018,12,3,pre_covid,P012,Festive Sarees,Fashion,618,C002,6753,17
O07337,2018,12,3,pre_covid,P001,Laptop,Electronics,25,C003,61902,3
O03449,2018,12,4,pre_covid,P001,Laptop,Electronics,110,C015,61902,3
O05797,2018,12,4,pre_covid,P011,Casual Loungewear Set,Fashion,1092,C020,1350,5
O06105,2018,12,4,pre_covid,P005,Microwave Oven,Home & Kitchen,109,C013,10129,2
O06719,2018,12,4,pre_covid,P004,Air Purifier,Home & Kitchen,145,C014,13506,3
O02006,2018,12,5,pre_covid,P010,Men's Formal Shirts,Fashion,2275,C014,2025,7
O03988,2018,12,5,pre_covid,P006,Office Chair (Ergonomic),Home & Kitchen,58,C007,9566,3
O04106,2018,12,5,pre_covid,P014,Packaged Grocery Staples,Groceries & Hygiene,2336,C002,900,6
O04409,2018,12,5,pre_covid,P001,Laptop,Electronics,17,C009,61902,4
O04136,2018,12,6,pre_covid,P005,Microwave Oven,Home & Kitchen,17,C015,10129,4
O05439,2018,12,6,pre_covid,P014,Packaged Grocery Staples,Groceries & Hygiene,2213,C016,900,6
O00186,2018,12,7,pre_covid,P013,Hand Sanitizer (Bulk Pack),Groceries & Hygiene,1388,C005,1350,3
O02240,2018,12,7,pre_covid,P015,Drawing Tablet (EdTech),Stationery & EdTech,148,C018,8441,4
O05769,2018,12,7,pre_covid,P012,Festive Sarees,Fashion,105,C018,6753,16
O01953,2018,12,8,pre_covid,P006,Office Chair (Ergonomic),Home & Kitchen,101,C018,9566,2
O02175,2018,12,8,pre_covid,P013,Hand Sanitizer (Bulk Pack),Groceries & Hygiene,1634,C012,1350,5
O02678,2018,12,8,pre_covid,P001,Laptop,Electronics,78,C004,61902,6
O04915,2018,12,8,pre_covid,P009,Yoga Mat,Gym Equipment,1085,C007,1688,5
O00224,2018,12,9,pre_covid,P009,Yoga Mat,Gym Equipment,2495,C001,1688,6
O04707,2018,12,9,pre_covid,P006,Office Chair (Ergonomic),Home & Kitchen,160,C008,9566,4
O05872,2018,12,9,pre_covid,P003,Smartphone,Electronics,337,C004,24761,3
O03608,2018,12,10,pre_covid,P001,Laptop,Electronics,34,C006,61902,8
O04733,2018,12,10,pre_covid,P008,Resistance Bands & Dumbbell Set,Gym Equipment,1157,C013,3939,2
O07866,2018,12,10,pre_covid,P002,Webcam & Headset Combo,Electronics,318,C007,5064,18
O01801,2018,12,11,pre_covid,P002,Webcam & Headset Combo,Electronics,103,C017,5064,9
O01401,2018,12,12,pre_covid,P006,Office Chair (Ergonomic),Home & Kitchen,106,C012,9566,6
O06509,2018,12,12,pre_covid,P010,Men's Formal Shirts,Fashion,1669,C010,2025,8
O07973,2018,12,12,pre_covid,P007,Treadmill,Gym Equipment,12,C013,47271,1
O00964,2018,12,14,pre_covid,P001,Laptop,Electronics,31,C012,61902,3
O01794,2018,12,14,pre_covid,P005,Microwave Oven,Home & Kitchen,95,C009,10129,2
O02138,2018,12,15,pre_covid,P013,Hand Sanitizer (Bulk Pack),Groceries & Hygiene,1642,C002,1350,3
O03375,2018,12,16,pre_covid,P015,Drawing Tablet (EdTech),Stationery & EdTech,203,C014,8441,2
O06828,2018,12,16,pre_covid,P007,Treadmill,Gym Equipment,37,C017,47271,1
O03103,2018,12,17,pre_covid,P003,Smartphone,Electronics,192,C004,24761,8
O04344,2018,12,17,pre_covid,P002,Webcam & Headset Combo,Electronics,78,C002,5064,19
O05987,2018,12,17,pre_covid,P012,Festive Sarees,Fashion,1356,C006,6753,9
O01125,2018,12,18,pre_covid,P011,Casual Loungewear Set,Fashion,2991,C017,1350,6
O04125,2018,12,18,pre_covid,P002,Webcam & Headset Combo,Electronics,350,C006,5064,20
O04279,2018,12,18,pre_covid,P002,Webcam & Headset Combo,Electronics,153,C019,5064,10
O06146,2018,12,18,pre_covid,P002,Webcam & Headset Combo,Electronics,580,C007,5064,8
O01819,2018,12,19,pre_covid,P004,Air Purifier,Home & Kitchen,137,C004,13506,4
O04731,2018,12,19,pre_covid,P010,Men's Formal Shirts,Fashion,919,C003,2025,10
O04280,2018,12,20,pre_covid,P012,Festive Sarees,Fashion,995,C002,6753,10
O05325,2018,12,20,pre_covid,P003,Smartphone,Electronics,66,C020,24761,8
O06763,2018,12,21,pre_covid,P010,Men's Formal Shirts,Fashion,1444,C003,2025,10
O05841,2018,12,22,pre_covid,P003,Smartphone,Electronics,344,C010,24761,2
O06572,2018,12,22,pre_covid,P012,Festive Sarees,Fashion,923,C015,6753,11
O05183,2018,12,23,pre_covid,P012,Festive Sarees,Fashion,508,C001,6753,11
O05486,2018,12,23,pre_covid,P013,Hand Sanitizer (Bulk Pack),Groceries & Hygiene,149,C011,1350,1
O03985,2018,12,24,pre_covid,P004,Air Purifier,Home & Kitchen,169,C011,13506,4
O06348,2018,12,24,pre_covid,P014,Packaged Grocery Staples,Groceries & Hygiene,1818,C017,900,2
O00195,2018,12,25,pre_covid,P011,Casual Loungewear Set,Fashion,3501,C005,1350,6
O01227,2018,12,25,pre_covid,P005,Microwave Oven,Home & Kitchen,59,C010,10129,3
O03019,2018,12,26,pre_covid,P012,Festive Sarees,Fashion,197,C018,6753,20
O03536,2018,12,26,pre_covid,P014,Packaged Grocery Staples,Groceries & Hygiene,2487,C017,900,3
O05514,2018,12,26,pre_covid,P010,Men's Formal Shirts,Fashion,417,C012,2025,8
O00255,2018,12,27,pre_covid,P012,Festive Sarees,Fashion,1777,C014,6753,12
O03599,2018,12,27,pre_covid,P002,Webcam & Headset Combo,Electronics,93,C001,5064,16
O01169,2018,12,28,pre_covid,P013,Hand Sanitizer (Bulk Pack),Groceries & Hygiene,496,C018,1350,5
O01340,2018,12,28,pre_covid,P001,Laptop,Electronics,28,C013,61902,3
O03807,2018,12,28,pre_covid,P003,Smartphone,Electronics,27,C017,24761,8
O04992,2018,12,28,pre_covid,P014,Packaged Grocery Staples,Groceries & Hygiene,2367,C005,900,5
O06127,2018,12,28,pre_covid,P006,Office Chair (Ergonomic),Home & Kitchen,26,C010,9566,5
O06732,2018,12,28,pre_covid,P003,Smartphone,Electronics,130,C010,24761,7
O01831,2018,12,29,pre_covid,P011,Casual Loungewear Set,Fashion,3164,C001,1350,6
O07020,2018,12,29,pre_covid,P004,Air Purifier,Home & Kitchen,61,C001,13506,5
O07469,2018,12,29,pre_covid,P011,Casual Loungewear Set,Fashion,406,C017,1350,1
O07770,2018,12,29,pre_covid,P007,Treadmill,Gym Equipment,59,C018,47271,3
O00237,2018,12,30,pre_covid,P003,Smartphone,Electronics,394,C013,24761,5
O01726,2018,12,30,pre_covid,P012,Festive Sarees,Fashion,1002,C017,6753,14
O03057,2018,12,30,pre_covid,P006,Office Chair (Ergonomic),Home & Kitchen,97,C013,9566,3
O06063,2018,12,30,pre_covid,P010,Men's Formal Shirts,Fashion,1982,C018,2025,17
O06565,2018,12,30,pre_covid,P010,Men's Formal Shirts,Fashion,1627,C013,2025,13
O02152,2018,12,31,pre_covid,P009,Yoga Mat,Gym Equipment,326,C017,1688,3
O03614,2018,12,31,pre_covid,P001,Laptop,Electronics,26,C005,61902,7
O00365,2019,1,1,pre_covid,P012,Festive Sarees,Fashion,1713,C013,6955,4
O01677,2019,1,1,pre_covid,P010,Men's Formal Shirts,Fashion,2428,C004,2086,1
O04772,2019,1,1,pre_covid,P010,Men's Formal Shirts,Fashion,896,C012,2086,4
O05243,2019,1,1,pre_covid,P004,Air Purifier,Home & Kitchen,146,C017,13911,4
O00769,2019,1,2,pre_covid,P006,Office Chair (Ergonomic),Home & Kitchen,154,C002,9853,3
O03229,2019,1,2,pre_covid,P007,Treadmill,Gym Equipment,28,C015,48689,6
O06762,2019,1,2,pre_covid,P008,Resistance Bands & Dumbbell Set,Gym Equipment,491,C008,4057,9
O07733,2019,1,2,pre_covid,P011,Casual Loungewear Set,Fashion,275,C011,1391,3
O02299,2019,1,4,pre_covid,P014,Packaged Grocery Staples,Groceries & Hygiene,2994,C018,927,2
O07328,2019,1,4,pre_covid,P003,Smartphone,Electronics,351,C004,25504,8
O04276,2019,1,5,pre_covid,P002,Webcam & Headset Combo,Electronics,156,C011,5216,3
O05454,2019,1,5,pre_covid,P009,Yoga Mat,Gym Equipment,611,C008,1738,8
O00101,2019,1,6,pre_covid,P004,Air Purifier,Home & Kitchen,264,C010,13911,3
O00640,2019,1,6,pre_covid,P003,Smartphone,Electronics,267,C019,25504,3
O03276,2019,1,6,pre_covid,P002,Webcam & Headset Combo,Electronics,421,C012,5216,6
O03687,2019,1,6,pre_covid,P007,Treadmill,Gym Equipment,63,C012,48689,4
O05469,2019,1,6,pre_covid,P008,Resistance Bands & Dumbbell Set,Gym Equipment,347,C007,4057,17
O03311,2019,1,7,pre_covid,P008,Resistance Bands & Dumbbell Set,Gym Equipment,1055,C013,4057,20
O03948,2019,1,7,pre_covid,P006,Office Chair (Ergonomic),Home & Kitchen,87,C018,9853,2
O04667,2019,1,7,pre_covid,P014,Packaged Grocery Staples,Groceries & Hygiene,2561,C005,927,6
O04928,2019,1,7,pre_covid,P008,Resistance Bands & Dumbbell Set,Gym Equipment,1002,C007,4057,17
O07671,2019,1,7,pre_covid,P010,Men's Formal Shirts,Fashion,936,C001,2086,6
O01135,2019,1,8,pre_covid,P001,Laptop,Electronics,105,C011,63760,1
O04285,2019,1,8,pre_covid,P008,Resistance Bands & Dumbbell Set,Gym Equipment,260,C009,4057,15
O06707,2019,1,9,pre_covid,P002,Webcam & Headset Combo,Electronics,261,C011,5216,6
O07011,2019,1,9,pre_covid,P012,Festive Sarees,Fashion,712,C020,6955,3
O00242,2019,1,10,pre_covid,P005,Microwave Oven,Home & Kitchen,142,C015,10433,4
O03969,2019,1,11,pre_covid,P007,Treadmill,Gym Equipment,34,C006,48689,5
O06582,2019,1,11,pre_covid,P009,Yoga Mat,Gym Equipment,988,C015,1738,13
O06664,2019,1,12,pre_covid,P011,Casual Loungewear Set,Fashion,895,C014,1391,3
O00346,2019,1,13,pre_covid,P003,Smartphone,Electronics,362,C015,25504,6
O04696,2019,1,13,pre_covid,P010,Men's Formal Shirts,Fashion,970,C008,2086,1
O05717,2019,1,13,pre_covid,P007,Treadmill,Gym Equipment,34,C020,48689,5
O02212,2019,1,14,pre_covid,P010,Men's Formal Shirts,Fashion,2141,C017,2086,3
O04319,2019,1,14,pre_covid,P009,Yoga Mat,Gym Equipment,195,C020,1738,6
O07590,2019,1,14,pre_covid,P005,Microwave Oven,Home & Kitchen,177,C015,10433,3
O06340,2019,1,15,pre_covid,P007,Treadmill,Gym Equipment,52,C001,48689,6
O00585,2019,1,16,pre_covid,P009,Yoga Mat,Gym Equipment,2072,C020,1738,19
O02195,2019,1,16,pre_covid,P003,Smartphone,Electronics,385,C001,25504,4
O05909,2019,1,16,pre_covid,P009,Yoga Mat,Gym Equipment,179,C009,1738,17
O00427,2019,1,18,pre_covid,P001,Laptop,Electronics,82,C013,63760,1
O01866,2019,1,18,pre_covid,P012,Festive Sarees,Fashion,916,C016,6955,2
O04718,2019,1,18,pre_covid,P013,Hand Sanitizer (Bulk Pack),Groceries & Hygiene,712,C003,1391,2
O07974,2019,1,18,pre_covid,P013,Hand Sanitizer (Bulk Pack),Groceries & Hygiene,1327,C019,1391,4
O03405,2019,1,19,pre_covid,P002,Webcam & Headset Combo,Electronics,239,C007,5216,2
O03463,2019,1,19,pre_covid,P009,Yoga Mat,Gym Equipment,1043,C019,1738,13
O03927,2019,1,19,pre_covid,P002,Webcam & Headset Combo,Electronics,526,C007,5216,2
O01124,2019,1,20,pre_covid,P008,Resistance Bands & Dumbbell Set,Gym Equipment,422,C018,4057,12
O05192,2019,1,20,pre_covid,P014,Packaged Grocery Staples,Groceries & Hygiene,2336,C010,927,4
O00866,2019,1,21,pre_covid,P009,Yoga Mat,Gym Equipment,1689,C001,1738,15
O01301,2019,1,21,pre_covid,P008,Resistance Bands & Dumbbell Set,Gym Equipment,285,C009,4057,19
O02229,2019,1,21,pre_covid,P008,Resistance Bands & Dumbbell Set,Gym Equipment,803,C014,4057,6
O02580,2019,1,21,pre_covid,P009,Yoga Mat,Gym Equipment,62,C018,1738,5
O06118,2019,1,21,pre_covid,P015,Drawing Tablet (EdTech),Stationery & EdTech,95,C017,8694,1
O06289,2019,1,21,pre_covid,P008,Resistance Bands & Dumbbell Set,Gym Equipment,964,C013,4057,17
O07330,2019,1,21,pre_covid,P005,Microwave Oven,Home & Kitchen,295,C019,10433,4
O00430,2019,1,22,pre_covid,P008,Resistance Bands & Dumbbell Set,Gym Equipment,1015,C017,4057,19
O00303,2019,1,25,pre_covid,P012,Festive Sarees,Fashion,1737,C013,6955,3
O02405,2019,1,25,pre_covid,P007,Treadmill,Gym Equipment,25,C001,48689,5
O06855,2019,1,25,pre_covid,P010,Men's Formal Shirts,Fashion,1394,C017,2086,4
O00124,2019,1,26,pre_covid,P011,Casual Loungewear Set,Fashion,3270,C008,1391,2
O02328,2019,1,26,pre_covid,P003,Smartphone,Electronics,350,C011,25504,6
O07220,2019,1,26,pre_covid,P009,Yoga Mat,Gym Equipment,371,C006,1738,17
O00663,2019,1,27,pre_covid,P002,Webcam & Headset Combo,Electronics,112,C009,5216,2
O04351,2019,1,27,pre_covid,P007,Treadmill,Gym Equipment,77,C019,48689,6
O02631,2019,1,29,pre_covid,P009,Yoga Mat,Gym Equipment,1469,C006,1738,14
O05573,2019,1,29,pre_covid,P008,Resistance Bands & Dumbbell Set,Gym Equipment,292,C015,4057,17
O05633,2019,1,29,pre_covid,P001,Laptop,Electronics,130,C011,63760,2
O06088,2019,1,29,pre_covid,P015,Drawing Tablet (EdTech),Stationery & EdTech,119,C010,8694,6
O00465,2019,1,30,pre_covid,P002,Webcam & Headset Combo,Electronics,272,C008,5216,3
O01853,2019,1,30,pre_covid,P013,Hand Sanitizer (Bulk Pack),Groceries & Hygiene,1929,C012,1391,1
O06160,2019,1,30,pre_covid,P002,Webcam & Headset Combo,Electronics,568,C003,5216,6
O04991,2019,1,31,pre_covid,P008,Resistance Bands & Dumbbell Set,Gym Equipment,904,C006,4057,15
O06157,2019,1,31,pre_covid,P003,Smartphone,Electronics,272,C011,25504,8
O00810,2019,2,1,pre_covid,P004,Air Purifier,Home & Kitchen,66,C006,13911,3
O03060,2019,2,1,pre_covid,P012,Festive Sarees,Fashion,132,C001,6955,17
O06815,2019,2,1,pre_covid,P015,Drawing Tablet (EdTech),Stationery & EdTech,125,C003,8694,5
O02013,2019,2,2,pre_covid,P015,Drawing Tablet (EdTech),Stationery & EdTech,293,C019,8694,3
O03973,2019,2,2,pre_covid,P013,Hand Sanitizer (Bulk Pack),Groceries & Hygiene,1556,C010,1391,4
O00824,2019,2,3,pre_covid,P002,Webcam & Headset Combo,Electronics,517,C007,5216,3
O00909,2019,2,3,pre_covid,P004,Air Purifier,Home & Kitchen,44,C001,13911,3
O01598,2019,2,3,pre_covid,P006,Office Chair (Ergonomic),Home & Kitchen,55,C012,9853,5
O06817,2019,2,3,pre_covid,P001,Laptop,Electronics,137,C017,63760,1
O00966,2019,2,4,pre_covid,P010,Men's Formal Shirts,Fashion,2795,C005,2086,14
O02128,2019,2,4,pre_covid,P004,Air Purifier,Home & Kitchen,42,C007,13911,1
O07189,2019,2,5,pre_covid,P011,Casual Loungewear Set,Fashion,569,C006,1391,3
O00928,2019,2,6,pre_covid,P005,Microwave Oven,Home & Kitchen,259,C020,10433,2
O04268,2019,2,6,pre_covid,P015,Drawing Tablet (EdTech),Stationery & EdTech,131,C012,8694,3
O06459,2019,2,6,pre_covid,P015,Drawing Tablet (EdTech),Stationery & EdTech,148,C007,8694,2
O06484,2019,2,6,pre_covid,P013,Hand Sanitizer (Bulk Pack),Groceries & Hygiene,952,C016,1391,1
O07377,2019,2,6,pre_covid,P001,Laptop,Electronics,20,C016,63760,1
O00458,2019,2,7,pre_covid,P009,Yoga Mat,Gym Equipment,2259,C002,1738,4
O01806,2019,2,7,pre_covid,P015,Drawing Tablet (EdTech),Stationery & EdTech,182,C002,8694,4
O02201,2019,2,7,pre_covid,P001,Laptop,Electronics,136,C015,63760,2
O02216,2019,2,7,pre_covid,P001,Laptop,Electronics,129,C011,63760,2
O05022,2019,2,7,pre_covid,P007,Treadmill,Gym Equipment,56,C007,48689,3
O05447,2019,2,7,pre_covid,P012,Festive Sarees,Fashion,324,C001,6955,17
O06775,2019,2,7,pre_covid,P002,Webcam & Headset Combo,Electronics,209,C002,5216,1
O01900,2019,2,8,pre_covid,P015,Drawing Tablet (EdTech),Stationery & EdTech,69,C018,8694,5
O04924,2019,2,8,pre_covid,P005,Microwave Oven,Home & Kitchen,32,C018,10433,5
O07752,2019,2,8,pre_covid,P015,Drawing Tablet (EdTech),Stationery & EdTech,283,C002,8694,4
O04704,2019,2,9,pre_covid,P009,Yoga Mat,Gym Equipment,1286,C017,1738,3
O03130,2019,2,10,pre_covid,P012,Festive Sarees,Fashion,99,C003,6955,5
O04866,2019,2,10,pre_covid,P007,Treadmill,Gym Equipment,13,C019,48689,3
O05214,2019,2,10,pre_covid,P001,Laptop,Electronics,7,C017,63760,3
O05217,2019,2,10,pre_covid,P004,Air Purifier,Home & Kitchen,151,C020,13911,1
O07576,2019,2,10,pre_covid,P003,Smartphone,Electronics,294,C014,25504,2
O04362,2019,2,11,pre_covid,P014,Packaged Grocery Staples,Groceries & Hygiene,2659,C017,927,6
O06733,2019,2,11,pre_covid,P008,Resistance Bands & Dumbbell Set,Gym Equipment,496,C002,4057,5
O04206,2019,2,12,pre_covid,P008,Resistance Bands & Dumbbell Set,Gym Equipment,293,C009,4057,4
O01434,2019,2,13,pre_covid,P007,Treadmill,Gym Equipment,32,C020,48689,1
O07516,2019,2,13,pre_covid,P006,Office Chair (Ergonomic),Home & Kitchen,113,C012,9853,2
O06574,2019,2,14,pre_covid,P010,Men's Formal Shirts,Fashion,1601,C005,2086,15
O00281,2019,2,15,pre_covid,P015,Drawing Tablet (EdTech),Stationery & EdTech,292,C002,8694,3
O07766,2019,2,15,pre_covid,P010,Men's Formal Shirts,Fashion,903,C006,2086,20
O02443,2019,2,16,pre_covid,P012,Festive Sarees,Fashion,563,C015,6955,19
O07091,2019,2,16,pre_covid,P007,Treadmill,Gym Equipment,23,C004,48689,3
O01519,2019,2,17,pre_covid,P013,Hand Sanitizer (Bulk Pack),Groceries & Hygiene,194,C014,1391,4
O03283,2019,2,17,pre_covid,P008,Resistance Bands & Dumbbell Set,Gym Equipment,1066,C020,4057,5
O07175,2019,2,17,pre_covid,P007,Treadmill,Gym Equipment,62,C001,48689,2
O00443,2019,2,18,pre_covid,P013,Hand Sanitizer (Bulk Pack),Groceries & Hygiene,1332,C004,1391,5
O05899,2019,2,18,pre_covid,P007,Treadmill,Gym Equipment,3,C002,48689,3
O02781,2019,2,19,pre_covid,P012,Festive Sarees,Fashion,309,C015,6955,13
O00623,2019,2,20,pre_covid,P014,Packaged Grocery Staples,Groceries & Hygiene,3051,C016,927,6
O01388,2019,2,20,pre_covid,P002,Webcam & Headset Combo,Electronics,104,C015,5216,3
O01633,2019,2,22,pre_covid,P005,Microwave Oven,Home & Kitchen,209,C015,10433,6
O07230,2019,2,22,pre_covid,P004,Air Purifier,Home & Kitchen,18,C008,13911,1
O01370,2019,2,23,pre_covid,P012,Festive Sarees,Fashion,1187,C010,6955,12
O00748,2019,2,25,pre_covid,P005,Microwave Oven,Home & Kitchen,82,C003,10433,3
O06306,2019,2,25,pre_covid,P004,Air Purifier,Home & Kitchen,220,C006,13911,4
O07421,2019,2,25,pre_covid,P008,Resistance Bands & Dumbbell Set,Gym Equipment,991,C011,4057,6
O07831,2019,2,26,pre_covid,P005,Microwave Oven,Home & Kitchen,250,C020,10433,6
O02468,2019,2,28,pre_covid,P002,Webcam & Headset Combo,Electronics,545,C010,5216,3
O02792,2019,3,1,pre_covid,P011,Casual Loungewear Set,Fashion,2809,C020,1391,3
O04592,2019,3,1,pre_covid,P013,Hand Sanitizer (Bulk Pack),Groceries & Hygiene,810,C004,1391,3
O04720,2019,3,1,pre_covid,P010,Men's Formal Shirts,Fashion,932,C017,2086,12
O01935,2019,3,3,pre_covid,P014,Packaged Grocery Staples,Groceries & Hygiene,3110,C019,927,3
O02074,2019,3,3,pre_covid,P008,Resistance Bands & Dumbbell Set,Gym Equipment,912,C020,4057,5
O06483,2019,3,3,pre_covid,P015,Drawing Tablet (EdTech),Stationery & EdTech,96,C009,8694,4
O07771,2019,3,3,pre_covid,P014,Packaged Grocery Staples,Groceries & Hygiene,1078,C002,927,2
O00815,2019,3,4,pre_covid,P009,Yoga Mat,Gym Equipment,1707,C012,1738,6
O01177,2019,3,5,pre_covid,P009,Yoga Mat,Gym Equipment,1362,C015,1738,2
O03455,2019,3,5,pre_covid,P013,Hand Sanitizer (Bulk Pack),Groceries & Hygiene,139,C013,1391,4
O01641,2019,3,6,pre_covid,P013,Hand Sanitizer (Bulk Pack),Groceries & Hygiene,2000,C012,1391,5
O02518,2019,3,6,pre_covid,P008,Resistance Bands & Dumbbell Set,Gym Equipment,584,C005,4057,1
O07127,2019,3,6,pre_covid,P014,Packaged Grocery Staples,Groceries & Hygiene,1447,C003,927,3
O05092,2019,3,7,pre_covid,P004,Air Purifier,Home & Kitchen,167,C010,13911,6
O01653,2019,3,8,pre_covid,P015,Drawing Tablet (EdTech),Stationery & EdTech,300,C015,8694,5
O05348,2019,3,8,pre_covid,P001,Laptop,Electronics,97,C017,63760,1
O05686,2019,3,8,pre_covid,P009,Yoga Mat,Gym Equipment,397,C016,1738,6
O01689,2019,3,9,pre_covid,P012,Festive Sarees,Fashion,1030,C003,6955,10
O00972,2019,3,10,pre_covid,P004,Air Purifier,Home & Kitchen,51,C002,13911,2
O03661,2019,3,10,pre_covid,P002,Webcam & Headset Combo,Electronics,45,C001,5216,3
O07027,2019,3,10,pre_covid,P015,Drawing Tablet (EdTech),Stationery & EdTech,69,C004,8694,3
O03733,2019,3,11,pre_covid,P006,Office Chair (Ergonomic),Home & Kitchen,51,C002,9853,4
O04662,2019,3,11,pre_covid,P001,Laptop,Electronics,44,C017,63760,3
O06836,2019,3,11,pre_covid,P012,Festive Sarees,Fashion,805,C009,6955,8
O00104,2019,3,12,pre_covid,P003,Smartphone,Electronics,385,C014,25504,3
O02432,2019,3,12,pre_covid,P010,Men's Formal Shirts,Fashion,2028,C018,2086,16
O04978,2019,3,12,pre_covid,P013,Hand Sanitizer (Bulk Pack),Groceries & Hygiene,554,C004,1391,3
O07326,2019,3,12,pre_covid,P012,Festive Sarees,Fashion,496,C012,6955,13
O07854,2019,3,12,pre_covid,P010,Men's Formal Shirts,Fashion,830,C006,2086,7
O01207,2019,3,13,pre_covid,P013,Hand Sanitizer (Bulk Pack),Groceries & Hygiene,485,C007,1391,2
O05035,2019,3,13,pre_covid,P015,Drawing Tablet (EdTech),Stationery & EdTech,31,C020,8694,3
O06730,2019,3,14,pre_covid,P003,Smartphone,Electronics,131,C014,25504,1
O07338,2019,3,14,pre_covid,P007,Treadmill,Gym Equipment,29,C006,48689,3
O01854,2019,3,15,pre_covid,P014,Packaged Grocery Staples,Groceries & Hygiene,3120,C003,927,2
O01989,2019,3,15,pre_covid,P012,Festive Sarees,Fashion,806,C003,6955,12
O06099,2019,3,15,pre_covid,P011,Casual Loungewear Set,Fashion,1064,C020,1391,1
O02595,2019,3,16,pre_covid,P010,Men's Formal Shirts,Fashion,1914,C013,2086,8
O04273,2019,3,16,pre_covid,P002,Webcam & Headset Combo,Electronics,160,C003,5216,4
O01727,2019,3,17,pre_covid,P012,Festive Sarees,Fashion,988,C020,6955,13
O02937,2019,3,17,pre_covid,P007,Treadmill,Gym Equipment,24,C005,48689,3
O07484,2019,3,18,pre_covid,P010,Men's Formal Shirts,Fashion,1088,C017,2086,6
O01909,2019,3,19,pre_covid,P006,Office Chair (Ergonomic),Home & Kitchen,106,C018,9853,4
O07722,2019,3,19,pre_covid,P010,Men's Formal Shirts,Fashion,930,C020,2086,15
O00934,2019,3,20,pre_covid,P012,Festive Sarees,Fashion,1417,C008,6955,8
O01032,2019,3,20,pre_covid,P005,Microwave Oven,Home & Kitchen,237,C003,10433,4
O01716,2019,3,20,pre_covid,P007,Treadmill,Gym Equipment,20,C007,48689,2
O04305,2019,3,20,pre_covid,P010,Men's Formal Shirts,Fashion,1117,C016,2086,7
O04690,2019,3,21,pre_covid,P008,Resistance Bands & Dumbbell Set,Gym Equipment,1169,C012,4057,2
O07342,2019,3,21,pre_covid,P007,Treadmill,Gym Equipment,26,C011,48689,2
O02273,2019,3,22,pre_covid,P003,Smartphone,Electronics,366,C011,25504,1
O02815,2019,3,22,pre_covid,P003,Smartphone,Electronics,270,C007,25504,3
O03303,2019,3,22,pre_covid,P001,Laptop,Electronics,7,C003,63760,3
O05771,2019,3,22,pre_covid,P007,Treadmill,Gym Equipment,12,C017,48689,3
O01233,2019,3,23,pre_covid,P012,Festive Sarees,Fashion,1295,C011,6955,20
O07493,2019,3,24,pre_covid,P015,Drawing Tablet (EdTech),Stationery & EdTech,221,C013,8694,1
O00219,2019,3,25,pre_covid,P005,Microwave Oven,Home & Kitchen,154,C007,10433,6
O00301,2019,3,25,pre_covid,P007,Treadmill,Gym Equipment,74,C019,48689,1
O01813,2019,3,25,pre_covid,P014,Packaged Grocery Staples,Groceries & Hygiene,3127,C003,927,5
O02322,2019,3,25,pre_covid,P006,Office Chair (Ergonomic),Home & Kitchen,89,C018,9853,6
O05322,2019,3,25,pre_covid,P013,Hand Sanitizer (Bulk Pack),Groceries & Hygiene,309,C010,1391,5
O00411,2019,3,26,pre_covid,P006,Office Chair (Ergonomic),Home & Kitchen,98,C012,9853,5
O02701,2019,3,26,pre_covid,P012,Festive Sarees,Fashion,383,C010,6955,6
O02916,2019,3,26,pre_covid,P004,Air Purifier,Home & Kitchen,113,C018,13911,4
O03094,2019,3,26,pre_covid,P004,Air Purifier,Home & Kitchen,78,C011,13911,5
O07438,2019,3,26,pre_covid,P005,Microwave Oven,Home & Kitchen,255,C009,10433,4
O03266,2019,3,27,pre_covid,P010,Men's Formal Shirts,Fashion,1609,C012,2086,17
O03852,2019,3,27,pre_covid,P009,Yoga Mat,Gym Equipment,679,C012,1738,3
O05788,2019,3,27,pre_covid,P004,Air Purifier,Home & Kitchen,26,C005,13911,3
O00740,2019,3,28,pre_covid,P014,Packaged Grocery Staples,Groceries & Hygiene,2935,C007,927,6
O04397,2019,3,28,pre_covid,P009,Yoga Mat,Gym Equipment,159,C012,1738,3
O07867,2019,3,29,pre_covid,P010,Men's Formal Shirts,Fashion,806,C010,2086,6
O01225,2019,3,30,pre_covid,P003,Smartphone,Electronics,199,C009,25504,2
O05206,2019,3,30,pre_covid,P002,Webcam & Headset Combo,Electronics,260,C020,5216,3
O05258,2019,3,30,pre_covid,P012,Festive Sarees,Fashion,421,C008,6955,7
O06794,2019,3,30,pre_covid,P006,Office Chair (Ergonomic),Home & Kitchen,11,C017,9853,5
O00935,2019,3,31,pre_covid,P015,Drawing Tablet (EdTech),Stationery & EdTech,151,C002,8694,2
O07197,2019,3,31,pre_covid,P005,Microwave Oven,Home & Kitchen,165,C018,10433,6
O03181,2019,4,1,pre_covid,P014,Packaged Grocery Staples,Groceries & Hygiene,2597,C008,927,4
O03464,2019,4,2,pre_covid,P010,Men's Formal Shirts,Fashion,1508,C010,2086,6
O04912,2019,4,2,pre_covid,P012,Festive Sarees,Fashion,659,C012,6955,1
O05804,2019,4,2,pre_covid,P014,Packaged Grocery Staples,Groceries & Hygiene,2061,C013,927,2
O05992,2019,4,3,pre_covid,P001,Laptop,Electronics,118,C018,63760,2
O01997,2019,4,4,pre_covid,P009,Yoga Mat,Gym Equipment,487,C008,1738,6
O06843,2019,4,4,pre_covid,P013,Hand Sanitizer (Bulk Pack),Groceries & Hygiene,683,C003,1391,6
O00100,2019,4,5,pre_covid,P011,Casual Loungewear Set,Fashion,2912,C011,1391,4
O02749,2019,4,5,pre_covid,P009,Yoga Mat,Gym Equipment,1370,C007,1738,2
O03801,2019,4,5,pre_covid,P014,Packaged Grocery Staples,Groceries & Hygiene,2383,C014,927,2
O04770,2019,4,5,pre_covid,P008,Resistance Bands & Dumbbell Set,Gym Equipment,1119,C019,4057,1
O03202,2019,4,6,pre_covid,P001,Laptop,Electronics,51,C020,63760,3
O07969,2019,4,6,pre_covid,P001,Laptop,Electronics,132,C004,63760,1
O05656,2019,4,7,pre_covid,P014,Packaged Grocery Staples,Groceries & Hygiene,2141,C012,927,1
O00096,2019,4,8,pre_covid,P011,Casual Loungewear Set,Fashion,2918,C004,1391,6
O00774,2019,4,8,pre_covid,P005,Microwave Oven,Home & Kitchen,49,C010,10433,1
O01259,2019,4,10,pre_covid,P009,Yoga Mat,Gym Equipment,1322,C002,1738,4
O02669,2019,4,10,pre_covid,P015,Drawing Tablet (EdTech),Stationery & EdTech,156,C017,8694,3
O07018,2019,4,10,pre_covid,P009,Yoga Mat,Gym Equipment,550,C016,1738,4
O06569,2019,4,11,pre_covid,P006,Office Chair (Ergonomic),Home & Kitchen,118,C014,9853,1
O00175,2019,4,12,pre_covid,P009,Yoga Mat,Gym Equipment,2261,C018,1738,4
O00977,2019,4,12,pre_covid,P001,Laptop,Electronics,28,C011,63760,2
O07035,2019,4,12,pre_covid,P015,Drawing Tablet (EdTech),Stationery & EdTech,66,C017,8694,5
O04369,2019,4,14,pre_covid,P011,Casual Loungewear Set,Fashion,1834,C008,1391,5
O06803,2019,4,14,pre_covid,P015,Drawing Tablet (EdTech),Stationery & EdTech,129,C005,8694,2
O00588,2019,4,15,pre_covid,P013,Hand Sanitizer (Bulk Pack),Groceries & Hygiene,1149,C006,1391,4
O03874,2019,4,15,pre_covid,P015,Drawing Tablet (EdTech),Stationery & EdTech,192,C006,8694,1
O07799,2019,4,15,pre_covid,P001,Laptop,Electronics,33,C001,63760,1
O04477,2019,4,16,pre_covid,P004,Air Purifier,Home & Kitchen,31,C008,13911,4
O05782,2019,4,16,pre_covid,P012,Festive Sarees,Fashion,84,C008,6955,1
O03654,2019,4,17,pre_covid,P004,Air Purifier,Home & Kitchen,260,C006,13911,4
O00746,2019,4,18,pre_covid,P007,Treadmill,Gym Equipment,29,C011,48689,1
O01408,2019,4,18,pre_covid,P005,Microwave Oven,Home & Kitchen,330,C006,10433,5
O01587,2019,4,18,pre_covid,P014,Packaged Grocery Staples,Groceries & Hygiene,2975,C011,927,4
O05175,2019,4,18,pre_covid,P013,Hand Sanitizer (Bulk Pack),Groceries & Hygiene,422,C009,1391,2
O05959,2019,4,18,pre_covid,P007,Treadmill,Gym Equipment,76,C014,48689,2
O07657,2019,4,18,pre_covid,P014,Packaged Grocery Staples,Groceries & Hygiene,1177,C012,927,5
O01830,2019,4,19,pre_covid,P006,Office Chair (Ergonomic),Home & Kitchen,138,C001,9853,2
O03566,2019,4,19,pre_covid,P002,Webcam & Headset Combo,Electronics,117,C001,5216,3
O04502,2019,4,19,pre_covid,P013,Hand Sanitizer (Bulk Pack),Groceries & Hygiene,892,C013,1391,4
O03073,2019,4,20,pre_covid,P015,Drawing Tablet (EdTech),Stationery & EdTech,180,C001,8694,1
O07629,2019,4,20,pre_covid,P015,Drawing Tablet (EdTech),Stationery & EdTech,56,C011,8694,2
O00089,2019,4,21,pre_covid,P004,Air Purifier,Home & Kitchen,270,C015,13911,6
O03118,2019,4,21,pre_covid,P004,Air Purifier,Home & Kitchen,73,C018,13911,6
O03225,2019,4,21,pre_covid,P013,Hand Sanitizer (Bulk Pack),Groceries & Hygiene,379,C012,1391,2
O04715,2019,4,21,pre_covid,P001,Laptop,Electronics,144,C006,63760,1
O01067,2019,4,22,pre_covid,P005,Microwave Oven,Home & Kitchen,197,C007,10433,2
O03414,2019,4,22,pre_covid,P006,Office Chair (Ergonomic),Home & Kitchen,194,C008,9853,3
O07504,2019,4,22,pre_covid,P003,Smartphone,Electronics,317,C005,25504,1
O04680,2019,4,23,pre_covid,P004,Air Purifier,Home & Kitchen,246,C014,13911,4
O04470,2019,4,24,pre_covid,P009,Yoga Mat,Gym Equipment,68,C005,1738,4
O05543,2019,4,24,pre_covid,P013,Hand Sanitizer (Bulk Pack),Groceries & Hygiene,2000,C009,1391,3
O07228,2019,4,24,pre_covid,P004,Air Purifier,Home & Kitchen,21,C008,13911,3
O05231,2019,4,25,pre_covid,P007,Treadmill,Gym Equipment,26,C010,48689,3
O05255,2019,4,25,pre_covid,P006,Office Chair (Ergonomic),Home & Kitchen,97,C013,9853,5
O00205,2019,4,26,pre_covid,P006,Office Chair (Ergonomic),Home & Kitchen,95,C013,9853,3
O02123,2019,4,26,pre_covid,P011,Casual Loungewear Set,Fashion,3051,C008,1391,6
O04407,2019,4,26,pre_covid,P010,Men's Formal Shirts,Fashion,1066,C002,2086,5
O05004,2019,4,26,pre_covid,P005,Microwave Oven,Home & Kitchen,290,C009,10433,4
O04222,2019,4,27,pre_covid,P003,Smartphone,Electronics,318,C003,25504,1
O05611,2019,4,27,pre_covid,P006,Office Chair (Ergonomic),Home & Kitchen,86,C014,9853,2
O05247,2019,4,29,pre_covid,P009,Yoga Mat,Gym Equipment,800,C001,1738,6
O05642,2019,4,29,pre_covid,P009,Yoga Mat,Gym Equipment,423,C017,1738,4
O00375,2019,4,30,pre_covid,P006,Office Chair (Ergonomic),Home & Kitchen,138,C020,9853,4
O02239,2019,4,30,pre_covid,P008,Resistance Bands & Dumbbell Set,Gym Equipment,797,C009,4057,4
O04044,2019,4,30,pre_covid,P001,Laptop,Electronics,116,C016,63760,3
O00189,2019,5,1,pre_covid,P012,Festive Sarees,Fashion,1792,C014,6955,5
O00290,2019,5,1,pre_covid,P001,Laptop,Electronics,131,C007,63760,2
O00835,2019,5,1,pre_covid,P010,Men's Formal Shirts,Fashion,2882,C008,2086,3
O02932,2019,5,1,pre_covid,P003,Smartphone,Electronics,235,C015,25504,1
O03502,2019,5,1,pre_covid,P002,Webcam & Headset Combo,Electronics,171,C013,5216,2
O06154,2019,5,1,pre_covid,P008,Resistance Bands & Dumbbell Set,Gym Equipment,1023,C002,4057,3
O04432,2019,5,2,pre_covid,P009,Yoga Mat,Gym Equipment,120,C015,1738,6
O05425,2019,5,2,pre_covid,P010,Men's Formal Shirts,Fashion,483,C016,2086,6
O07422,2019,5,2,pre_covid,P014,Packaged Grocery Staples,Groceries & Hygiene,1270,C012,927,2
O05400,2019,5,3,pre_covid,P001,Laptop,Electronics,79,C010,63760,1
O07129,2019,5,6,pre_covid,P015,Drawing Tablet (EdTech),Stationery & EdTech,12,C006,8694,1
O05151,2019,5,7,pre_covid,P012,Festive Sarees,Fashion,511,C020,6955,2
O05324,2019,5,7,pre_covid,P011,Casual Loungewear Set,Fashion,1220,C011,1391,3
O07076,2019,5,7,pre_covid,P009,Yoga Mat,Gym Equipment,522,C004,1738,4
O02411,2019,5,8,pre_covid,P003,Smartphone,Electronics,335,C001,25504,3
O07640,2019,5,8,pre_covid,P014,Packaged Grocery Staples,Groceries & Hygiene,1226,C011,927,2
O06674,2019,5,9,pre_covid,P001,Laptop,Electronics,24,C010,63760,3
O07313,2019,5,9,pre_covid,P009,Yoga Mat,Gym Equipment,279,C014,1738,1
O00347,2019,5,10,pre_covid,P014,Packaged Grocery Staples,Groceries & Hygiene,3137,C013,927,2
O06177,2019,5,10,pre_covid,P005,Microwave Oven,Home & Kitchen,68,C013,10433,13
O01029,2019,5,12,pre_covid,P002,Webcam & Headset Combo,Electronics,401,C009,5216,1
O02209,2019,5,12,pre_covid,P007,Treadmill,Gym Equipment,77,C011,48689,3
O04368,2019,5,12,pre_covid,P011,Casual Loungewear Set,Fashion,1840,C008,1391,6
O00571,2019,5,13,pre_covid,P009,Yoga Mat,Gym Equipment,2106,C011,1738,2
O03051,2019,5,13,pre_covid,P001,Laptop,Electronics,81,C009,63760,2
O05736,2019,5,13,pre_covid,P009,Yoga Mat,Gym Equipment,291,C001,1738,4
O06872,2019,5,14,pre_covid,P004,Air Purifier,Home & Kitchen,120,C019,13911,6
O00540,2019,5,15,pre_covid,P015,Drawing Tablet (EdTech),Stationery & EdTech,175,C018,8694,4
O05017,2019,5,15,pre_covid,P005,Microwave Oven,Home & Kitchen,286,C011,10433,18
O05128,2019,5,15,pre_covid,P010,Men's Formal Shirts,Fashion,627,C006,2086,4
O05724,2019,5,15,pre_covid,P012,Festive Sarees,Fashion,138,C014,6955,3
O06939,2019,5,15,pre_covid,P010,Men's Formal Shirts,Fashion,1366,C009,2086,4
O02094,2019,5,16,pre_covid,P010,Men's Formal Shirts,Fashion,2237,C007,2086,1
O02646,2019,5,16,pre_covid,P006,Office Chair (Ergonomic),Home & Kitchen,58,C019,9853,6
O01150,2019,5,17,pre_covid,P001,Laptop,Electronics,95,C003,63760,3
O03893,2019,5,17,pre_covid,P005,Microwave Oven,Home & Kitchen,152,C002,10433,19
O05127,2019,5,17,pre_covid,P002,Webcam & Headset Combo,Electronics,422,C004,5216,3
O05885,2019,5,17,pre_covid,P015,Drawing Tablet (EdTech),Stationery & EdTech,273,C009,8694,2
O03432,2019,5,18,pre_covid,P007,Treadmill,Gym Equipment,66,C001,48689,1
O06222,2019,5,18,pre_covid,P005,Microwave Oven,Home & Kitchen,300,C003,10433,15
O07997,2019,5,18,pre_covid,P007,Treadmill,Gym Equipment,4,C020,48689,1
O00987,2019,5,19,pre_covid,P008,Resistance Bands & Dumbbell Set,Gym Equipment,595,C002,4057,5
O01469,2019,5,19,pre_covid,P015,Drawing Tablet (EdTech),Stationery & EdTech,199,C010,8694,2
O02652,2019,5,19,pre_covid,P002,Webcam & Headset Combo,Electronics,425,C001,5216,3
O04640,2019,5,19,pre_covid,P008,Resistance Bands & Dumbbell Set,Gym Equipment,1195,C009,4057,3
O05631,2019,5,19,pre_covid,P010,Men's Formal Shirts,Fashion,377,C004,2086,5
O00619,2019,5,20,pre_covid,P008,Resistance Bands & Dumbbell Set,Gym Equipment,869,C005,4057,1
O02236,2019,5,21,pre_covid,P015,Drawing Tablet (EdTech),Stationery & EdTech,155,C010,8694,1
O04152,2019,5,21,pre_covid,P006,Office Chair (Ergonomic),Home & Kitchen,200,C010,9853,5
O00569,2019,5,22,pre_covid,P005,Microwave Oven,Home & Kitchen,292,C007,10433,11
O00723,2019,5,22,pre_covid,P012,Festive Sarees,Fashion,1489,C020,6955,2
O07956,2019,5,22,pre_covid,P012,Festive Sarees,Fashion,130,C010,6955,2
O01728,2019,5,23,pre_covid,P002,Webcam & Headset Combo,Electronics,304,C004,5216,2
O03919,2019,5,23,pre_covid,P014,Packaged Grocery Staples,Groceries & Hygiene,2367,C013,927,5
O01374,2019,5,24,pre_covid,P013,Hand Sanitizer (Bulk Pack),Groceries & Hygiene,304,C014,1391,1
O00043,2019,5,25,pre_covid,P013,Hand Sanitizer (Bulk Pack),Groceries & Hygiene,1174,C004,1391,4
O01642,2019,5,25,pre_covid,P007,Treadmill,Gym Equipment,42,C006,48689,2
O03673,2019,5,26,pre_covid,P003,Smartphone,Electronics,59,C014,25504,3
O03892,2019,5,26,pre_covid,P002,Webcam & Headset Combo,Electronics,531,C006,5216,5
O01165,2019,5,27,pre_covid,P014,Packaged Grocery Staples,Groceries & Hygiene,2765,C009,927,2
O02067,2019,5,27,pre_covid,P007,Treadmill,Gym Equipment,80,C001,48689,1
O05821,2019,5,27,pre_covid,P002,Webcam & Headset Combo,Electronics,315,C016,5216,2
O07760,2019,5,27,pre_covid,P006,Office Chair (Ergonomic),Home & Kitchen,152,C003,9853,2
O07423,2019,5,28,pre_covid,P006,Office Chair (Ergonomic),Home & Kitchen,145,C001,9853,3
O01660,2019,5,29,pre_covid,P006,Office Chair (Ergonomic),Home & Kitchen,43,C015,9853,5
O06141,2019,5,29,pre_covid,P003,Smartphone,Electronics,279,C010,25504,3
O03131,2019,5,30,pre_covid,P010,Men's Formal Shirts,Fashion,1662,C008,2086,4
O00354,2019,5,31,pre_covid,P010,Men's Formal Shirts,Fashion,2894,C013,2086,2
O01083,2019,5,31,pre_covid,P008,Resistance Bands & Dumbbell Set,Gym Equipment,460,C011,4057,3
O00176,2019,6,1,pre_covid,P007,Treadmill,Gym Equipment,31,C019,48689,1
O00599,2019,6,1,pre_covid,P007,Treadmill,Gym Equipment,80,C017,48689,2
O00687,2019,6,1,pre_covid,P001,Laptop,Electronics,128,C007,63760,1
O02816,2019,6,1,pre_covid,P004,Air Purifier,Home & Kitchen,148,C012,13911,1
O04429,2019,6,2,pre_covid,P009,Yoga Mat,Gym Equipment,121,C011,1738,1
O06877,2019,6,2,pre_covid,P013,Hand Sanitizer (Bulk Pack),Groceries & Hygiene,608,C017,1391,2
O01681,2019,6,3,pre_covid,P002,Webcam & Headset Combo,Electronics,349,C016,5216,5
O02819,2019,6,3,pre_covid,P001,Laptop,Electronics,144,C006,63760,3
O06354,2019,6,3,pre_covid,P006,Office Chair (Ergonomic),Home & Kitchen,21,C010,9853,1
O02300,2019,6,4,pre_covid,P003,Smartphone,Electronics,356,C001,25504,1
O03612,2019,6,4,pre_covid,P014,Packaged Grocery Staples,Groceries & Hygiene,2428,C014,927,2
O04132,2019,6,4,pre_covid,P007,Treadmill,Gym Equipment,58,C020,48689,3
O07476,2019,6,4,pre_covid,P014,Packaged Grocery Staples,Groceries & Hygiene,1231,C007,927,5
O00638,2019,6,5,pre_covid,P010,Men's Formal Shirts,Fashion,3006,C009,2086,6
O02304,2019,6,5,pre_covid,P012,Festive Sarees,Fashion,624,C001,6955,4
O02410,2019,6,5,pre_covid,P014,Packaged Grocery Staples,Groceries & Hygiene,2977,C001,927,2
O06550,2019,6,5,pre_covid,P008,Resistance Bands & Dumbbell Set,Gym Equipment,785,C005,4057,4
O03372,2019,6,6,pre_covid,P005,Microwave Oven,Home & Kitchen,98,C019,10433,7
O04355,2019,6,6,pre_covid,P014,Packaged Grocery Staples,Groceries & Hygiene,2665,C004,927,6
O07204,2019,6,6,pre_covid,P015,Drawing Tablet (EdTech),Stationery & EdTech,155,C017,8694,6
O01144,2019,6,7,pre_covid,P009,Yoga Mat,Gym Equipment,1383,C015,1738,6
O01892,2019,6,7,pre_covid,P003,Smartphone,Electronics,394,C015,25504,2
O02521,2019,6,7,pre_covid,P013,Hand Sanitizer (Bulk Pack),Groceries & Hygiene,980,C004,1391,3
O05289,2019,6,7,pre_covid,P005,Microwave Oven,Home & Kitchen,57,C017,10433,11
O06043,2019,6,7,pre_covid,P005,Microwave Oven,Home & Kitchen,136,C012,10433,10
O00961,2019,6,8,pre_covid,P001,Laptop,Electronics,34,C017,63760,3
O06285,2019,6,8,pre_covid,P004,Air Purifier,Home & Kitchen,223,C015,13911,2
O02445,2019,6,9,pre_covid,P013,Hand Sanitizer (Bulk Pack),Groceries & Hygiene,1273,C009,1391,5
O03953,2019,6,9,pre_covid,P013,Hand Sanitizer (Bulk Pack),Groceries & Hygiene,1597,C014,1391,1
O05116,2019,6,9,pre_covid,P010,Men's Formal Shirts,Fashion,633,C007,2086,6
O00847,2019,6,10,pre_covid,P010,Men's Formal Shirts,Fashion,2873,C005,2086,2
O04705,2019,6,10,pre_covid,P002,Webcam & Headset Combo,Electronics,299,C003,5216,2
O05138,2019,6,10,pre_covid,P001,Laptop,Electronics,33,C012,63760,3
O05473,2019,6,10,pre_covid,P013,Hand Sanitizer (Bulk Pack),Groceries & Hygiene,152,C004,1391,3
O05843,2019,6,10,pre_covid,P010,Men's Formal Shirts,Fashion,209,C011,2086,2
O07542,2019,6,10,pre_covid,P009,Yoga Mat,Gym Equipment,1500,C010,1738,4
O05014,2019,6,12,pre_covid,P009,Yoga Mat,Gym Equipment,976,C019,1738,2
O05233,2019,6,13,pre_covid,P002,Webcam & Headset Combo,Electronics,257,C002,5216,6
O00463,2019,6,14,pre_covid,P007,Treadmill,Gym Equipment,30,C004,48689,3
O00644,2019,6,14,pre_covid,P011,Casual Loungewear Set,Fashion,3302,C017,1391,4
O05555,2019,6,14,pre_covid,P009,Yoga Mat,Gym Equipment,548,C007,1738,6
O02665,2019,6,15,pre_covid,P006,Office Chair (Ergonomic),Home & Kitchen,38,C018,9853,3
O06682,2019,6,15,pre_covid,P013,Hand Sanitizer (Bulk Pack),Groceries & Hygiene,731,C019,1391,3
O00659,2019,6,16,pre_covid,P003,Smartphone,Electronics,264,C001,25504,3
O01884,2019,6,16,pre_covid,P010,Men's Formal Shirts,Fashion,2285,C019,2086,3
O06311,2019,6,16,pre_covid,P005,Microwave Oven,Home & Kitchen,273,C003,10433,18
O06420,2019,6,16,pre_covid,P006,Office Chair (Ergonomic),Home & Kitchen,200,C016,9853,4
O03301,2019,6,17,pre_covid,P009,Yoga Mat,Gym Equipment,1187,C007,1738,6
O00277,2019,6,18,pre_covid,P014,Packaged Grocery Staples,Groceries & Hygiene,2881,C006,927,5
O00152,2019,6,19,pre_covid,P008,Resistance Bands & Dumbbell Set,Gym Equipment,1128,C001,4057,1
O02360,2019,6,19,pre_covid,P006,Office Chair (Ergonomic),Home & Kitchen,200,C015,9853,3
O03034,2019,6,19,pre_covid,P014,Packaged Grocery Staples,Groceries & Hygiene,2665,C012,927,1
O01538,2019,6,21,pre_covid,P007,Treadmill,Gym Equipment,80,C011,48689,1
O02850,2019,6,21,pre_covid,P013,Hand Sanitizer (Bulk Pack),Groceries & Hygiene,635,C016,1391,3
O06813,2019,6,21,pre_covid,P002,Webcam & Headset Combo,Electronics,130,C019,5216,6
O05110,2019,6,22,pre_covid,P002,Webcam & Headset Combo,Electronics,426,C005,5216,4
O02486,2019,6,23,pre_covid,P005,Microwave Oven,Home & Kitchen,201,C006,10433,20
O04278,2019,6,23,pre_covid,P004,Air Purifier,Home & Kitchen,96,C003,13911,5
O04874,2019,6,23,pre_covid,P010,Men's Formal Shirts,Fashion,836,C020,2086,5
O06423,2019,6,23,pre_covid,P014,Packaged Grocery Staples,Groceries & Hygiene,1774,C002,927,6
O03570,2019,6,24,pre_covid,P005,Microwave Oven,Home & Kitchen,275,C015,10433,9
O03589,2019,6,24,pre_covid,P010,Men's Formal Shirts,Fashion,1420,C013,2086,2
O05034,2019,6,24,pre_covid,P005,Microwave Oven,Home & Kitchen,268,C016,10433,12
O01481,2019,6,25,pre_covid,P012,Festive Sarees,Fashion,1129,C013,6955,2
O03968,2019,6,25,pre_covid,P011,Casual Loungewear Set,Fashion,2061,C005,1391,5
O00602,2019,6,26,pre_covid,P002,Webcam & Headset Combo,Electronics,217,C017,5216,5
O05544,2019,6,26,pre_covid,P004,Air Purifier,Home & Kitchen,93,C011,13911,4
O07071,2019,6,26,pre_covid,P005,Microwave Oven,Home & Kitchen,210,C002,10433,13
O07715,2019,6,26,pre_covid,P009,Yoga Mat,Gym Equipment,1416,C015,1738,1
O00137,2019,6,27,pre_covid,P002,Webcam & Headset Combo,Electronics,478,C009,5216,6
O01712,2019,6,27,pre_covid,P013,Hand Sanitizer (Bulk Pack),Groceries & Hygiene,1981,C001,1391,4
O02447,2019,6,27,pre_covid,P012,Festive Sarees,Fashion,544,C017,6955,1
O03520,2019,6,27,pre_covid,P009,Yoga Mat,Gym Equipment,1016,C009,1738,6
O07146,2019,6,27,pre_covid,P006,Office Chair (Ergonomic),Home & Kitchen,158,C013,9853,3
O01701,2019,6,28,pre_covid,P004,Air Purifier,Home & Kitchen,186,C014,13911,5
O02421,2019,6,28,pre_covid,P002,Webcam & Headset Combo,Electronics,45,C002,5216,3
O04931,2019,6,28,pre_covid,P009,Yoga Mat,Gym Equipment,1070,C003,1738,4
O05313,2019,6,28,pre_covid,P010,Men's Formal Shirts,Fashion,526,C006,2086,1
O07102,2019,6,28,pre_covid,P012,Festive Sarees,Fashion,659,C005,6955,5
O07430,2019,6,28,pre_covid,P012,Festive Sarees,Fashion,436,C007,6955,4
O07555,2019,6,28,pre_covid,P007,Treadmill,Gym Equipment,37,C005,48689,2
O05062,2019,6,30,pre_covid,P001,Laptop,Electronics,44,C004,63760,2
O01127,2019,7,1,pre_covid,P001,Laptop,Electronics,109,C018,63760,3
O01736,2019,7,1,pre_covid,P001,Laptop,Electronics,19,C007,63760,6
O03171,2019,7,1,pre_covid,P010,Men's Formal Shirts,Fashion,1650,C003,2086,3
O05964,2019,7,1,pre_covid,P001,Laptop,Electronics,127,C015,63760,3
O02700,2019,7,2,pre_covid,P007,Treadmill,Gym Equipment,80,C003,48689,1
O03406,2019,7,2,pre_covid,P002,Webcam & Headset Combo,Electronics,237,C017,5216,3
O06953,2019,7,2,pre_covid,P007,Treadmill,Gym Equipment,38,C016,48689,2
O00080,2019,7,3,pre_covid,P003,Smartphone,Electronics,389,C018,25504,1
O00361,2019,7,3,pre_covid,P001,Laptop,Electronics,94,C012,63760,7
O00716,2019,7,3,pre_covid,P014,Packaged Grocery Staples,Groceries & Hygiene,2945,C011,927,2
O02238,2019,7,3,pre_covid,P015,Drawing Tablet (EdTech),Stationery & EdTech,154,C017,8694,6
O06082,2019,7,3,pre_covid,P001,Laptop,Electronics,72,C015,63760,6
O01555,2019,7,4,pre_covid,P004,Air Purifier,Home & Kitchen,237,C014,13911,4
O02051,2019,7,4,pre_covid,P001,Laptop,Electronics,33,C020,63760,5
O05550,2019,7,4,pre_covid,P004,Air Purifier,Home & Kitchen,86,C004,13911,5
O06228,2019,7,4,pre_covid,P003,Smartphone,Electronics,252,C007,25504,1
O07949,2019,7,4,pre_covid,P002,Webcam & Headset Combo,Electronics,259,C009,5216,4
O06078,2019,7,5,pre_covid,P001,Laptop,Electronics,80,C005,63760,8
O03676,2019,7,6,pre_covid,P004,Air Purifier,Home & Kitchen,255,C015,13911,2
O07512,2019,7,6,pre_covid,P015,Drawing Tablet (EdTech),Stationery & EdTech,220,C015,8694,5
O00449,2019,7,7,pre_covid,P002,Webcam & Headset Combo,Electronics,282,C008,5216,5
O03144,2019,7,7,pre_covid,P002,Webcam & Headset Combo,Electronics,532,C018,5216,6
O03267,2019,7,7,pre_covid,P015,Drawing Tablet (EdTech),Stationery & EdTech,22,C002,8694,14
O05496,2019,7,8,pre_covid,P005,Microwave Oven,Home & Kitchen,145,C019,10433,10
O05830,2019,7,8,pre_covid,P012,Festive Sarees,Fashion,70,C001,6955,5
O05423,2019,7,9,pre_covid,P001,Laptop,Electronics,61,C017,63760,5
O03558,2019,7,10,pre_covid,P007,Treadmill,Gym Equipment,30,C007,48689,3
O05578,2019,7,10,pre_covid,P003,Smartphone,Electronics,366,C015,25504,1
O04634,2019,7,11,pre_covid,P005,Microwave Oven,Home & Kitchen,271,C007,10433,19
O05453,2019,7,11,pre_covid,P011,Casual Loungewear Set,Fashion,1154,C014,1391,2
O05846,2019,7,11,pre_covid,P007,Treadmill,Gym Equipment,5,C018,48689,2
O07748,2019,7,11,pre_covid,P006,Office Chair (Ergonomic),Home & Kitchen,169,C011,9853,1
O01223,2019,7,12,pre_covid,P015,Drawing Tablet (EdTech),Stationery & EdTech,38,C012,8694,17
O02511,2019,7,12,pre_covid,P015,Drawing Tablet (EdTech),Stationery & EdTech,300,C017,8694,14
O00689,2019,7,13,pre_covid,P015,Drawing Tablet (EdTech),Stationery & EdTech,84,C012,8694,5
O01430,2019,7,13,pre_covid,P015,Drawing Tablet (EdTech),Stationery & EdTech,249,C010,8694,12
O05477,2019,7,13,pre_covid,P006,Office Chair (Ergonomic),Home & Kitchen,59,C003,9853,3
O07358,2019,7,13,pre_covid,P013,Hand Sanitizer (Bulk Pack),Groceries & Hygiene,84,C011,1391,3
O03072,2019,7,15,pre_covid,P015,Drawing Tablet (EdTech),Stationery & EdTech,187,C004,8694,7
O04424,2019,7,15,pre_covid,P010,Men's Formal Shirts,Fashion,1061,C020,2086,5
O04815,2019,7,15,pre_covid,P012,Festive Sarees,Fashion,677,C004,6955,3
O00154,2019,7,16,pre_covid,P015,Drawing Tablet (EdTech),Stationery & EdTech,150,C008,8694,20
O01264,2019,7,16,pre_covid,P009,Yoga Mat,Gym Equipment,1318,C002,1738,5
O01675,2019,7,16,pre_covid,P010,Men's Formal Shirts,Fashion,2431,C004,2086,3
O06546,2019,7,16,pre_covid,P011,Casual Loungewear Set,Fashion,925,C007,1391,5
O04300,2019,7,17,pre_covid,P015,Drawing Tablet (EdTech),Stationery & EdTech,116,C010,8694,8
O00107,2019,7,19,pre_covid,P006,Office Chair (Ergonomic),Home & Kitchen,137,C008,9853,4
O02933,2019,7,19,pre_covid,P005,Microwave Oven,Home & Kitchen,116,C018,10433,18
O03655,2019,7,19,pre_covid,P004,Air Purifier,Home & Kitchen,256,C006,13911,1
O04080,2019,7,19,pre_covid,P007,Treadmill,Gym Equipment,62,C008,48689,1
O03944,2019,7,20,pre_covid,P001,Laptop,Electronics,150,C010,63760,6
O05395,2019,7,20,pre_covid,P003,Smartphone,Electronics,24,C001,25504,3
O01730,2019,7,21,pre_covid,P008,Resistance Bands & Dumbbell Set,Gym Equipment,1137,C016,4057,1
O00119,2019,7,22,pre_covid,P007,Treadmill,Gym Equipment,46,C001,48689,1
O00425,2019,7,22,pre_covid,P003,Smartphone,Electronics,338,C014,25504,1
O01658,2019,7,22,pre_covid,P011,Casual Loungewear Set,Fashion,3223,C019,1391,4
O03002,2019,7,22,pre_covid,P009,Yoga Mat,Gym Equipment,1206,C014,1738,4
O06654,2019,7,22,pre_covid,P014,Packaged Grocery Staples,Groceries & Hygiene,1656,C020,927,5
O07214,2019,7,22,pre_covid,P015,Drawing Tablet (EdTech),Stationery & EdTech,149,C003,8694,7
O07492,2019,7,22,pre_covid,P015,Drawing Tablet (EdTech),Stationery & EdTech,226,C006,8694,5
O00005,2019,7,23,pre_covid,P001,Laptop,Electronics,146,C018,63760,7
O03473,2019,7,23,pre_covid,P006,Office Chair (Ergonomic),Home & Kitchen,188,C009,9853,1
O05240,2019,7,23,pre_covid,P014,Packaged Grocery Staples,Groceries & Hygiene,2322,C015,927,2
O03383,2019,7,24,pre_covid,P013,Hand Sanitizer (Bulk Pack),Groceries & Hygiene,227,C005,1391,5
O04878,2019,7,24,pre_covid,P005,Microwave Oven,Home & Kitchen,51,C012,10433,17
O05177,2019,7,24,pre_covid,P010,Men's Formal Shirts,Fashion,568,C011,2086,2
O02848,2019,7,25,pre_covid,P010,Men's Formal Shirts,Fashion,1805,C020,2086,1
O03430,2019,7,25,pre_covid,P002,Webcam & Headset Combo,Electronics,212,C014,5216,4
O07798,2019,7,25,pre_covid,P001,Laptop,Electronics,36,C016,63760,3
O01745,2019,7,26,pre_covid,P011,Casual Loungewear Set,Fashion,3169,C011,1391,5
O04810,2019,7,27,pre_covid,P008,Resistance Bands & Dumbbell Set,Gym Equipment,1102,C014,4057,3
O06330,2019,7,27,pre_covid,P009,Yoga Mat,Gym Equipment,1155,C019,1738,5
O06741,2019,7,27,pre_covid,P006,Office Chair (Ergonomic),Home & Kitchen,35,C008,9853,5
O02269,2019,7,29,pre_covid,P006,Office Chair (Ergonomic),Home & Kitchen,113,C016,9853,4
O04449,2019,7,29,pre_covid,P004,Air Purifier,Home & Kitchen,42,C006,13911,3
O01361,2019,8,1,pre_covid,P011,Casual Loungewear Set,Fashion,2840,C018,1391,5
O03573,2019,8,1,pre_covid,P001,Laptop,Electronics,46,C017,63760,3
O03435,2019,8,2,pre_covid,P012,Festive Sarees,Fashion,1322,C019,6955,3
O03828,2019,8,2,pre_covid,P010,Men's Formal Shirts,Fashion,1350,C005,2086,5
O06143,2019,8,2,pre_covid,P013,Hand Sanitizer (Bulk Pack),Groceries & Hygiene,1304,C015,1391,5
O06168,2019,8,3,pre_covid,P001,Laptop,Electronics,62,C019,63760,8
O01521,2019,8,4,pre_covid,P012,Festive Sarees,Fashion,1103,C002,6955,5
O04975,2019,8,4,pre_covid,P003,Smartphone,Electronics,137,C015,25504,1
O05728,2019,8,4,pre_covid,P012,Festive Sarees,Fashion,135,C004,6955,6
O02616,2019,8,5,pre_covid,P003,Smartphone,Electronics,303,C016,25504,3
O06173,2019,8,5,pre_covid,P015,Drawing Tablet (EdTech),Stationery & EdTech,72,C007,8694,15
O01757,2019,8,6,pre_covid,P004,Air Purifier,Home & Kitchen,153,C018,13911,5
O02784,2019,8,6,pre_covid,P010,Men's Formal Shirts,Fashion,1846,C018,2086,5
O01441,2019,8,7,pre_covid,P013,Hand Sanitizer (Bulk Pack),Groceries & Hygiene,218,C011,1391,5
O03871,2019,8,7,pre_covid,P013,Hand Sanitizer (Bulk Pack),Groceries & Hygiene,1624,C004,1391,3
O06315,2019,8,7,pre_covid,P001,Laptop,Electronics,128,C020,63760,2
O04854,2019,8,8,pre_covid,P011,Casual Loungewear Set,Fashion,1626,C006,1391,2
O04921,2019,8,8,pre_covid,P009,Yoga Mat,Gym Equipment,1076,C006,1738,6
O00695,2019,8,9,pre_covid,P001,Laptop,Electronics,124,C004,63760,8
O01424,2019,8,9,pre_covid,P003,Smartphone,Electronics,118,C018,25504,3
O07862,2019,8,9,pre_covid,P001,Laptop,Electronics,10,C020,63760,3
O01198,2019,8,10,pre_covid,P001,Laptop,Electronics,90,C002,63760,2
O02602,2019,8,10,pre_covid,P005,Microwave Oven,Home & Kitchen,67,C003,10433,6
O03548,2019,8,10,pre_covid,P014,Packaged Grocery Staples,Groceries & Hygiene,2465,C017,927,6
O03587,2019,8,10,pre_covid,P001,Laptop,Electronics,39,C010,63760,2
O03941,2019,8,11,pre_covid,P003,Smartphone,Electronics,382,C008,25504,1
O04622,2019,8,11,pre_covid,P014,Packaged Grocery Staples,Groceries & Hygiene,2615,C015,927,2
O02126,2019,8,12,pre_covid,P009,Yoga Mat,Gym Equipment,343,C019,1738,3
O05210,2019,8,12,pre_covid,P014,Packaged Grocery Staples,Groceries & Hygiene,2324,C008,927,2
O06661,2019,8,13,pre_covid,P015,Drawing Tablet (EdTech),Stationery & EdTech,283,C019,8694,6
O02814,2019,8,14,pre_covid,P006,Office Chair (Ergonomic),Home & Kitchen,189,C003,9853,6
O06831,2019,8,14,pre_covid,P010,Men's Formal Shirts,Fashion,1405,C005,2086,3
O02119,2019,8,15,pre_covid,P004,Air Purifier,Home & Kitchen,48,C015,13911,6
O05145,2019,8,15,pre_covid,P001,Laptop,Electronics,30,C018,63760,3
O04723,2019,8,16,pre_covid,P010,Men's Formal Shirts,Fashion,920,C018,2086,1
O03037,2019,8,18,pre_covid,P011,Casual Loungewear Set,Fashion,2573,C011,1391,3
O04390,2019,8,18,pre_covid,P015,Drawing Tablet (EdTech),Stationery & EdTech,297,C002,8694,20
O01843,2019,8,19,pre_covid,P003,Smartphone,Electronics,27,C012,25504,2
O07675,2019,8,19,pre_covid,P015,Drawing Tablet (EdTech),Stationery & EdTech,11,C020,8694,11
O01645,2019,8,20,pre_covid,P001,Laptop,Electronics,65,C020,63760,5
O03678,2019,8,20,pre_covid,P015,Drawing Tablet (EdTech),Stationery & EdTech,239,C003,8694,7
O05774,2019,8,20,pre_covid,P001,Laptop,Electronics,58,C007,63760,3
O06147,2019,8,22,pre_covid,P002,Webcam & Headset Combo,Electronics,572,C001,5216,4
O06260,2019,8,22,pre_covid,P006,Office Chair (Ergonomic),Home & Kitchen,141,C011,9853,5
O04334,2019,8,23,pre_covid,P015,Drawing Tablet (EdTech),Stationery & EdTech,39,C001,8694,12
O05826,2019,8,23,pre_covid,P002,Webcam & Headset Combo,Electronics,313,C007,5216,3
O06406,2019,8,23,pre_covid,P015,Drawing Tablet (EdTech),Stationery & EdTech,222,C004,8694,11
O03663,2019,8,24,pre_covid,P011,Casual Loungewear Set,Fashion,2269,C008,1391,1
O04776,2019,8,24,pre_covid,P002,Webcam & Headset Combo,Electronics,196,C005,5216,5
O00635,2019,8,25,pre_covid,P008,Resistance Bands & Dumbbell Set,Gym Equipment,868,C016,4057,1
O05610,2019,8,25,pre_covid,P001,Laptop,Electronics,136,C015,63760,6
O00446,2019,8,26,pre_covid,P008,Resistance Bands & Dumbbell Set,Gym Equipment,988,C009,4057,4
O02372,2019,8,26,pre_covid,P012,Festive Sarees,Fashion,591,C011,6955,6
O03049,2019,8,26,pre_covid,P001,Laptop,Electronics,84,C010,63760,3
O03556,2019,8,26,pre_covid,P013,Hand Sanitizer (Bulk Pack),Groceries & Hygiene,1915,C009,1391,3
O04022,2019,8,26,pre_covid,P011,Casual Loungewear Set,Fashion,2022,C001,1391,5
O04318,2019,8,26,pre_covid,P003,Smartphone,Electronics,296,C019,25504,1
O06841,2019,8,26,pre_covid,P005,Microwave Oven,Home & Kitchen,105,C018,10433,5
O07823,2019,8,26,pre_covid,P001,Laptop,Electronics,25,C017,63760,3
O02845,2019,8,27,pre_covid,P010,Men's Formal Shirts,Fashion,1810,C016,2086,5
O04073,2019,8,27,pre_covid,P003,Smartphone,Electronics,370,C017,25504,3
O04769,2019,8,27,pre_covid,P009,Yoga Mat,Gym Equipment,1216,C018,1738,2
O01320,2019,8,28,pre_covid,P001,Laptop,Electronics,53,C011,63760,7
O01562,2019,8,28,pre_covid,P001,Laptop,Electronics,85,C015,63760,6
O02599,2019,8,28,pre_covid,P015,Drawing Tablet (EdTech),Stationery & EdTech,209,C015,8694,13
O05582,2019,8,28,pre_covid,P013,Hand Sanitizer (Bulk Pack),Groceries & Hygiene,1983,C019,1391,1
O06011,2019,8,29,pre_covid,P014,Packaged Grocery Staples,Groceries & Hygiene,1976,C007,927,4
O01838,2019,8,30,pre_covid,P002,Webcam & Headset Combo,Electronics,600,C004,5216,5
O02944,2019,8,30,pre_covid,P007,Treadmill,Gym Equipment,21,C005,48689,1
O04427,2019,9,1,pre_covid,P012,Festive Sarees,Fashion,933,C019,6955,4
O04609,2019,9,1,pre_covid,P010,Men's Formal Shirts,Fashion,981,C018,2086,3
O05208,2019,9,1,pre_covid,P012,Festive Sarees,Fashion,451,C011,6955,1
O05693,2019,9,1,pre_covid,P011,Casual Loungewear Set,Fashion,1104,C017,1391,6
O05849,2019,9,2,pre_covid,P008,Resistance Bands & Dumbbell Set,Gym Equipment,59,C017,4057,2
O06474,2019,9,2,pre_covid,P014,Packaged Grocery Staples,Groceries & Hygiene,1768,C002,927,6
O02399,2019,9,3,pre_covid,P002,Webcam & Headset Combo,Electronics,95,C014,5216,5
O04302,2019,9,3,pre_covid,P002,Webcam & Headset Combo,Electronics,138,C013,5216,5
O06469,2019,9,3,pre_covid,P007,Treadmill,Gym Equipment,10,C004,48689,3
O06751,2019,9,4,pre_covid,P003,Smartphone,Electronics,123,C015,25504,1
O01618,2019,9,5,pre_covid,P011,Casual Loungewear Set,Fashion,3230,C002,1391,6
O05097,2019,9,5,pre_covid,P006,Office Chair (Ergonomic),Home & Kitchen,123,C001,9853,2
O05941,2019,9,5,pre_covid,P015,Drawing Tablet (EdTech),Stationery & EdTech,251,C005,8694,5
O06903,2019,9,5,pre_covid,P005,Microwave Oven,Home & Kitchen,80,C006,10433,2
O07623,2019,9,5,pre_covid,P009,Yoga Mat,Gym Equipment,1444,C018,1738,3
O07876,2019,9,5,pre_covid,P008,Resistance Bands & Dumbbell Set,Gym Equipment,423,C007,4057,2
O02709,2019,9,6,pre_covid,P003,Smartphone,Electronics,291,C016,25504,3
O07830,2019,9,6,pre_covid,P014,Packaged Grocery Staples,Groceries & Hygiene,1066,C019,927,5
O00578,2019,9,7,pre_covid,P005,Microwave Oven,Home & Kitchen,281,C006,10433,3
O02798,2019,9,7,pre_covid,P001,Laptop,Electronics,150,C011,63760,1
O05081,2019,9,7,pre_covid,P003,Smartphone,Electronics,118,C002,25504,2
O01487,2019,9,8,pre_covid,P014,Packaged Grocery Staples,Groceries & Hygiene,3024,C020,927,2
O02109,2019,9,8,pre_covid,P010,Men's Formal Shirts,Fashion,2216,C016,2086,1
O06883,2019,9,8,pre_covid,P002,Webcam & Headset Combo,Electronics,113,C003,5216,5
O05073,2019,9,9,pre_covid,P003,Smartphone,Electronics,127,C019,25504,3
O02663,2019,9,10,pre_covid,P013,Hand Sanitizer (Bulk Pack),Groceries & Hygiene,848,C018,1391,3
O00546,2019,9,11,pre_covid,P012,Festive Sarees,Fashion,1618,C019,6955,4
O02086,2019,9,11,pre_covid,P008,Resistance Bands & Dumbbell Set,Gym Equipment,859,C018,4057,5
O02922,2019,9,11,pre_covid,P004,Air Purifier,Home & Kitchen,109,C016,13911,6
O04447,2019,9,11,pre_covid,P007,Treadmill,Gym Equipment,43,C006,48689,3
O05710,2019,9,11,pre_covid,P001,Laptop,Electronics,82,C003,63760,1
O04719,2019,9,12,pre_covid,P012,Festive Sarees,Fashion,768,C016,6955,6
O06866,2019,9,12,pre_covid,P007,Treadmill,Gym Equipment,24,C007,48689,1
O00419,2019,9,13,pre_covid,P014,Packaged Grocery Staples,Groceries & Hygiene,3111,C006,927,3
O03990,2019,9,13,pre_covid,P008,Resistance Bands & Dumbbell Set,Gym Equipment,470,C003,4057,4
O03441,2019,9,14,pre_covid,P013,Hand Sanitizer (Bulk Pack),Groceries & Hygiene,199,C016,1391,2
O00270,2019,9,15,pre_covid,P004,Air Purifier,Home & Kitchen,216,C013,13911,6
O01627,2019,9,15,pre_covid,P012,Festive Sarees,Fashion,1053,C018,6955,6
O01472,2019,9,16,pre_covid,P012,Festive Sarees,Fashion,1130,C011,6955,1
O02682,2019,9,16,pre_covid,P015,Drawing Tablet (EdTech),Stationery & EdTech,146,C020,8694,2
O02988,2019,9,16,pre_covid,P011,Casual Loungewear Set,Fashion,2630,C018,1391,2
O04296,2019,9,16,pre_covid,P006,Office Chair (Ergonomic),Home & Kitchen,63,C014,9853,1
O01289,2019,9,17,pre_covid,P014,Packaged Grocery Staples,Groceries & Hygiene,2713,C016,927,3
O06034,2019,9,17,pre_covid,P007,Treadmill,Gym Equipment,43,C015,48689,2
O00130,2019,9,18,pre_covid,P013,Hand Sanitizer (Bulk Pack),Groceries & Hygiene,1304,C011,1391,6
O05086,2019,9,18,pre_covid,P011,Casual Loungewear Set,Fashion,1435,C016,1391,6
O01862,2019,9,19,pre_covid,P012,Festive Sarees,Fashion,928,C003,6955,2
O05460,2019,9,19,pre_covid,P010,Men's Formal Shirts,Fashion,431,C012,2086,5
O05638,2019,9,20,pre_covid,P009,Yoga Mat,Gym Equipment,427,C017,1738,4
O02190,2019,9,21,pre_covid,P007,Treadmill,Gym Equipment,80,C019,48689,2
O04386,2019,9,21,pre_covid,P006,Office Chair (Ergonomic),Home & Kitchen,56,C016,9853,2
O06505,2019,9,21,pre_covid,P013,Hand Sanitizer (Bulk Pack),Groceries & Hygiene,948,C001,1391,6
O01034,2019,9,22,pre_covid,P002,Webcam & Headset Combo,Electronics,400,C016,5216,1
O01753,2019,9,22,pre_covid,P001,Laptop,Electronics,148,C019,63760,1
O03010,2019,9,22,pre_covid,P004,Air Purifier,Home & Kitchen,88,C011,13911,1
O03923,2019,9,22,pre_covid,P004,Air Purifier,Home & Kitchen,190,C011,13911,1
O04944,2019,9,22,pre_covid,P004,Air Purifier,Home & Kitchen,187,C007,13911,4
O05312,2019,9,22,pre_covid,P010,Men's Formal Shirts,Fashion,528,C020,2086,2
O06263,2019,9,22,pre_covid,P002,Webcam & Headset Combo,Electronics,523,C013,5216,2
O07649,2019,9,22,pre_covid,P002,Webcam & Headset Combo,Electronics,498,C017,5216,2
O00326,2019,9,23,pre_covid,P001,Laptop,Electronics,113,C016,63760,3
O02019,2019,9,23,pre_covid,P010,Men's Formal Shirts,Fashion,2268,C020,2086,6
O02965,2019,9,25,pre_covid,P013,Hand Sanitizer (Bulk Pack),Groceries & Hygiene,509,C018,1391,4
O04494,2019,9,25,pre_covid,P012,Festive Sarees,Fashion,911,C013,6955,6
O00473,2019,9,26,pre_covid,P011,Casual Loungewear Set,Fashion,3398,C017,1391,4
O02898,2019,9,26,pre_covid,P008,Resistance Bands & Dumbbell Set,Gym Equipment,200,C020,4057,4
O03184,2019,9,26,pre_covid,P013,Hand Sanitizer (Bulk Pack),Groceries & Hygiene,398,C006,1391,3
O03752,2019,9,26,pre_covid,P008,Resistance Bands & Dumbbell Set,Gym Equipment,761,C009,4057,2
O03905,2019,9,26,pre_covid,P013,Hand Sanitizer (Bulk Pack),Groceries & Hygiene,1617,C007,1391,2
O04162,2019,9,26,pre_covid,P003,Smartphone,Electronics,333,C019,25504,1
O04585,2019,9,26,pre_covid,P003,Smartphone,Electronics,229,C012,25504,3
O02621,2019,9,27,pre_covid,P004,Air Purifier,Home & Kitchen,225,C016,13911,4
O02728,2019,9,27,pre_covid,P012,Festive Sarees,Fashion,377,C018,6955,1
O04293,2019,9,27,pre_covid,P001,Laptop,Electronics,35,C006,63760,2
O00492,2019,9,28,pre_covid,P003,Smartphone,Electronics,327,C014,25504,2
O02317,2019,9,28,pre_covid,P012,Festive Sarees,Fashion,598,C005,6955,4
O02867,2019,9,28,pre_covid,P007,Treadmill,Gym Equipment,47,C010,48689,1
O02227,2019,9,29,pre_covid,P013,Hand Sanitizer (Bulk Pack),Groceries & Hygiene,1546,C007,1391,2
O03231,2019,9,29,pre_covid,P003,Smartphone,Electronics,149,C003,25504,1
O00943,2019,9,30,pre_covid,P013,Hand Sanitizer (Bulk Pack),Groceries & Hygiene,716,C013,1391,4
O04677,2019,9,30,pre_covid,P001,Laptop,Electronics,33,C019,63760,2
O00364,2019,10,1,pre_covid,P002,Webcam & Headset Combo,Electronics,443,C010,5216,14
O00925,2019,10,1,pre_covid,P012,Festive Sarees,Fashion,1427,C013,6955,10
O03763,2019,10,1,pre_covid,P009,Yoga Mat,Gym Equipment,822,C002,1738,6
O04489,2019,10,1,pre_covid,P009,Yoga Mat,Gym Equipment,1500,C017,1738,2
O05930,2019,10,1,pre_covid,P001,Laptop,Electronics,134,C014,63760,3
O06671,2019,10,1,pre_covid,P010,Men's Formal Shirts,Fashion,1548,C002,2086,16
O01908,2019,10,2,pre_covid,P002,Webcam & Headset Combo,Electronics,545,C004,5216,8
O04070,2019,10,2,pre_covid,P003,Smartphone,Electronics,373,C020,25504,3
O06647,2019,10,2,pre_covid,P003,Smartphone,Electronics,144,C018,25504,8
O03600,2019,10,3,pre_covid,P012,Festive Sarees,Fashion,1137,C011,6955,20
O03006,2019,10,4,pre_covid,P003,Smartphone,Electronics,221,C012,25504,5
O03299,2019,10,4,pre_covid,P012,Festive Sarees,Fashion,1431,C007,6955,6
O05566,2019,10,4,pre_covid,P004,Air Purifier,Home & Kitchen,71,C006,13911,2
O02284,2019,10,5,pre_covid,P007,Treadmill,Gym Equipment,57,C019,48689,1
O03529,2019,10,6,pre_covid,P013,Hand Sanitizer (Bulk Pack),Groceries & Hygiene,1972,C010,1391,1
O05946,2019,10,8,pre_covid,P011,Casual Loungewear Set,Fashion,1073,C013,1391,4
O04085,2019,10,9,pre_covid,P008,Resistance Bands & Dumbbell Set,Gym Equipment,401,C002,4057,3
O02529,2019,10,10,pre_covid,P006,Office Chair (Ergonomic),Home & Kitchen,132,C014,9853,4
O02549,2019,10,10,pre_covid,P008,Resistance Bands & Dumbbell Set,Gym Equipment,541,C008,4057,2
O06885,2019,10,10,pre_covid,P011,Casual Loungewear Set,Fashion,823,C018,1391,4
O07684,2019,10,10,pre_covid,P003,Smartphone,Electronics,275,C018,25504,6
O04261,2019,10,11,pre_covid,P013,Hand Sanitizer (Bulk Pack),Groceries & Hygiene,1184,C002,1391,1
O05074,2019,10,11,pre_covid,P008,Resistance Bands & Dumbbell Set,Gym Equipment,789,C010,4057,1
O05112,2019,10,11,pre_covid,P009,Yoga Mat,Gym Equipment,930,C008,1738,2
O01875,2019,10,12,pre_covid,P002,Webcam & Headset Combo,Electronics,576,C006,5216,8
O06237,2019,10,12,pre_covid,P014,Packaged Grocery Staples,Groceries & Hygiene,1869,C005,927,4
O01427,2019,10,13,pre_covid,P004,Air Purifier,Home & Kitchen,267,C012,13911,4
O01038,2019,10,14,pre_covid,P007,Treadmill,Gym Equipment,80,C004,48689,1
O01220,2019,10,14,pre_covid,P003,Smartphone,Electronics,201,C018,25504,2
O01662,2019,10,14,pre_covid,P015,Drawing Tablet (EdTech),Stationery & EdTech,271,C002,8694,1
O02288,2019,10,14,pre_covid,P012,Festive Sarees,Fashion,641,C020,6955,17
O05301,2019,10,14,pre_covid,P010,Men's Formal Shirts,Fashion,534,C017,2086,6
O06321,2019,10,14,pre_covid,P008,Resistance Bands & Dumbbell Set,Gym Equipment,936,C015,4057,2
O00457,2019,10,15,pre_covid,P012,Festive Sarees,Fashion,1655,C018,6955,6
O01360,2019,10,15,pre_covid,P002,Webcam & Headset Combo,Electronics,152,C002,5216,14
O06721,2019,10,15,pre_covid,P011,Casual Loungewear Set,Fashion,885,C010,1391,3
O01523,2019,10,16,pre_covid,P004,Air Purifier,Home & Kitchen,247,C004,13911,4
O01432,2019,10,17,pre_covid,P003,Smartphone,Electronics,115,C002,25504,2
O01478,2019,10,17,pre_covid,P014,Packaged Grocery Staples,Groceries & Hygiene,2641,C019,927,1
O01871,2019,10,17,pre_covid,P010,Men's Formal Shirts,Fashion,2308,C001,2086,18
O02053,2019,10,17,pre_covid,P010,Men's Formal Shirts,Fashion,2256,C013,2086,19
O03216,2019,10,17,pre_covid,P012,Festive Sarees,Fashion,1490,C012,6955,20
O05763,2019,10,17,pre_covid,P014,Packaged Grocery Staples,Groceries & Hygiene,2070,C010,927,1
O06702,2019,10,17,pre_covid,P005,Microwave Oven,Home & Kitchen,212,C002,10433,2
O03851,2019,10,18,pre_covid,P004,Air Purifier,Home & Kitchen,198,C003,13911,6
O05027,2019,10,18,pre_covid,P008,Resistance Bands & Dumbbell Set,Gym Equipment,839,C002,4057,3
O06892,2019,10,18,pre_covid,P010,Men's Formal Shirts,Fashion,1388,C014,2086,13
O07724,2019,10,18,pre_covid,P010,Men's Formal Shirts,Fashion,915,C007,2086,12
O02121,2019,10,20,pre_covid,P001,Laptop,Electronics,10,C018,63760,6
O03102,2019,10,20,pre_covid,P007,Treadmill,Gym Equipment,52,C014,48689,3
O05384,2019,10,20,pre_covid,P001,Laptop,Electronics,92,C015,63760,3
O00939,2019,10,21,pre_covid,P005,Microwave Oven,Home & Kitchen,253,C008,10433,5
O00999,2019,10,21,pre_covid,P007,Treadmill,Gym Equipment,23,C006,48689,1
O02092,2019,10,22,pre_covid,P008,Resistance Bands & Dumbbell Set,Gym Equipment,854,C007,4057,5
O05374,2019,10,22,pre_covid,P007,Treadmill,Gym Equipment,19,C001,48689,1
O07059,2019,10,22,pre_covid,P003,Smartphone,Electronics,49,C001,25504,8
O00536,2019,10,23,pre_covid,P003,Smartphone,Electronics,305,C017,25504,2
O04119,2019,10,23,pre_covid,P001,Laptop,Electronics,88,C008,63760,5
O00338,2019,10,25,pre_covid,P006,Office Chair (Ergonomic),Home & Kitchen,131,C019,9853,6
O02940,2019,10,25,pre_covid,P003,Smartphone,Electronics,234,C007,25504,6
O02146,2019,10,26,pre_covid,P013,Hand Sanitizer (Bulk Pack),Groceries & Hygiene,1639,C011,1391,1
O03598,2019,10,26,pre_covid,P012,Festive Sarees,Fashion,1142,C016,6955,5
O00351,2019,10,28,pre_covid,P005,Microwave Oven,Home & Kitchen,135,C010,10433,3
O01442,2019,10,28,pre_covid,P010,Men's Formal Shirts,Fashion,2599,C013,2086,8
O02185,2019,10,28,pre_covid,P011,Casual Loungewear Set,Fashion,3043,C017,1391,2
O04571,2019,10,28,pre_covid,P004,Air Purifier,Home & Kitchen,266,C006,13911,6
O04608,2019,10,28,pre_covid,P011,Casual Loungewear Set,Fashion,1796,C005,1391,1
O06535,2019,10,28,pre_covid,P015,Drawing Tablet (EdTech),Stationery & EdTech,89,C018,8694,2
O01258,2019,10,29,pre_covid,P012,Festive Sarees,Fashion,1254,C017,6955,8
O05800,2019,10,29,pre_covid,P010,Men's Formal Shirts,Fashion,253,C007,2086,14
O04169,2019,10,30,pre_covid,P010,Men's Formal Shirts,Fashion,1215,C011,2086,16
O05082,2019,10,30,pre_covid,P006,Office Chair (Ergonomic),Home & Kitchen,151,C019,9853,3
O06055,2019,10,30,pre_covid,P013,Hand Sanitizer (Bulk Pack),Groceries & Hygiene,1374,C012,1391,4
O06276,2019,10,30,pre_covid,P003,Smartphone,Electronics,230,C003,25504,4
O01867,2019,10,31,pre_covid,P012,Festive Sarees,Fashion,914,C007,6955,12
O04787,2019,10,31,pre_covid,P001,Laptop,Electronics,137,C013,63760,2
O04957,2019,10,31,pre_covid,P009,Yoga Mat,Gym Equipment,1037,C015,1738,3
O07131,2019,10,31,pre_covid,P006,Office Chair (Ergonomic),Home & Kitchen,159,C018,9853,1
O05924,2019,11,1,pre_covid,P002,Webcam & Headset Combo,Electronics,234,C004,5216,18
O02331,2019,11,2,pre_covid,P010,Men's Formal Shirts,Fashion,2079,C018,2086,19
O03194,2019,11,2,pre_covid,P003,Smartphone,Electronics,170,C013,25504,2
O04137,2019,11,2,pre_covid,P013,Hand Sanitizer (Bulk Pack),Groceries & Hygiene,1370,C017,1391,4
O04474,2019,11,2,pre_covid,P001,Laptop,Electronics,131,C017,63760,3
O04617,2019,11,2,pre_covid,P010,Men's Formal Shirts,Fashion,978,C013,2086,8
O07859,2019,11,2,pre_covid,P012,Festive Sarees,Fashion,147,C019,6955,10
O01263,2019,11,3,pre_covid,P003,Smartphone,Electronics,182,C005,25504,3
O03984,2019,11,3,pre_covid,P013,Hand Sanitizer (Bulk Pack),Groceries & Hygiene,1552,C011,1391,6
O06109,2019,11,3,pre_covid,P012,Festive Sarees,Fashion,1267,C020,6955,10
O01516,2019,11,4,pre_covid,P001,Laptop,Electronics,106,C006,63760,2
O01977,2019,11,5,pre_covid,P006,Office Chair (Ergonomic),Home & Kitchen,92,C002,9853,2
O02536,2019,11,5,pre_covid,P014,Packaged Grocery Staples,Groceries & Hygiene,2924,C012,927,6
O05752,2019,11,5,pre_covid,P014,Packaged Grocery Staples,Groceries & Hygiene,2102,C004,927,2
O06520,2019,11,5,pre_covid,P002,Webcam & Headset Combo,Electronics,308,C003,5216,9
O07207,2019,11,5,pre_covid,P011,Casual Loungewear Set,Fashion,547,C015,1391,3
O07899,2019,11,5,pre_covid,P003,Smartphone,Electronics,252,C010,25504,4
O00422,2019,11,7,pre_covid,P010,Men's Formal Shirts,Fashion,2854,C009,2086,12
O02345,2019,11,8,pre_covid,P006,Office Chair (Ergonomic),Home & Kitchen,64,C003,9853,5
O02687,2019,11,8,pre_covid,P013,Hand Sanitizer (Bulk Pack),Groceries & Hygiene,785,C003,1391,3
O02732,2019,11,8,pre_covid,P007,Treadmill,Gym Equipment,72,C013,48689,1
O02852,2019,11,8,pre_covid,P010,Men's Formal Shirts,Fashion,1804,C006,2086,13
O03832,2019,11,8,pre_covid,P010,Men's Formal Shirts,Fashion,1345,C020,2086,11
O07647,2019,11,8,pre_covid,P012,Festive Sarees,Fashion,276,C005,6955,16
O07712,2019,11,8,pre_covid,P005,Microwave Oven,Home & Kitchen,54,C020,10433,6
O01417,2019,11,9,pre_covid,P012,Festive Sarees,Fashion,1174,C019,6955,7
O06624,2019,11,9,pre_covid,P005,Microwave Oven,Home & Kitchen,227,C011,10433,4
O01318,2019,11,10,pre_covid,P015,Drawing Tablet (EdTech),Stationery & EdTech,266,C009,8694,5
O06617,2019,11,10,pre_covid,P003,Smartphone,Electronics,162,C009,25504,7
O06964,2019,11,10,pre_covid,P003,Smartphone,Electronics,76,C011,25504,7
O07232,2019,11,10,pre_covid,P006,Office Chair (Ergonomic),Home & Kitchen,110,C013,9853,6
O02034,2019,11,11,pre_covid,P005,Microwave Oven,Home & Kitchen,254,C012,10433,1
O00112,2019,11,12,pre_covid,P011,Casual Loungewear Set,Fashion,3275,C016,1391,5
O02214,2019,11,12,pre_covid,P004,Air Purifier,Home & Kitchen,300,C014,13911,2
O04345,2019,11,12,pre_covid,P004,Air Purifier,Home & Kitchen,75,C014,13911,6
O06226,2019,11,12,pre_covid,P011,Casual Loungewear Set,Fashion,1040,C013,1391,4
O07579,2019,11,12,pre_covid,P012,Festive Sarees,Fashion,315,C007,6955,20
O00172,2019,11,13,pre_covid,P003,Smartphone,Electronics,411,C012,25504,4
O01274,2019,11,13,pre_covid,P003,Smartphone,Electronics,179,C011,25504,2
O01674,2019,11,13,pre_covid,P007,Treadmill,Gym Equipment,33,C016,48689,2
O02290,2019,11,13,pre_covid,P008,Resistance Bands & Dumbbell Set,Gym Equipment,738,C006,4057,1
O02404,2019,11,13,pre_covid,P009,Yoga Mat,Gym Equipment,109,C010,1738,3
O07985,2019,11,13,pre_covid,P010,Men's Formal Shirts,Fashion,731,C009,2086,12
O02045,2019,11,14,pre_covid,P008,Resistance Bands & Dumbbell Set,Gym Equipment,1006,C013,4057,6
O01584,2019,11,15,pre_covid,P006,Office Chair (Ergonomic),Home & Kitchen,57,C001,9853,2
O02938,2019,11,15,pre_covid,P002,Webcam & Headset Combo,Electronics,221,C020,5216,18
O06748,2019,11,15,pre_covid,P010,Men's Formal Shirts,Fashion,1469,C006,2086,17
O07567,2019,11,15,pre_covid,P007,Treadmill,Gym Equipment,35,C007,48689,3
O03365,2019,11,16,pre_covid,P002,Webcam & Headset Combo,Electronics,291,C010,5216,8
O03505,2019,11,16,pre_covid,P009,Yoga Mat,Gym Equipment,1030,C007,1738,4
O06515,2019,11,16,pre_covid,P012,Festive Sarees,Fashion,1011,C002,6955,16
O06946,2019,11,16,pre_covid,P011,Casual Loungewear Set,Fashion,770,C019,1391,3
O00120,2019,11,17,pre_covid,P010,Men's Formal Shirts,Fashion,2352,C004,2086,8
O02540,2019,11,17,pre_covid,P010,Men's Formal Shirts,Fashion,1949,C009,2086,17
O03908,2019,11,18,pre_covid,P003,Smartphone,Electronics,393,C016,25504,6
O07711,2019,11,18,pre_covid,P004,Air Purifier,Home & Kitchen,251,C019,13911,3
O05492,2019,11,19,pre_covid,P012,Festive Sarees,Fashion,259,C018,6955,13
O01858,2019,11,20,pre_covid,P003,Smartphone,Electronics,25,C004,25504,2
O02108,2019,11,20,pre_covid,P012,Festive Sarees,Fashion,726,C020,6955,18
O07048,2019,11,20,pre_covid,P008,Resistance Bands & Dumbbell Set,Gym Equipment,152,C018,4057,1
O03348,2019,11,21,pre_covid,P009,Yoga Mat,Gym Equipment,1181,C018,1738,2
O04441,2019,11,21,pre_covid,P012,Festive Sarees,Fashion,929,C004,6955,14
O07248,2019,11,21,pre_covid,P004,Air Purifier,Home & Kitchen,16,C014,13911,5
O01865,2019,11,22,pre_covid,P012,Festive Sarees,Fashion,926,C003,6955,10
O07148,2019,11,22,pre_covid,P006,Office Chair (Ergonomic),Home & Kitchen,148,C010,9853,2
O01678,2019,11,23,pre_covid,P008,Resistance Bands & Dumbbell Set,Gym Equipment,1188,C019,4057,6
O03052,2019,11,23,pre_covid,P003,Smartphone,Electronics,200,C005,25504,7
O04974,2019,11,23,pre_covid,P012,Festive Sarees,Fashion,593,C006,6955,9
O06265,2019,11,23,pre_covid,P006,Office Chair (Ergonomic),Home & Kitchen,136,C003,9853,4
O03921,2019,11,25,pre_covid,P012,Festive Sarees,Fashion,1162,C002,6955,10
O04943,2019,11,25,pre_covid,P012,Festive Sarees,Fashion,640,C003,6955,18
O05372,2019,11,25,pre_covid,P013,Hand Sanitizer (Bulk Pack),Groceries & Hygiene,238,C008,1391,1
O06840,2019,11,25,pre_covid,P003,Smartphone,Electronics,106,C010,25504,8
O02336,2019,11,26,pre_covid,P003,Smartphone,Electronics,344,C002,25504,4
O01729,2019,11,27,pre_covid,P014,Packaged Grocery Staples,Groceries & Hygiene,2860,C016,927,3
O04665,2019,11,27,pre_covid,P002,Webcam & Headset Combo,Electronics,311,C020,5216,12
O07352,2019,11,27,pre_covid,P005,Microwave Oven,Home & Kitchen,291,C016,10433,2
O01635,2019,11,28,pre_covid,P010,Men's Formal Shirts,Fashion,2473,C019,2086,12
O03161,2019,11,29,pre_covid,P002,Webcam & Headset Combo,Electronics,515,C019,5216,20
O03488,2019,11,29,pre_covid,P012,Festive Sarees,Fashion,1250,C010,6955,13
O00561,2019,11,30,pre_covid,P013,Hand Sanitizer (Bulk Pack),Groceries & Hygiene,1181,C016,1391,6
O01058,2019,11,30,pre_covid,P010,Men's Formal Shirts,Fashion,2741,C004,2086,6
O02810,2019,11,30,pre_covid,P012,Festive Sarees,Fashion,296,C012,6955,14
O03860,2019,11,30,pre_covid,P007,Treadmill,Gym Equipment,66,C020,48689,1
O04335,2019,11,30,pre_covid,P015,Drawing Tablet (EdTech),Stationery & EdTech,27,C005,8694,1
O00402,2019,12,1,pre_covid,P006,Office Chair (Ergonomic),Home & Kitchen,104,C008,9853,6
O01517,2019,12,1,pre_covid,P002,Webcam & Headset Combo,Electronics,525,C009,5216,14
O03595,2019,12,1,pre_covid,P001,Laptop,Electronics,37,C019,63760,3
O00233,2019,12,2,pre_covid,P013,Hand Sanitizer (Bulk Pack),Groceries & Hygiene,1365,C012,1391,5
O03237,2019,12,2,pre_covid,P012,Festive Sarees,Fashion,1454,C019,6955,9
O04389,2019,12,2,pre_covid,P001,Laptop,Electronics,30,C020,63760,6
O05506,2019,12,2,pre_covid,P006,Office Chair (Ergonomic),Home & Kitchen,14,C004,9853,3
O01879,2019,12,3,pre_covid,P003,Smartphone,Electronics,400,C015,25504,6
O03001,2019,12,5,pre_covid,P006,Office Chair (Ergonomic),Home & Kitchen,121,C020,9853,4
O03344,2019,12,5,pre_covid,P006,Office Chair (Ergonomic),Home & Kitchen,82,C001,9853,5
O04086,2019,12,5,pre_covid,P002,Webcam & Headset Combo,Electronics,375,C009,5216,8
O05009,2019,12,5,pre_covid,P015,Drawing Tablet (EdTech),Stationery & EdTech,51,C006,8694,4
O03355,2019,12,6,pre_covid,P011,Casual Loungewear Set,Fashion,2425,C010,1391,6
O03471,2019,12,6,pre_covid,P012,Festive Sarees,Fashion,1268,C014,6955,18
O05887,2019,12,6,pre_covid,P012,Festive Sarees,Fashion,1451,C005,6955,18
O00990,2019,12,7,pre_covid,P001,Laptop,Electronics,15,C007,63760,3
O03219,2019,12,7,pre_covid,P006,Office Chair (Ergonomic),Home & Kitchen,138,C019,9853,5
O04138,2019,12,7,pre_covid,P003,Smartphone,Electronics,348,C002,25504,6
O06623,2019,12,7,pre_covid,P006,Office Chair (Ergonomic),Home & Kitchen,94,C008,9853,2
O05732,2019,12,8,pre_covid,P001,Laptop,Electronics,74,C018,63760,5
O06301,2019,12,8,pre_covid,P008,Resistance Bands & Dumbbell Set,Gym Equipment,943,C018,4057,2
O07314,2019,12,8,pre_covid,P003,Smartphone,Electronics,365,C001,25504,6
O01147,2019,12,9,pre_covid,P003,Smartphone,Electronics,214,C019,25504,3
O01532,2019,12,9,pre_covid,P005,Microwave Oven,Home & Kitchen,295,C017,10433,6
O05133,2019,12,9,pre_covid,P010,Men's Formal Shirts,Fashion,623,C008,2086,11
O06786,2019,12,9,pre_covid,P008,Resistance Bands & Dumbbell Set,Gym Equipment,447,C013,4057,5
O01059,2019,12,10,pre_covid,P014,Packaged Grocery Staples,Groceries & Hygiene,2889,C018,927,6
O02773,2019,12,10,pre_covid,P012,Festive Sarees,Fashion,335,C006,6955,20
O03627,2019,12,10,pre_covid,P009,Yoga Mat,Gym Equipment,963,C009,1738,2
O03743,2019,12,10,pre_covid,P006,Office Chair (Ergonomic),Home & Kitchen,13,C017,9853,1
O04740,2019,12,10,pre_covid,P003,Smartphone,Electronics,198,C001,25504,7
O05989,2019,12,10,pre_covid,P012,Festive Sarees,Fashion,1347,C009,6955,14
O07094,2019,12,10,pre_covid,P010,Men's Formal Shirts,Fashion,1267,C018,2086,15
O02072,2019,12,12,pre_covid,P003,Smartphone,Electronics,362,C010,25504,7
O02080,2019,12,12,pre_covid,P001,Laptop,Electronics,25,C017,63760,3
O03586,2019,12,12,pre_covid,P012,Festive Sarees,Fashion,1160,C018,6955,18
O00519,2019,12,13,pre_covid,P007,Treadmill,Gym Equipment,11,C009,48689,3
O01686,2019,12,13,pre_covid,P003,Smartphone,Electronics,70,C014,25504,7
O03515,2019,12,13,pre_covid,P002,Webcam & Headset Combo,Electronics,167,C001,5216,5
O06868,2019,12,13,pre_covid,P002,Webcam & Headset Combo,Electronics,123,C006,5216,5
O07573,2019,12,13,pre_covid,P005,Microwave Oven,Home & Kitchen,206,C008,10433,2
O01531,2019,12,15,pre_covid,P012,Festive Sarees,Fashion,1098,C010,6955,16
O01720,2019,12,17,pre_covid,P003,Smartphone,Electronics,63,C014,25504,4
O05158,2019,12,17,pre_covid,P014,Packaged Grocery Staples,Groceries & Hygiene,2343,C008,927,3
O00901,2019,12,19,pre_covid,P008,Resistance Bands & Dumbbell Set,Gym Equipment,638,C005,4057,3
O01817,2019,12,20,pre_covid,P003,Smartphone,Electronics,35,C007,25504,7
O03762,2019,12,20,pre_covid,P003,Smartphone,Electronics,32,C016,25504,5
O05037,2019,12,21,pre_covid,P008,Resistance Bands & Dumbbell Set,Gym Equipment,827,C016,4057,2
O05844,2019,12,21,pre_covid,P012,Festive Sarees,Fashion,1500,C014,6955,5
O06931,2019,12,21,pre_covid,P001,Laptop,Electronics,107,C012,63760,6
O02601,2019,12,22,pre_covid,P001,Laptop,Electronics,118,C009,63760,2
O01484,2019,12,23,pre_covid,P011,Casual Loungewear Set,Fashion,2755,C017,1391,2
O04212,2019,12,23,pre_covid,P014,Packaged Grocery Staples,Groceries & Hygiene,2225,C004,927,3
O04840,2019,12,23,pre_covid,P010,Men's Formal Shirts,Fashion,867,C016,2086,18
O06282,2019,12,23,pre_covid,P001,Laptop,Electronics,150,C014,63760,7
O07124,2019,12,23,pre_covid,P013,Hand Sanitizer (Bulk Pack),Groceries & Hygiene,349,C014,1391,3
O07538,2019,12,23,pre_covid,P003,Smartphone,Electronics,316,C017,25504,8
O00102,2019,12,24,pre_covid,P010,Men's Formal Shirts,Fashion,2367,C020,2086,15
O02158,2019,12,24,pre_covid,P010,Men's Formal Shirts,Fashion,2162,C004,2086,20
O00048,2019,12,25,pre_covid,P002,Webcam & Headset Combo,Electronics,490,C003,5216,17
O02257,2019,12,25,pre_covid,P014,Packaged Grocery Staples,Groceries & Hygiene,3046,C017,927,3
O04744,2019,12,25,pre_covid,P012,Festive Sarees,Fashion,721,C018,6955,6
O05530,2019,12,25,pre_covid,P001,Laptop,Electronics,10,C017,63760,4
O01990,2019,12,26,pre_covid,P012,Festive Sarees,Fashion,794,C009,6955,13
O04243,2019,12,26,pre_covid,P009,Yoga Mat,Gym Equipment,255,C001,1738,4
O05450,2019,12,26,pre_covid,P001,Laptop,Electronics,50,C014,63760,6
O06182,2019,12,26,pre_covid,P015,Drawing Tablet (EdTech),Stationery & EdTech,57,C018,8694,1
O07697,2019,12,26,pre_covid,P003,Smartphone,Electronics,269,C011,25504,3
O00581,2019,12,27,pre_covid,P001,Laptop,Electronics,53,C010,63760,7
O02683,2019,12,27,pre_covid,P004,Air Purifier,Home & Kitchen,195,C006,13911,6
O01018,2019,12,28,pre_covid,P007,Treadmill,Gym Equipment,4,C011,48689,1
O02871,2019,12,28,pre_covid,P005,Microwave Oven,Home & Kitchen,151,C017,10433,5
O06124,2019,12,30,pre_covid,P002,Webcam & Headset Combo,Electronics,595,C017,5216,7
O05176,2019,12,31,pre_covid,P003,Smartphone,Electronics,106,C009,25504,7
O05855,2019,12,31,pre_covid,P002,Webcam & Headset Combo,Electronics,301,C005,5216,7
O06371,2019,12,31,pre_covid,P010,Men's Formal Shirts,Fashion,1823,C004,2086,18
O00517,2020,1,1,pre_covid,P005,Microwave Oven,Home & Kitchen,65,C012,10746,5
O04149,2020,1,1,pre_covid,P008,Resistance Bands & Dumbbell Set,Gym Equipment,328,C008,4179,10
O01471,2020,1,2,pre_covid,P006,Office Chair (Ergonomic),Home & Kitchen,90,C005,10149,2
O01985,2020,1,2,pre_covid,P008,Resistance Bands & Dumbbell Set,Gym Equipment,1021,C017,4179,9
O02822,2020,1,2,pre_covid,P002,Webcam & Headset Combo,Electronics,315,C018,5373,5
O03658,2020,1,2,pre_covid,P007,Treadmill,Gym Equipment,3,C002,50150,2
O04566,2020,1,2,pre_covid,P013,Hand Sanitizer (Bulk Pack),Groceries & Hygiene,812,C020,1432,1
O07990,2020,1,2,pre_covid,P009,Yoga Mat,Gym Equipment,895,C003,1791,18
O05347,2020,1,3,pre_covid,P009,Yoga Mat,Gym Equipment,708,C009,1791,20
O06599,2020,1,3,pre_covid,P011,Casual Loungewear Set,Fashion,914,C015,1432,5
O01493,2020,1,4,pre_covid,P008,Resistance Bands & Dumbbell Set,Gym Equipment,98,C017,4179,10
O05500,2020,1,4,pre_covid,P013,Hand Sanitizer (Bulk Pack),Groceries & Hygiene,109,C017,1432,2
O06007,2020,1,4,pre_covid,P002,Webcam & Headset Combo,Electronics,150,C004,5373,1
O00485,2020,1,5,pre_covid,P007,Treadmill,Gym Equipment,17,C018,50150,6
O02493,2020,1,5,pre_covid,P009,Yoga Mat,Gym Equipment,95,C013,1791,10
O05483,2020,1,5,pre_covid,P015,Drawing Tablet (EdTech),Stationery & EdTech,54,C003,8955,6
O04166,2020,1,6,pre_covid,P008,Resistance Bands & Dumbbell Set,Gym Equipment,304,C005,4179,9
O06586,2020,1,6,pre_covid,P004,Air Purifier,Home & Kitchen,160,C015,14328,4
O06852,2020,1,6,pre_covid,P008,Resistance Bands & Dumbbell Set,Gym Equipment,364,C014,4179,7
O00610,2020,1,7,pre_covid,P009,Yoga Mat,Gym Equipment,2053,C015,1791,10
O02560,2020,1,7,pre_covid,P007,Treadmill,Gym Equipment,67,C005,50150,6
O04250,2020,1,7,pre_covid,P004,Air Purifier,Home & Kitchen,105,C015,14328,5
O06513,2020,1,7,pre_covid,P007,Treadmill,Gym Equipment,74,C010,50150,6
O06950,2020,1,7,pre_covid,P014,Packaged Grocery Staples,Groceries & Hygiene,1547,C003,955,4
O01829,2020,1,8,pre_covid,P012,Festive Sarees,Fashion,956,C007,7164,1
O02479,2020,1,8,pre_covid,P005,Microwave Oven,Home & Kitchen,206,C006,10746,5
O05990,2020,1,8,pre_covid,P006,Office Chair (Ergonomic),Home & Kitchen,152,C010,10149,5
O06164,2020,1,8,pre_covid,P004,Air Purifier,Home & Kitchen,258,C006,14328,6
O06782,2020,1,8,pre_covid,P007,Treadmill,Gym Equipment,52,C006,50150,3
O00153,2020,1,9,pre_covid,P011,Casual Loungewear Set,Fashion,3549,C009,1432,3
O03882,2020,1,9,pre_covid,P013,Hand Sanitizer (Bulk Pack),Groceries & Hygiene,1620,C007,1432,3
O05254,2020,1,9,pre_covid,P007,Treadmill,Gym Equipment,65,C001,50150,4
O07947,2020,1,9,pre_covid,P011,Casual Loungewear Set,Fashion,213,C018,1432,2
O03201,2020,1,10,pre_covid,P002,Webcam & Headset Combo,Electronics,495,C010,5373,6
O06038,2020,1,10,pre_covid,P014,Packaged Grocery Staples,Groceries & Hygiene,1972,C004,955,1
O01047,2020,1,11,pre_covid,P008,Resistance Bands & Dumbbell Set,Gym Equipment,490,C006,4179,17
O02101,2020,1,11,pre_covid,P005,Microwave Oven,Home & Kitchen,199,C004,10746,6
O03917,2020,1,11,pre_covid,P012,Festive Sarees,Fashion,1166,C003,7164,4
O03234,2020,1,12,pre_covid,P006,Office Chair (Ergonomic),Home & Kitchen,125,C016,10149,2
O03363,2020,1,12,pre_covid,P010,Men's Formal Shirts,Fashion,1555,C011,2149,1
O04886,2020,1,12,pre_covid,P009,Yoga Mat,Gym Equipment,1109,C006,1791,8
O07340,2020,1,12,pre_covid,P013,Hand Sanitizer (Bulk Pack),Groceries & Hygiene,90,C013,1432,2
O07402,2020,1,12,pre_covid,P008,Resistance Bands & Dumbbell Set,Gym Equipment,1013,C002,4179,16
O01437,2020,1,13,pre_covid,P004,Air Purifier,Home & Kitchen,259,C011,14328,4
O05529,2020,1,13,pre_covid,P013,Hand Sanitizer (Bulk Pack),Groceries & Hygiene,107,C011,1432,6
O06396,2020,1,13,pre_covid,P008,Resistance Bands & Dumbbell Set,Gym Equipment,925,C009,4179,11
O01163,2020,1,14,pre_covid,P012,Festive Sarees,Fashion,1330,C009,7164,2
O07235,2020,1,14,pre_covid,P011,Casual Loungewear Set,Fashion,544,C016,1432,3
O01764,2020,1,15,pre_covid,P009,Yoga Mat,Gym Equipment,882,C020,1791,11
O03155,2020,1,15,pre_covid,P008,Resistance Bands & Dumbbell Set,Gym Equipment,1151,C008,4179,19
O07758,2020,1,15,pre_covid,P008,Resistance Bands & Dumbbell Set,Gym Equipment,608,C019,4179,12
O01131,2020,1,16,pre_covid,P001,Laptop,Electronics,106,C013,65672,1
O06225,2020,1,16,pre_covid,P012,Festive Sarees,Fashion,1177,C004,7164,2
O06735,2020,1,16,pre_covid,P007,Treadmill,Gym Equipment,66,C008,50150,6
O00509,2020,1,17,pre_covid,P001,Laptop,Electronics,58,C017,65672,1
O01230,2020,1,17,pre_covid,P010,Men's Formal Shirts,Fashion,2694,C003,2149,2
O03476,2020,1,17,pre_covid,P003,Smartphone,Electronics,104,C009,26269,7
O04151,2020,1,17,pre_covid,P012,Festive Sarees,Fashion,1044,C013,7164,3
O04710,2020,1,17,pre_covid,P009,Yoga Mat,Gym Equipment,1283,C017,1791,16
O06153,2020,1,17,pre_covid,P008,Resistance Bands & Dumbbell Set,Gym Equipment,1040,C003,4179,17
O02704,2020,1,19,pre_covid,P003,Smartphone,Electronics,299,C004,26269,8
O03898,2020,1,19,pre_covid,P008,Resistance Bands & Dumbbell Set,Gym Equipment,534,C005,4179,11
O04002,2020,1,19,pre_covid,P007,Treadmill,Gym Equipment,22,C016,50150,7
O02289,2020,1,20,pre_covid,P006,Office Chair (Ergonomic),Home & Kitchen,109,C007,10149,4
O05947,2020,1,20,pre_covid,P007,Treadmill,Gym Equipment,79,C007,50150,3
O02696,2020,1,21,pre_covid,P007,Treadmill,Gym Equipment,10,C016,50150,7
O07356,2020,1,21,pre_covid,P014,Packaged Grocery Staples,Groceries & Hygiene,1412,C001,955,1
O01167,2020,1,22,pre_covid,P003,Smartphone,Electronics,209,C001,26269,7
O06753,2020,1,23,pre_covid,P009,Yoga Mat,Gym Equipment,801,C013,1791,9
O03964,2020,1,24,pre_covid,P007,Treadmill,Gym Equipment,42,C003,50150,8
O07130,2020,1,24,pre_covid,P015,Drawing Tablet (EdTech),Stationery & EdTech,11,C002,8955,3
O00609,2020,1,27,pre_covid,P010,Men's Formal Shirts,Fashion,3008,C008,2149,2
O00672,2020,1,27,pre_covid,P004,Air Purifier,Home & Kitchen,100,C010,14328,4
O06220,2020,1,27,pre_covid,P011,Casual Loungewear Set,Fashion,1044,C007,1432,4
O01841,2020,1,28,pre_covid,P001,Laptop,Electronics,116,C002,65672,1
O05329,2020,1,28,pre_covid,P011,Casual Loungewear Set,Fashion,1217,C004,1432,6
O04236,2020,1,29,pre_covid,P013,Hand Sanitizer (Bulk Pack),Groceries & Hygiene,1212,C019,1432,1
O07106,2020,1,29,pre_covid,P011,Casual Loungewear Set,Fashion,671,C008,1432,4
O03755,2020,1,30,pre_covid,P009,Yoga Mat,Gym Equipment,837,C004,1791,15
O04935,2020,1,30,pre_covid,P008,Resistance Bands & Dumbbell Set,Gym Equipment,982,C004,4179,12
O05945,2020,1,30,pre_covid,P013,Hand Sanitizer (Bulk Pack),Groceries & Hygiene,1397,C011,1432,4
O07142,2020,1,31,pre_covid,P003,Smartphone,Electronics,21,C018,26269,2
O07645,2020,1,31,pre_covid,P013,Hand Sanitizer (Bulk Pack),Groceries & Hygiene,1770,C011,1432,6
O00060,2020,2,1,pre_covid,P006,Office Chair (Ergonomic),Home & Kitchen,155,C013,10149,1
O04873,2020,2,1,pre_covid,P007,Treadmill,Gym Equipment,5,C012,50150,3
O01027,2020,2,2,pre_covid,P011,Casual Loungewear Set,Fashion,3058,C005,1432,6
O02474,2020,2,2,pre_covid,P008,Resistance Bands & Dumbbell Set,Gym Equipment,633,C011,4179,1
O05006,2020,2,2,pre_covid,P014,Packaged Grocery Staples,Groceries & Hygiene,2362,C019,955,6
O04364,2020,2,3,pre_covid,P011,Casual Loungewear Set,Fashion,1842,C013,1432,2
O06351,2020,2,3,pre_covid,P002,Webcam & Headset Combo,Electronics,438,C001,5373,3
O01938,2020,2,4,pre_covid,P004,Air Purifier,Home & Kitchen,97,C013,14328,2
O04983,2020,2,4,pre_covid,P010,Men's Formal Shirts,Fashion,738,C017,2149,20
O03575,2020,2,5,pre_covid,P002,Webcam & Headset Combo,Electronics,109,C015,5373,4
O04799,2020,2,5,pre_covid,P015,Drawing Tablet (EdTech),Stationery & EdTech,237,C002,8955,3
O03332,2020,2,6,pre_covid,P012,Festive Sarees,Fashion,1409,C017,7164,8
O03915,2020,2,6,pre_covid,P010,Men's Formal Shirts,Fashion,1278,C016,2149,16
O07972,2020,2,6,pre_covid,P004,Air Purifier,Home & Kitchen,164,C005,14328,3
O00883,2020,2,7,pre_covid,P009,Yoga Mat,Gym Equipment,1633,C004,1791,6
O01885,2020,2,7,pre_covid,P005,Microwave Oven,Home & Kitchen,88,C015,10746,6
O03774,2020,2,7,pre_covid,P011,Casual Loungewear Set,Fashion,2209,C013,1432,5
O06551,2020,2,7,pre_covid,P014,Packaged Grocery Staples,Groceries & Hygiene,1703,C001,955,5
O00345,2020,2,8,pre_covid,P013,Hand Sanitizer (Bulk Pack),Groceries & Hygiene,1337,C007,1432,2
O00658,2020,2,8,pre_covid,P012,Festive Sarees,Fashion,1513,C017,7164,5
O06054,2020,2,8,pre_covid,P010,Men's Formal Shirts,Fashion,83,C014,2149,19
O01663,2020,2,9,pre_covid,P012,Festive Sarees,Fashion,1047,C010,7164,17
O07935,2020,2,9,pre_covid,P005,Microwave Oven,Home & Kitchen,198,C006,10746,4
O03110,2020,2,10,pre_covid,P005,Microwave Oven,Home & Kitchen,205,C014,10746,3
O06334,2020,2,10,pre_covid,P005,Microwave Oven,Home & Kitchen,249,C004,10746,6
O00447,2020,2,11,pre_covid,P012,Festive Sarees,Fashion,1680,C015,7164,11
O03978,2020,2,11,pre_covid,P006,Office Chair (Ergonomic),Home & Kitchen,85,C009,10149,4
O05604,2020,2,11,pre_covid,P011,Casual Loungewear Set,Fashion,1142,C006,1432,6
O02708,2020,2,12,pre_covid,P013,Hand Sanitizer (Bulk Pack),Groceries & Hygiene,776,C010,1432,1
O03489,2020,2,12,pre_covid,P010,Men's Formal Shirts,Fashion,1481,C003,2149,6
O04156,2020,2,12,pre_covid,P010,Men's Formal Shirts,Fashion,1221,C006,2149,6
O06498,2020,2,12,pre_covid,P010,Men's Formal Shirts,Fashion,1700,C004,2149,18
O07775,2020,2,12,pre_covid,P012,Festive Sarees,Fashion,198,C003,7164,9
O01864,2020,2,13,pre_covid,P010,Men's Formal Shirts,Fashion,2322,C001,2149,14
O06238,2020,2,13,pre_covid,P012,Festive Sarees,Fashion,1175,C001,7164,12
O07984,2020,2,13,pre_covid,P011,Casual Loungewear Set,Fashion,206,C010,1432,3
O04678,2020,2,14,pre_covid,P005,Microwave Oven,Home & Kitchen,239,C018,10746,4
O04987,2020,2,15,pre_covid,P008,Resistance Bands & Dumbbell Set,Gym Equipment,926,C007,4179,6
O07217,2020,2,15,pre_covid,P002,Webcam & Headset Combo,Electronics,355,C003,5373,4
O01558,2020,2,16,pre_covid,P011,Casual Loungewear Set,Fashion,3235,C008,1432,5
O05591,2020,2,16,pre_covid,P009,Yoga Mat,Gym Equipment,462,C012,1791,6
O05403,2020,2,17,pre_covid,P007,Treadmill,Gym Equipment,3,C007,50150,2
O07571,2020,2,17,pre_covid,P001,Laptop,Electronics,98,C001,65672,2
O02137,2020,2,18,pre_covid,P004,Air Purifier,Home & Kitchen,41,C015,14328,3
O02263,2020,2,18,pre_covid,P012,Festive Sarees,Fashion,652,C019,7164,11
O06112,2020,2,18,pre_covid,P010,Men's Formal Shirts,Fashion,1937,C013,2149,13
O01669,2020,2,20,pre_covid,P007,Treadmill,Gym Equipment,36,C016,50150,3
O02450,2020,2,20,pre_covid,P002,Webcam & Headset Combo,Electronics,600,C019,5373,3
O01597,2020,2,21,pre_covid,P015,Drawing Tablet (EdTech),Stationery & EdTech,88,C006,8955,5
O06534,2020,2,21,pre_covid,P008,Resistance Bands & Dumbbell Set,Gym Equipment,820,C002,4179,3
O02500,2020,2,22,pre_covid,P010,Men's Formal Shirts,Fashion,1993,C005,2149,13
O04708,2020,2,22,pre_covid,P010,Men's Formal Shirts,Fashion,944,C005,2149,12
O06053,2020,2,22,pre_covid,P010,Men's Formal Shirts,Fashion,93,C008,2149,10
O01421,2020,2,23,pre_covid,P015,Drawing Tablet (EdTech),Stationery & EdTech,251,C020,8955,2
O02812,2020,2,23,pre_covid,P004,Air Purifier,Home & Kitchen,152,C001,14328,4
O04796,2020,2,23,pre_covid,P012,Festive Sarees,Fashion,695,C006,7164,9
O04053,2020,2,24,pre_covid,P011,Casual Loungewear Set,Fashion,2008,C007,1432,4
O06998,2020,2,24,pre_covid,P011,Casual Loungewear Set,Fashion,755,C017,1432,1
O01321,2020,2,25,pre_covid,P011,Casual Loungewear Set,Fashion,2854,C020,1432,5
O03446,2020,2,25,pre_covid,P008,Resistance Bands & Dumbbell Set,Gym Equipment,943,C014,4179,4
O05520,2020,2,25,pre_covid,P007,Treadmill,Gym Equipment,66,C020,50150,1
O05535,2020,2,25,pre_covid,P002,Webcam & Headset Combo,Electronics,555,C014,5373,3
O05344,2020,2,26,pre_covid,P005,Microwave Oven,Home & Kitchen,300,C016,10746,5
O03503,2020,2,27,pre_covid,P014,Packaged Grocery Staples,Groceries & Hygiene,2498,C005,955,6
O04233,2020,2,27,pre_covid,P011,Casual Loungewear Set,Fashion,1907,C017,1432,6
O04082,2020,2,28,pre_covid,P006,Office Chair (Ergonomic),Home & Kitchen,19,C017,10149,1
O04925,2020,2,28,pre_covid,P014,Packaged Grocery Staples,Groceries & Hygiene,2400,C016,955,5
O03689,2020,2,29,pre_covid,P005,Microwave Oven,Home & Kitchen,246,C015,10746,6
O06243,2020,2,29,pre_covid,P010,Men's Formal Shirts,Fashion,1870,C004,2149,15
O00880,2020,3,1,covid,P015,Drawing Tablet (EdTech),Stationery & EdTech,271,C015,10305,42
O06567,2020,3,1,covid,P006,Office Chair (Ergonomic),Home & Kitchen,155,C004,13531,37
O01012,2020,3,3,covid,P008,Resistance Bands & Dumbbell Set,Gym Equipment,548,C004,4883,36
O05350,2020,3,3,covid,P005,Microwave Oven,Home & Kitchen,295,C013,14187,48
O01626,2020,3,4,covid,P015,Drawing Tablet (EdTech),Stationery & EdTech,66,C006,9957,44
O03180,2020,3,4,covid,P008,Resistance Bands & Dumbbell Set,Gym Equipment,1117,C008,5421,18
O03352,2020,3,5,covid,P006,Office Chair (Ergonomic),Home & Kitchen,77,C009,11993,31
O07114,2020,3,5,covid,P007,Treadmill,Gym Equipment,11,C007,56299,5
O00314,2020,3,6,covid,P008,Resistance Bands & Dumbbell Set,Gym Equipment,980,C007,5565,28
O05163,2020,3,6,covid,P002,Webcam & Headset Combo,Electronics,354,C020,6447,46
O03744,2020,3,7,covid,P013,Hand Sanitizer (Bulk Pack),Groceries & Hygiene,1798,C015,1641,50
O07160,2020,3,7,covid,P015,Drawing Tablet (EdTech),Stationery & EdTech,238,C014,11387,48
O07280,2020,3,7,covid,P005,Microwave Oven,Home & Kitchen,105,C016,13324,41
O00799,2020,3,8,covid,P001,Laptop,Electronics,104,C017,87334,11
O01972,2020,3,8,covid,P013,Hand Sanitizer (Bulk Pack),Groceries & Hygiene,1795,C001,1791,44
O02699,2020,3,8,covid,P011,Casual Loungewear Set,Fashion,2878,C014,1826,48
O02794,2020,3,8,covid,P004,Air Purifier,Home & Kitchen,172,C005,14328,19
O00912,2020,3,9,covid,P001,Laptop,Electronics,79,C020,88460,14
O05699,2020,3,9,covid,P015,Drawing Tablet (EdTech),Stationery & EdTech,184,C003,11217,50
O02875,2020,3,11,covid,P013,Hand Sanitizer (Bulk Pack),Groceries & Hygiene,582,C016,1776,25
O03270,2020,3,11,covid,P002,Webcam & Headset Combo,Electronics,451,C008,6510,30
O03834,2020,3,11,covid,P011,Casual Loungewear Set,Fashion,2156,C017,1584,27
O07544,2020,3,11,covid,P001,Laptop,Electronics,131,C019,76365,15
O07594,2020,3,11,covid,P005,Microwave Oven,Home & Kitchen,174,C014,14492,47
O06936,2020,3,12,covid,P009,Yoga Mat,Gym Equipment,658,C010,1983,17
O01542,2020,3,13,covid,P009,Yoga Mat,Gym Equipment,1023,C014,2234,15
O07896,2020,3,14,covid,P014,Packaged Grocery Staples,Groceries & Hygiene,1018,C018,1280,49
O02048,2020,3,15,covid,P008,Resistance Bands & Dumbbell Set,Gym Equipment,993,C018,5367,19
O03246,2020,3,15,covid,P015,Drawing Tablet (EdTech),Stationery & EdTech,64,C006,11023,20
O03900,2020,3,15,covid,P008,Resistance Bands & Dumbbell Set,Gym Equipment,523,C019,5593,40
O00668,2020,3,17,covid,P015,Drawing Tablet (EdTech),Stationery & EdTech,121,C012,11721,34
O04504,2020,3,17,covid,P005,Microwave Oven,Home & Kitchen,70,C014,11947,18
O06374,2020,3,17,covid,P002,Webcam & Headset Combo,Electronics,435,C011,6302,28
O02574,2020,3,18,covid,P015,Drawing Tablet (EdTech),Stationery & EdTech,249,C018,11466,21
O02860,2020,3,18,covid,P008,Resistance Bands & Dumbbell Set,Gym Equipment,257,C016,5020,36
O03907,2020,3,18,covid,P015,Drawing Tablet (EdTech),Stationery & EdTech,172,C009,10316,46
O00822,2020,3,19,covid,P005,Microwave Oven,Home & Kitchen,15,C003,13998,15
O03965,2020,3,19,covid,P013,Hand Sanitizer (Bulk Pack),Groceries & Hygiene,1591,C008,1862,35
O07959,2020,3,19,covid,P013,Hand Sanitizer (Bulk Pack),Groceries & Hygiene,1363,C004,1762,36
O02064,2020,3,20,covid,P008,Resistance Bands & Dumbbell Set,Gym Equipment,935,C002,4689,20
O06366,2020,3,20,covid,P015,Drawing Tablet (EdTech),Stationery & EdTech,282,C020,10201,27
O07073,2020,3,20,covid,P003,Smartphone,Electronics,41,C009,26269,3
O07290,2020,3,20,covid,P006,Office Chair (Ergonomic),Home & Kitchen,67,C013,11201,37
O05929,2020,3,21,covid,P005,Microwave Oven,Home & Kitchen,228,C011,14451,20
O01191,2020,3,22,covid,P004,Air Purifier,Home & Kitchen,12,C002,14328,12
O05857,2020,3,22,covid,P001,Laptop,Electronics,32,C014,86364,10
O07720,2020,3,22,covid,P005,Microwave Oven,Home & Kitchen,48,C005,13710,41
O02110,2020,3,23,covid,P013,Hand Sanitizer (Bulk Pack),Groceries & Hygiene,1664,C007,1856,22
O02660,2020,3,23,covid,P005,Microwave Oven,Home & Kitchen,32,C008,13975,32
O00299,2020,3,24,covid,P006,Office Chair (Ergonomic),Home & Kitchen,196,C003,12145,42
O03729,2020,3,24,covid,P001,Laptop,Electronics,122,C012,77223,11
O03869,2020,3,24,covid,P001,Laptop,Electronics,33,C019,72253,7
O06189,2020,3,24,covid,P014,Packaged Grocery Staples,Groceries & Hygiene,1906,C014,1254,32
O06914,2020,3,24,covid,P007,Treadmill,Gym Equipment,8,C012,55410,7
O07413,2020,3,24,covid,P007,Treadmill,Gym Equipment,14,C011,65312,7
O07354,2020,3,25,covid,P009,Yoga Mat,Gym Equipment,227,C001,1970,16
O00341,2020,3,26,covid,P002,Webcam & Headset Combo,Electronics,463,C011,6435,20
O07468,2020,3,26,covid,P008,Resistance Bands & Dumbbell Set,Gym Equipment,892,C015,5248,46
O01377,2020,3,27,covid,P011,Casual Loungewear Set,Fashion,2835,C003,1767,46
O00768,2020,3,28,covid,P007,Treadmill,Gym Equipment,17,C013,61692,12
O01578,2020,3,28,covid,P014,Packaged Grocery Staples,Groceries & Hygiene,3018,C010,1132,38
O06609,2020,3,28,covid,P015,Drawing Tablet (EdTech),Stationery & EdTech,37,C007,11319,26
O03778,2020,3,30,covid,P004,Air Purifier,Home & Kitchen,231,C002,14328,14
O05715,2020,3,30,covid,P015,Drawing Tablet (EdTech),Stationery & EdTech,89,C013,11328,15
O00056,2020,3,31,covid,P013,Hand Sanitizer (Bulk Pack),Groceries & Hygiene,1164,C009,1813,44
O00828,2020,3,31,covid,P003,Smartphone,Electronics,229,C012,26269,3
O07725,2020,3,31,covid,P008,Resistance Bands & Dumbbell Set,Gym Equipment,704,C019,5330,36
O01927,2020,4,1,covid,P009,Yoga Mat,Gym Equipment,760,C009,2083,17
O04773,2020,4,2,covid,P011,Casual Loungewear Set,Fashion,1687,C001,1644,48
O05164,2020,4,2,covid,P013,Hand Sanitizer (Bulk Pack),Groceries & Hygiene,442,C005,1625,20
O00913,2020,4,3,covid,P001,Laptop,Electronics,65,C005,74738,8
O02063,2020,4,3,covid,P007,Treadmill,Gym Equipment,17,C016,63170,15
O04192,2020,4,3,covid,P013,Hand Sanitizer (Bulk Pack),Groceries & Hygiene,1318,C017,1644,33
O05406,2020,4,3,covid,P006,Office Chair (Ergonomic),Home & Kitchen,157,C003,13652,47
O01221,2020,4,4,covid,P013,Hand Sanitizer (Bulk Pack),Groceries & Hygiene,479,C011,1577,23
O02376,2020,4,5,covid,P008,Resistance Bands & Dumbbell Set,Gym Equipment,715,C009,5603,49
O03681,2020,4,6,covid,P001,Laptop,Electronics,146,C013,78184,6
O05499,2020,4,6,covid,P014,Packaged Grocery Staples,Groceries & Hygiene,2199,C001,1280,24
O07247,2020,4,6,covid,P008,Resistance Bands & Dumbbell Set,Gym Equipment,1083,C015,4815,19
O01456,2020,4,7,covid,P015,Drawing Tablet (EdTech),Stationery & EdTech,230,C019,11011,31
O02496,2020,4,7,covid,P007,Treadmill,Gym Equipment,9,C018,65397,8
O00675,2020,4,8,covid,P005,Microwave Oven,Home & Kitchen,166,C003,13403,17
O03783,2020,4,8,covid,P009,Yoga Mat,Gym Equipment,792,C015,2400,23
O04732,2020,4,8,covid,P015,Drawing Tablet (EdTech),Stationery & EdTech,35,C005,10672,35
O00327,2020,4,9,covid,P015,Drawing Tablet (EdTech),Stationery & EdTech,269,C001,10620,17
O00744,2020,4,10,covid,P009,Yoga Mat,Gym Equipment,1829,C017,2328,17
O02255,2020,4,10,covid,P005,Microwave Oven,Home & Kitchen,113,C005,13959,39
O03379,2020,4,10,covid,P006,Office Chair (Ergonomic),Home & Kitchen,46,C017,13052,46
O04896,2020,4,11,covid,P014,Packaged Grocery Staples,Groceries & Hygiene,2430,C011,1243,30
O06632,2020,4,11,covid,P007,Treadmill,Gym Equipment,48,C006,66411,15
O02565,2020,4,12,covid,P008,Resistance Bands & Dumbbell Set,Gym Equipment,539,C017,5085,44
O03041,2020,4,12,covid,P009,Yoga Mat,Gym Equipment,1202,C010,2321,31
O03413,2020,4,12,covid,P009,Yoga Mat,Gym Equipment,1115,C002,2357,46
O06580,2020,4,12,covid,P005,Microwave Oven,Home & Kitchen,300,C014,12467,36
O07001,2020,4,13,covid,P009,Yoga Mat,Gym Equipment,604,C002,2203,38
O07459,2020,4,13,covid,P007,Treadmill,Gym Equipment,80,C001,61333,14
O02962,2020,4,14,covid,P011,Casual Loungewear Set,Fashion,2650,C005,1854,17
O02963,2020,4,14,covid,P005,Microwave Oven,Home & Kitchen,81,C012,12044,38
O04758,2020,4,14,covid,P007,Treadmill,Gym Equipment,65,C007,57146,8
O05540,2020,4,14,covid,P013,Hand Sanitizer (Bulk Pack),Groceries & Hygiene,82,C016,1708,36
O00904,2020,4,15,covid,P015,Drawing Tablet (EdTech),Stationery & EdTech,220,C005,10451,39
O02018,2020,4,15,covid,P001,Laptop,Electronics,43,C003,87551,10
O03338,2020,4,17,covid,P011,Casual Loungewear Set,Fashion,2447,C006,1831,21
O07082,2020,4,17,covid,P009,Yoga Mat,Gym Equipment,518,C018,2386,47
O01134,2020,4,18,covid,P005,Microwave Oven,Home & Kitchen,143,C013,13224,25
O00359,2020,4,19,covid,P008,Resistance Bands & Dumbbell Set,Gym Equipment,947,C006,4722,34
O00651,2020,4,19,covid,P001,Laptop,Electronics,7,C020,83163,5
O01792,2020,4,19,covid,P005,Microwave Oven,Home & Kitchen,126,C001,12661,31
O02060,2020,4,20,covid,P003,Smartphone,Electronics,365,C016,26269,3
O06796,2020,4,20,covid,P005,Microwave Oven,Home & Kitchen,130,C016,12005,20
O05402,2020,4,21,covid,P002,Webcam & Headset Combo,Electronics,136,C012,6840,47
O05758,2020,4,21,covid,P014,Packaged Grocery Staples,Groceries & Hygiene,2095,C018,1163,25
O00297,2020,4,22,covid,P002,Webcam & Headset Combo,Electronics,544,C007,6699,23
O05101,2020,4,22,covid,P006,Office Chair (Ergonomic),Home & Kitchen,121,C014,12892,35
O05526,2020,4,22,covid,P006,Office Chair (Ergonomic),Home & Kitchen,200,C006,13226,36
O07604,2020,4,22,covid,P002,Webcam & Headset Combo,Electronics,562,C012,7130,35
O00145,2020,4,23,covid,P015,Drawing Tablet (EdTech),Stationery & EdTech,182,C017,11728,24
O01286,2020,4,23,covid,P003,Smartphone,Electronics,174,C011,26269,3
O01982,2020,4,23,covid,P008,Resistance Bands & Dumbbell Set,Gym Equipment,1060,C018,4830,39
O02166,2020,4,23,covid,P007,Treadmill,Gym Equipment,31,C019,57469,10
O03026,2020,4,23,covid,P007,Treadmill,Gym Equipment,69,C015,56861,10
O04225,2020,4,23,covid,P011,Casual Loungewear Set,Fashion,1929,C013,1616,22
O05944,2020,4,23,covid,P013,Hand Sanitizer (Bulk Pack),Groceries & Hygiene,1432,C007,1608,35
O07646,2020,4,23,covid,P014,Packaged Grocery Staples,Groceries & Hygiene,1224,C012,1097,47
O03403,2020,4,24,covid,P004,Air Purifier,Home & Kitchen,291,C013,14328,10
O07807,2020,4,24,covid,P013,Hand Sanitizer (Bulk Pack),Groceries & Hygiene,1663,C016,1900,32
O01141,2020,4,25,covid,P013,Hand Sanitizer (Bulk Pack),Groceries & Hygiene,539,C015,1616,30
O03569,2020,4,25,covid,P014,Packaged Grocery Staples,Groceries & Hygiene,2459,C012,1121,30
O07346,2020,4,25,covid,P004,Air Purifier,Home & Kitchen,284,C002,14328,8
O00662,2020,4,26,covid,P013,Hand Sanitizer (Bulk Pack),Groceries & Hygiene,1084,C004,1900,49
O03079,2020,4,26,covid,P013,Hand Sanitizer (Bulk Pack),Groceries & Hygiene,487,C012,1889,32
O00134,2020,4,27,covid,P002,Webcam & Headset Combo,Electronics,493,C015,6243,15
O01611,2020,4,27,covid,P013,Hand Sanitizer (Bulk Pack),Groceries & Hygiene,173,C020,1912,52
O00489,2020,4,28,covid,P013,Hand Sanitizer (Bulk Pack),Groceries & Hygiene,1315,C013,1713,35
O00558,2020,4,28,covid,P009,Yoga Mat,Gym Equipment,2152,C011,2063,46
O00562,2020,4,28,covid,P008,Resistance Bands & Dumbbell Set,Gym Equipment,868,C012,5495,32
O00251,2020,4,29,covid,P002,Webcam & Headset Combo,Electronics,609,C007,6485,20
O02295,2020,4,29,covid,P013,Hand Sanitizer (Bulk Pack),Groceries & Hygiene,1456,C012,1906,46
O07917,2020,4,29,covid,P001,Laptop,Electronics,7,C015,85036,7
O00665,2020,4,30,covid,P004,Air Purifier,Home & Kitchen,105,C016,14328,5
O03726,2020,4,30,covid,P007,Treadmill,Gym Equipment,45,C008,67285,11
O00735,2020,5,2,covid,P004,Air Purifier,Home & Kitchen,92,C003,14328,5
O05742,2020,5,2,covid,P015,Drawing Tablet (EdTech),Stationery & EdTech,74,C010,11615,34
O06395,2020,5,2,covid,P013,Hand Sanitizer (Bulk Pack),Groceries & Hygiene,1053,C012,1707,38
O00861,2020,5,3,covid,P006,Office Chair (Ergonomic),Home & Kitchen,92,C020,13399,22
O04578,2020,5,3,covid,P001,Laptop,Electronics,81,C015,82860,12
O06274,2020,5,3,covid,P009,Yoga Mat,Gym Equipment,1220,C001,2182,24
O07019,2020,5,3,covid,P002,Webcam & Headset Combo,Electronics,27,C015,6242,22
O00674,2020,5,4,covid,P011,Casual Loungewear Set,Fashion,3298,C020,1596,43
O01550,2020,5,5,covid,P001,Laptop,Electronics,92,C017,83398,7
O04644,2020,5,5,covid,P011,Casual Loungewear Set,Fashion,1722,C018,1882,18
O02844,2020,5,6,covid,P009,Yoga Mat,Gym Equipment,1333,C010,1998,47
O03634,2020,5,6,covid,P013,Hand Sanitizer (Bulk Pack),Groceries & Hygiene,1851,C002,1662,37
O05823,2020,5,6,covid,P005,Microwave Oven,Home & Kitchen,297,C005,12283,44
O06907,2020,5,6,covid,P004,Air Purifier,Home & Kitchen,105,C007,14328,13
O07790,2020,5,6,covid,P009,Yoga Mat,Gym Equipment,1324,C013,2124,47
O04891,2020,5,7,covid,P014,Packaged Grocery Staples,Groceries & Hygiene,2478,C008,1214,48
O06065,2020,5,7,covid,P015,Drawing Tablet (EdTech),Stationery & EdTech,151,C013,9873,21
O07343,2020,5,7,covid,P006,Office Chair (Ergonomic),Home & Kitchen,10,C010,12834,10
O03008,2020,5,8,covid,P011,Casual Loungewear Set,Fashion,2613,C016,1891,40
O05307,2020,5,8,covid,P001,Laptop,Electronics,127,C015,83311,10
O01949,2020,5,9,covid,P014,Packaged Grocery Staples,Groceries & Hygiene,3107,C011,1227,15
O04558,2020,5,9,covid,P013,Hand Sanitizer (Bulk Pack),Groceries & Hygiene,850,C003,1665,38
O06084,2020,5,9,covid,P003,Smartphone,Electronics,289,C016,26269,3
O03748,2020,5,10,covid,P007,Treadmill,Gym Equipment,34,C017,56297,7
O04771,2020,5,10,covid,P009,Yoga Mat,Gym Equipment,1214,C020,2097,35
O07113,2020,5,10,covid,P013,Hand Sanitizer (Bulk Pack),Groceries & Hygiene,406,C013,1914,43
O07737,2020,5,10,covid,P002,Webcam & Headset Combo,Electronics,406,C001,6144,41
O02319,2020,5,11,covid,P013,Hand Sanitizer (Bulk Pack),Groceries & Hygiene,1394,C012,1839,21
O06806,2020,5,11,covid,P006,Office Chair (Ergonomic),Home & Kitchen,199,C015,13238,39
O05759,2020,5,13,covid,P009,Yoga Mat,Gym Equipment,280,C020,2231,16
O05960,2020,5,13,covid,P007,Treadmill,Gym Equipment,74,C008,66689,14
O00380,2020,5,14,covid,P009,Yoga Mat,Gym Equipment,2338,C001,2181,41
O03326,2020,5,14,covid,P011,Casual Loungewear Set,Fashion,2489,C009,1707,42
O04683,2020,5,14,covid,P001,Laptop,Electronics,31,C007,77865,11
O00818,2020,5,15,covid,P002,Webcam & Headset Combo,Electronics,538,C020,6241,21
O06977,2020,5,15,covid,P015,Drawing Tablet (EdTech),Stationery & EdTech,106,C013,11930,16
O05342,2020,5,16,covid,P006,Office Chair (Ergonomic),Home & Kitchen,74,C003,12412,49
O01815,2020,5,17,covid,P006,Office Chair (Ergonomic),Home & Kitchen,165,C011,13041,20
O06523,2020,5,17,covid,P014,Packaged Grocery Staples,Groceries & Hygiene,1749,C010,1254,32
O06865,2020,5,17,covid,P011,Casual Loungewear Set,Fashion,860,C013,1774,30
O02847,2020,5,18,covid,P005,Microwave Oven,Home & Kitchen,201,C017,14103,19
O06103,2020,5,18,covid,P002,Webcam & Headset Combo,Electronics,27,C018,6278,27
O06636,2020,5,18,covid,P009,Yoga Mat,Gym Equipment,916,C016,2018,17
O06646,2020,5,18,covid,P007,Treadmill,Gym Equipment,25,C011,55457,7
O00381,2020,5,19,covid,P006,Office Chair (Ergonomic),Home & Kitchen,134,C011,12844,24
O02912,2020,5,19,covid,P001,Laptop,Electronics,106,C003,87526,5
O04068,2020,5,19,covid,P003,Smartphone,Electronics,376,C008,26269,3
O04121,2020,5,19,covid,P002,Webcam & Headset Combo,Electronics,366,C006,6295,16
O05079,2020,5,19,covid,P009,Yoga Mat,Gym Equipment,974,C002,2119,23
O07467,2020,5,19,covid,P008,Resistance Bands & Dumbbell Set,Gym Equipment,926,C006,5523,34
O04633,2020,5,20,covid,P011,Casual Loungewear Set,Fashion,1761,C015,1760,39
O07105,2020,5,20,covid,P002,Webcam & Headset Combo,Electronics,509,C020,7235,48
O07846,2020,5,20,covid,P013,Hand Sanitizer (Bulk Pack),Groceries & Hygiene,1575,C016,1587,46
O00940,2020,5,21,covid,P004,Air Purifier,Home & Kitchen,41,C006,14328,12
O02978,2020,5,21,covid,P002,Webcam & Headset Combo,Electronics,158,C008,6391,45
O06631,2020,5,21,covid,P013,Hand Sanitizer (Bulk Pack),Groceries & Hygiene,778,C004,1747,35
O00595,2020,5,22,covid,P001,Laptop,Electronics,46,C003,88352,14
O02442,2020,5,22,covid,P014,Packaged Grocery Staples,Groceries & Hygiene,2971,C019,1100,45
O02857,2020,5,22,covid,P007,Treadmill,Gym Equipment,52,C014,65931,5
O07677,2020,5,22,covid,P014,Packaged Grocery Staples,Groceries & Hygiene,1168,C005,1212,37
O01593,2020,5,23,covid,P009,Yoga Mat,Gym Equipment,998,C012,2276,31
O04656,2020,5,23,covid,P014,Packaged Grocery Staples,Groceries & Hygiene,2599,C006,1086,38
O05121,2020,5,23,covid,P006,Office Chair (Ergonomic),Home & Kitchen,86,C015,12959,21
O05948,2020,5,23,covid,P005,Microwave Oven,Home & Kitchen,203,C015,11964,33
O05950,2020,5,23,covid,P008,Resistance Bands & Dumbbell Set,Gym Equipment,1168,C017,4975,32
O06379,2020,5,23,covid,P001,Laptop,Electronics,106,C006,79988,5
O00191,2020,5,24,covid,P008,Resistance Bands & Dumbbell Set,Gym Equipment,1126,C012,5301,22
O07872,2020,5,24,covid,P007,Treadmill,Gym Equipment,42,C009,64759,15
O01082,2020,5,26,covid,P014,Packaged Grocery Staples,Groceries & Hygiene,2878,C003,1114,20
O04478,2020,5,26,covid,P001,Laptop,Electronics,128,C013,85802,15
O04063,2020,5,27,covid,P001,Laptop,Electronics,110,C011,77925,15
O06990,2020,5,27,covid,P008,Resistance Bands & Dumbbell Set,Gym Equipment,261,C011,4703,38
O00693,2020,5,28,covid,P007,Treadmill,Gym Equipment,54,C015,62908,11
O07257,2020,5,28,covid,P002,Webcam & Headset Combo,Electronics,316,C002,6082,41
O01931,2020,5,29,covid,P015,Drawing Tablet (EdTech),Stationery & EdTech,49,C019,11704,48
O06501,2020,5,29,covid,P001,Laptop,Electronics,74,C008,83924,10
O06973,2020,5,29,covid,P009,Yoga Mat,Gym Equipment,638,C017,2338,34
O01622,2020,5,30,covid,P002,Webcam & Headset Combo,Electronics,494,C007,7236,47
O05053,2020,5,30,covid,P002,Webcam & Headset Combo,Electronics,572,C003,7210,44
O06119,2020,5,30,covid,P014,Packaged Grocery Staples,Groceries & Hygiene,1966,C013,1168,38
O06687,2020,5,30,covid,P001,Laptop,Electronics,21,C007,72443,13
O00753,2020,5,31,covid,P004,Air Purifier,Home & Kitchen,83,C015,14328,12
O02610,2020,5,31,covid,P015,Drawing Tablet (EdTech),Stationery & EdTech,190,C020,10042,33
O05441,2020,5,31,covid,P006,Office Chair (Ergonomic),Home & Kitchen,109,C003,12794,46
O07135,2020,6,1,covid,P011,Casual Loungewear Set,Fashion,627,C017,1832,38
O02524,2020,6,2,covid,P015,Drawing Tablet (EdTech),Stationery & EdTech,286,C014,11090,22
O02198,2020,6,3,covid,P004,Air Purifier,Home & Kitchen,22,C019,14328,12
O03497,2020,6,3,covid,P001,Laptop,Electronics,100,C007,76678,15
O03847,2020,6,3,covid,P008,Resistance Bands & Dumbbell Set,Gym Equipment,624,C017,5421,47
O06407,2020,6,3,covid,P014,Packaged Grocery Staples,Groceries & Hygiene,1805,C002,1114,29
O04857,2020,6,4,covid,P015,Drawing Tablet (EdTech),Stationery & EdTech,183,C018,10264,28
O01380,2020,6,5,covid,P008,Resistance Bands & Dumbbell Set,Gym Equipment,211,C005,5192,41
O02375,2020,6,5,covid,P011,Casual Loungewear Set,Fashion,3021,C010,1780,26
O03240,2020,6,5,covid,P005,Microwave Oven,Home & Kitchen,185,C019,14318,31
O06715,2020,6,5,covid,P008,Resistance Bands & Dumbbell Set,Gym Equipment,516,C019,4885,20
O00212,2020,6,6,covid,P015,Drawing Tablet (EdTech),Stationery & EdTech,115,C006,10538,35
O00611,2020,6,6,covid,P002,Webcam & Headset Combo,Electronics,212,C001,6013,38
O05808,2020,6,6,covid,P009,Yoga Mat,Gym Equipment,255,C008,2242,22
O07286,2020,6,6,covid,P007,Treadmill,Gym Equipment,45,C007,65053,14
O03100,2020,6,7,covid,P015,Drawing Tablet (EdTech),Stationery & EdTech,179,C004,11355,46
O03124,2020,6,7,covid,P002,Webcam & Headset Combo,Electronics,563,C007,7063,25
O03792,2020,6,7,covid,P008,Resistance Bands & Dumbbell Set,Gym Equipment,758,C001,4760,23
O04219,2020,6,7,covid,P009,Yoga Mat,Gym Equipment,278,C010,2415,21
O04760,2020,6,7,covid,P002,Webcam & Headset Combo,Electronics,229,C019,6571,33
O04089,2020,6,8,covid,P015,Drawing Tablet (EdTech),Stationery & EdTech,255,C008,11333,43
O07968,2020,6,8,covid,P002,Webcam & Headset Combo,Electronics,235,C001,7238,39
O03760,2020,6,9,covid,P002,Webcam & Headset Combo,Electronics,28,C014,5964,28
O00780,2020,6,10,covid,P011,Casual Loungewear Set,Fashion,3235,C001,1787,34
O07562,2020,6,10,covid,P015,Drawing Tablet (EdTech),Stationery & EdTech,174,C013,11018,47
O03830,2020,6,12,covid,P008,Resistance Bands & Dumbbell Set,Gym Equipment,652,C008,4878,28
O05764,2020,6,12,covid,P002,Webcam & Headset Combo,Electronics,419,C016,6116,45
O00352,2020,6,13,covid,P004,Air Purifier,Home & Kitchen,179,C006,14328,8
O06195,2020,6,13,covid,P001,Laptop,Electronics,36,C009,72973,6
O04352,2020,6,14,covid,P002,Webcam & Headset Combo,Electronics,47,C013,7167,44
O05257,2020,6,14,covid,P008,Resistance Bands & Dumbbell Set,Gym Equipment,652,C012,5167,46
O06365,2020,6,14,covid,P004,Air Purifier,Home & Kitchen,197,C018,14328,8
O03215,2020,6,15,covid,P001,Laptop,Electronics,44,C014,74642,8
O04227,2020,6,15,covid,P013,Hand Sanitizer (Bulk Pack),Groceries & Hygiene,1235,C020,1672,20
O07000,2020,6,15,covid,P002,Webcam & Headset Combo,Electronics,62,C003,6618,35
O01219,2020,6,16,covid,P002,Webcam & Headset Combo,Electronics,218,C009,6492,15
O04648,2020,6,16,covid,P013,Hand Sanitizer (Bulk Pack),Groceries & Hygiene,744,C003,1803,20
O01652,2020,6,17,covid,P015,Drawing Tablet (EdTech),Stationery & EdTech,21,C007,10135,21
O03796,2020,6,17,covid,P008,Resistance Bands & Dumbbell Set,Gym Equipment,735,C004,5217,33
O00586,2020,6,18,covid,P005,Microwave Oven,Home & Kitchen,272,C011,13174,41
O02427,2020,6,18,covid,P005,Microwave Oven,Home & Kitchen,262,C005,13418,50
O06068,2020,6,18,covid,P006,Office Chair (Ergonomic),Home & Kitchen,67,C020,13503,31
O07903,2020,6,18,covid,P013,Hand Sanitizer (Bulk Pack),Groceries & Hygiene,1473,C013,1728,22
O03329,2020,6,19,covid,P005,Microwave Oven,Home & Kitchen,136,C004,13533,35
O05249,2020,6,19,covid,P007,Treadmill,Gym Equipment,80,C005,56202,15
O00370,2020,6,20,covid,P002,Webcam & Headset Combo,Electronics,424,C010,6526,36
O05609,2020,6,20,covid,P003,Smartphone,Electronics,361,C017,26269,2
O01595,2020,6,21,covid,P014,Packaged Grocery Staples,Groceries & Hygiene,2958,C018,1277,47
O03089,2020,6,21,covid,P006,Office Chair (Ergonomic),Home & Kitchen,35,C004,12833,16
O04808,2020,6,21,covid,P007,Treadmill,Gym Equipment,37,C007,63707,10
O05244,2020,6,21,covid,P005,Microwave Oven,Home & Kitchen,120,C010,14325,21
O00135,2020,6,22,covid,P005,Microwave Oven,Home & Kitchen,229,C002,11920,36
O02030,2020,6,22,covid,P005,Microwave Oven,Home & Kitchen,300,C003,12182,46
O04239,2020,6,22,covid,P002,Webcam & Headset Combo,Electronics,211,C007,6696,35
O05020,2020,6,22,covid,P007,Treadmill,Gym Equipment,63,C016,56438,7
O06004,2020,6,22,covid,P001,Laptop,Electronics,108,C010,79482,10
O01008,2020,6,23,covid,P008,Resistance Bands & Dumbbell Set,Gym Equipment,585,C009,4780,25
O07608,2020,6,23,covid,P011,Casual Loungewear Set,Fashion,389,C003,1649,23
O01117,2020,6,24,covid,P001,Laptop,Electronics,119,C005,81548,10
O03364,2020,6,25,covid,P002,Webcam & Headset Combo,Electronics,328,C004,7185,37
O04209,2020,6,25,covid,P002,Webcam & Headset Combo,Electronics,293,C012,6574,49
O07117,2020,6,25,covid,P011,Casual Loungewear Set,Fashion,664,C020,1751,37
O00971,2020,6,26,covid,P011,Casual Loungewear Set,Fashion,3136,C010,1803,32
O02406,2020,6,26,covid,P013,Hand Sanitizer (Bulk Pack),Groceries & Hygiene,1313,C005,1713,26
O02956,2020,6,26,covid,P006,Office Chair (Ergonomic),Home & Kitchen,139,C011,12584,15
O02235,2020,6,27,covid,P013,Hand Sanitizer (Bulk Pack),Groceries & Hygiene,1544,C002,1705,54
O03736,2020,6,27,covid,P011,Casual Loungewear Set,Fashion,2244,C017,1812,28
O07154,2020,6,27,covid,P007,Treadmill,Gym Equipment,78,C008,64423,14
O01850,2020,6,28,covid,P007,Treadmill,Gym Equipment,69,C019,55544,12
O03129,2020,6,28,covid,P007,Treadmill,Gym Equipment,49,C017,64868,6
O04561,2020,6,28,covid,P009,Yoga Mat,Gym Equipment,1422,C017,2286,43
O05401,2020,6,28,covid,P005,Microwave Oven,Home & Kitchen,196,C005,11986,33
O07659,2020,6,28,covid,P002,Webcam & Headset Combo,Electronics,496,C020,5967,44
O00758,2020,6,29,covid,P005,Microwave Oven,Home & Kitchen,79,C006,13785,25
O05298,2020,6,30,covid,P007,Treadmill,Gym Equipment,48,C005,57846,13
O05417,2020,6,30,covid,P013,Hand Sanitizer (Bulk Pack),Groceries & Hygiene,218,C010,1650,30
O07023,2020,6,30,covid,P002,Webcam & Headset Combo,Electronics,600,C004,6846,40
O00998,2020,7,1,covid,P009,Yoga Mat,Gym Equipment,1486,C009,2294,44
O04880,2020,7,1,covid,P009,Yoga Mat,Gym Equipment,1149,C002,1979,40
O06350,2020,7,1,covid,P009,Yoga Mat,Gym Equipment,1150,C009,2059,15
O01889,2020,7,2,covid,P009,Yoga Mat,Gym Equipment,788,C019,2086,17
O02035,2020,7,2,covid,P006,Office Chair (Ergonomic),Home & Kitchen,21,C011,11695,20
O02936,2020,7,2,covid,P002,Webcam & Headset Combo,Electronics,251,C009,6203,30
O05010,2020,7,2,covid,P008,Resistance Bands & Dumbbell Set,Gym Equipment,880,C003,5307,36
O00334,2020,7,3,covid,P004,Air Purifier,Home & Kitchen,200,C004,14328,19
O00415,2020,7,3,covid,P002,Webcam & Headset Combo,Electronics,331,C010,7195,31
O05046,2020,7,3,covid,P011,Casual Loungewear Set,Fashion,1523,C010,1583,41
O05371,2020,7,3,covid,P008,Resistance Bands & Dumbbell Set,Gym Equipment,474,C012,4813,34
O03236,2020,7,4,covid,P001,Laptop,Electronics,36,C017,87494,6
O05315,2020,7,4,covid,P008,Resistance Bands & Dumbbell Set,Gym Equipment,546,C013,4716,26
O00742,2020,7,5,covid,P009,Yoga Mat,Gym Equipment,1877,C011,2323,48
O01474,2020,7,6,covid,P001,Laptop,Electronics,129,C018,87392,13
O03510,2020,7,7,covid,P015,Drawing Tablet (EdTech),Stationery & EdTech,91,C011,11517,38
O07912,2020,7,7,covid,P008,Resistance Bands & Dumbbell Set,Gym Equipment,404,C005,4821,33
O01363,2020,7,8,covid,P001,Laptop,Electronics,13,C013,83380,6
O02919,2020,7,8,covid,P003,Smartphone,Electronics,250,C006,26269,3
O05860,2020,7,8,covid,P004,Air Purifier,Home & Kitchen,16,C003,14328,10
O07932,2020,7,9,covid,P009,Yoga Mat,Gym Equipment,980,C020,2183,41
O02614,2020,7,11,covid,P004,Air Purifier,Home & Kitchen,231,C003,14328,6
O06024,2020,7,11,covid,P007,Treadmill,Gym Equipment,48,C017,57043,5
O00707,2020,7,12,covid,P013,Hand Sanitizer (Bulk Pack),Groceries & Hygiene,1035,C014,1736,22
O03699,2020,7,12,covid,P006,Office Chair (Ergonomic),Home & Kitchen,78,C006,13640,21
O07572,2020,7,12,covid,P001,Laptop,Electronics,96,C008,78030,7
O07953,2020,7,12,covid,P014,Packaged Grocery Staples,Groceries & Hygiene,961,C008,1247,42
O00970,2020,7,13,covid,P013,Hand Sanitizer (Bulk Pack),Groceries & Hygiene,672,C004,1728,34
O02084,2020,7,14,covid,P008,Resistance Bands & Dumbbell Set,Gym Equipment,907,C001,5433,48
O02889,2020,7,14,covid,P014,Packaged Grocery Staples,Groceries & Hygiene,2780,C009,1210,37
O00223,2020,7,15,covid,P015,Drawing Tablet (EdTech),Stationery & EdTech,47,C019,11291,47
O01921,2020,7,15,covid,P004,Air Purifier,Home & Kitchen,112,C010,14328,15
O07359,2020,7,15,covid,P015,Drawing Tablet (EdTech),Stationery & EdTech,36,C014,10617,35
O01687,2020,7,16,covid,P002,Webcam & Headset Combo,Electronics,344,C020,6963,28
O04433,2020,7,16,covid,P013,Hand Sanitizer (Bulk Pack),Groceries & Hygiene,1070,C002,1910,26
O01153,2020,7,17,covid,P014,Packaged Grocery Staples,Groceries & Hygiene,2785,C006,1098,20
O01631,2020,7,17,covid,P002,Webcam & Headset Combo,Electronics,447,C005,6391,31
O01710,2020,7,17,covid,P004,Air Purifier,Home & Kitchen,181,C004,14328,18
O02517,2020,7,17,covid,P013,Hand Sanitizer (Bulk Pack),Groceries & Hygiene,1038,C007,1734,58
O04193,2020,7,17,covid,P011,Casual Loungewear Set,Fashion,1966,C005,1708,36
O03773,2020,7,18,covid,P009,Yoga Mat,Gym Equipment,816,C012,2085,19
O05408,2020,7,18,covid,P003,Smartphone,Electronics,21,C008,26269,1
O00021,2020,7,19,covid,P013,Hand Sanitizer (Bulk Pack),Groceries & Hygiene,1221,C007,1770,45
O01122,2020,7,19,covid,P014,Packaged Grocery Staples,Groceries & Hygiene,2832,C009,1179,47
O03781,2020,7,19,covid,P007,Treadmill,Gym Equipment,22,C016,60512,12
O06165,2020,7,19,covid,P005,Microwave Oven,Home & Kitchen,118,C013,13285,46
O01448,2020,7,20,covid,P011,Casual Loungewear Set,Fashion,2778,C011,1741,16
O04967,2020,7,21,covid,P006,Office Chair (Ergonomic),Home & Kitchen,54,C002,11687,18
O04315,2020,7,22,covid,P013,Hand Sanitizer (Bulk Pack),Groceries & Hygiene,1183,C006,1662,20
O07756,2020,7,22,covid,P001,Laptop,Electronics,47,C018,74446,6
O02223,2020,7,23,covid,P009,Yoga Mat,Gym Equipment,252,C004,2193,48
O05077,2020,7,23,covid,P008,Resistance Bands & Dumbbell Set,Gym Equipment,788,C011,5471,41
O06933,2020,7,23,covid,P006,Office Chair (Ergonomic),Home & Kitchen,78,C011,12180,17
O05089,2020,7,24,covid,P006,Office Chair (Ergonomic),Home & Kitchen,144,C002,13534,21
O02095,2020,7,25,covid,P009,Yoga Mat,Gym Equipment,409,C007,2062,33
O05015,2020,7,25,covid,P007,Treadmill,Gym Equipment,69,C019,56301,6
O06979,2020,7,25,covid,P015,Drawing Tablet (EdTech),Stationery & EdTech,90,C010,10152,21
O02448,2020,7,26,covid,P013,Hand Sanitizer (Bulk Pack),Groceries & Hygiene,1268,C009,1707,48
O04628,2020,7,26,covid,P009,Yoga Mat,Gym Equipment,1358,C004,2205,15
O03458,2020,7,27,covid,P005,Microwave Oven,Home & Kitchen,60,C001,12859,34
O07878,2020,7,27,covid,P014,Packaged Grocery Staples,Groceries & Hygiene,1049,C004,1212,27
O05364,2020,7,28,covid,P002,Webcam & Headset Combo,Electronics,170,C010,6301,28
O05755,2020,7,28,covid,P007,Treadmill,Gym Equipment,25,C018,63691,7
O01883,2020,7,29,covid,P009,Yoga Mat,Gym Equipment,823,C002,2163,35
O05211,2020,7,29,covid,P011,Casual Loungewear Set,Fashion,1359,C010,1721,23
O00244,2020,7,30,covid,P006,Office Chair (Ergonomic),Home & Kitchen,53,C020,12610,24
O02245,2020,7,30,covid,P001,Laptop,Electronics,116,C003,80223,8
O02782,2020,7,30,covid,P011,Casual Loungewear Set,Fashion,2826,C018,1750,17
O03961,2020,7,30,covid,P015,Drawing Tablet (EdTech),Stationery & EdTech,58,C007,11483,31
O04603,2020,7,30,covid,P001,Laptop,Electronics,66,C017,81779,8
O04801,2020,7,30,covid,P013,Hand Sanitizer (Bulk Pack),Groceries & Hygiene,633,C006,1702,57
O03306,2020,7,31,covid,P011,Casual Loungewear Set,Fashion,2515,C019,1793,26
O06627,2020,8,1,covid,P007,Treadmill,Gym Equipment,58,C012,60536,10
O06706,2020,8,1,covid,P014,Packaged Grocery Staples,Groceries & Hygiene,1641,C007,1133,15
O06789,2020,8,1,covid,P002,Webcam & Headset Combo,Electronics,207,C008,6621,39
O07588,2020,8,1,covid,P005,Microwave Oven,Home & Kitchen,204,C002,12164,27
O07565,2020,8,2,covid,P013,Hand Sanitizer (Bulk Pack),Groceries & Hygiene,1831,C008,1750,21
O01623,2020,8,3,covid,P013,Hand Sanitizer (Bulk Pack),Groceries & Hygiene,115,C005,1765,31
O02949,2020,8,3,covid,P004,Air Purifier,Home & Kitchen,103,C002,14328,10
O07305,2020,8,3,covid,P005,Microwave Oven,Home & Kitchen,40,C009,12923,31
O00702,2020,8,4,covid,P002,Webcam & Headset Combo,Electronics,85,C013,6319,49
O00930,2020,8,4,covid,P006,Office Chair (Ergonomic),Home & Kitchen,66,C004,13590,34
O01498,2020,8,4,covid,P015,Drawing Tablet (EdTech),Stationery & EdTech,191,C019,11339,50
O04688,2020,8,4,covid,P001,Laptop,Electronics,18,C020,87845,13
O05170,2020,8,4,covid,P009,Yoga Mat,Gym Equipment,907,C011,2028,45
O05282,2020,8,5,covid,P009,Yoga Mat,Gym Equipment,746,C020,2100,32
O06314,2020,8,5,covid,P011,Casual Loungewear Set,Fashion,1030,C010,1639,49
O06891,2020,8,5,covid,P009,Yoga Mat,Gym Equipment,718,C019,2376,39
O05335,2020,8,6,covid,P011,Casual Loungewear Set,Fashion,1211,C020,1745,49
O02535,2020,8,7,covid,P011,Casual Loungewear Set,Fashion,2960,C005,1926,42
O05534,2020,8,7,covid,P002,Webcam & Headset Combo,Electronics,599,C018,6581,44
O03343,2020,8,8,covid,P013,Hand Sanitizer (Bulk Pack),Groceries & Hygiene,290,C016,1846,25
O03541,2020,8,8,covid,P007,Treadmill,Gym Equipment,45,C008,66489,8
O03030,2020,8,9,covid,P015,Drawing Tablet (EdTech),Stationery & EdTech,243,C008,10070,22
O03936,2020,8,10,covid,P001,Laptop,Electronics,8,C009,74858,6
O05711,2020,8,10,covid,P013,Hand Sanitizer (Bulk Pack),Groceries & Hygiene,1871,C003,1576,31
O00249,2020,8,11,covid,P009,Yoga Mat,Gym Equipment,2450,C008,1974,27
O04403,2020,8,11,covid,P001,Laptop,Electronics,24,C020,81850,7
O02826,2020,8,12,covid,P006,Office Chair (Ergonomic),Home & Kitchen,183,C009,12282,31
O03354,2020,8,12,covid,P013,Hand Sanitizer (Bulk Pack),Groceries & Hygiene,265,C009,1599,36
O03767,2020,8,12,covid,P006,Office Chair (Ergonomic),Home & Kitchen,200,C010,13677,36
O04174,2020,8,12,covid,P014,Packaged Grocery Staples,Groceries & Hygiene,2320,C001,1100,47
O04292,2020,8,12,covid,P006,Office Chair (Ergonomic),Home & Kitchen,92,C016,12752,29
O07399,2020,8,13,covid,P002,Webcam & Headset Combo,Electronics,219,C016,6432,43
O07892,2020,8,13,covid,P009,Yoga Mat,Gym Equipment,1106,C014,2066,50
O00620,2020,8,14,covid,P007,Treadmill,Gym Equipment,77,C019,66544,14
O01818,2020,8,14,covid,P002,Webcam & Headset Combo,Electronics,49,C001,6790,42
O02218,2020,8,14,covid,P001,Laptop,Electronics,127,C006,75409,7
O00903,2020,8,15,covid,P007,Treadmill,Gym Equipment,41,C014,58489,10
O02167,2020,8,15,covid,P002,Webcam & Headset Combo,Electronics,364,C004,6345,47
O00856,2020,8,17,covid,P006,Office Chair (Ergonomic),Home & Kitchen,120,C003,13474,25
O07302,2020,8,17,covid,P013,Hand Sanitizer (Bulk Pack),Groceries & Hygiene,131,C018,1664,35
O07440,2020,8,17,covid,P011,Casual Loungewear Set,Fashion,468,C006,1779,17
O01284,2020,8,18,covid,P014,Packaged Grocery Staples,Groceries & Hygiene,2738,C019,1242,25
O01514,2020,8,18,covid,P007,Treadmill,Gym Equipment,9,C013,64182,9
O04823,2020,8,18,covid,P005,Microwave Oven,Home & Kitchen,124,C015,13607,19
O04437,2020,8,19,covid,P009,Yoga Mat,Gym Equipment,114,C008,2136,22
O04282,2020,8,20,covid,P006,Office Chair (Ergonomic),Home & Kitchen,132,C008,11675,38
O06232,2020,8,20,covid,P008,Resistance Bands & Dumbbell Set,Gym Equipment,1010,C014,5547,30
O02444,2020,8,21,covid,P002,Webcam & Headset Combo,Electronics,39,C020,6207,39
O06341,2020,8,21,covid,P013,Hand Sanitizer (Bulk Pack),Groceries & Hygiene,1138,C010,1742,43
O06460,2020,8,21,covid,P015,Drawing Tablet (EdTech),Stationery & EdTech,146,C005,10735,23
O00885,2020,8,23,covid,P007,Treadmill,Gym Equipment,60,C020,67327,14
O02715,2020,8,23,covid,P015,Drawing Tablet (EdTech),Stationery & EdTech,144,C007,10494,33
O05709,2020,8,23,covid,P009,Yoga Mat,Gym Equipment,347,C002,2130,47
O02163,2020,8,24,covid,P007,Treadmill,Gym Equipment,44,C008,63028,13
O06355,2020,8,24,covid,P005,Microwave Oven,Home & Kitchen,229,C016,12895,38
O02902,2020,8,26,covid,P001,Laptop,Electronics,113,C016,78086,7
O07291,2020,8,26,covid,P005,Microwave Oven,Home & Kitchen,64,C009,13365,18
O02746,2020,8,27,covid,P008,Resistance Bands & Dumbbell Set,Gym Equipment,454,C002,4753,37
O07386,2020,8,27,covid,P014,Packaged Grocery Staples,Groceries & Hygiene,1379,C013,1152,46
O05054,2020,8,28,covid,P006,Office Chair (Ergonomic),Home & Kitchen,178,C010,12871,16
O01132,2020,8,30,covid,P011,Casual Loungewear Set,Fashion,2985,C004,1915,43
O02252,2020,8,30,covid,P007,Treadmill,Gym Equipment,67,C004,57247,8
O00514,2020,8,31,covid,P008,Resistance Bands & Dumbbell Set,Gym Equipment,920,C012,5127,32
O02428,2020,8,31,covid,P001,Laptop,Electronics,37,C020,82577,10
O02870,2020,8,31,covid,P014,Packaged Grocery Staples,Groceries & Hygiene,2818,C007,1123,31
O00544,2020,9,1,covid,P004,Air Purifier,Home & Kitchen,133,C016,14328,8
O01600,2020,9,1,covid,P004,Air Purifier,Home & Kitchen,227,C016,14328,14
O01968,2020,9,1,covid,P008,Resistance Bands & Dumbbell Set,Gym Equipment,1087,C012,5046,27
O03466,2020,9,1,covid,P013,Hand Sanitizer (Bulk Pack),Groceries & Hygiene,82,C011,1686,40
O07283,2020,9,1,covid,P002,Webcam & Headset Combo,Electronics,275,C015,6926,30
O01683,2020,9,3,covid,P015,Drawing Tablet (EdTech),Stationery & EdTech,266,C008,10750,20
O02668,2020,9,3,covid,P004,Air Purifier,Home & Kitchen,217,C001,14328,19
O03067,2020,9,3,covid,P006,Office Chair (Ergonomic),Home & Kitchen,94,C013,12856,24
O04003,2020,9,3,covid,P004,Air Purifier,Home & Kitchen,162,C001,14328,20
O02077,2020,9,4,covid,P004,Air Purifier,Home & Kitchen,71,C010,14328,16
O07822,2020,9,4,covid,P006,Office Chair (Ergonomic),Home & Kitchen,76,C020,11889,15
O00108,2020,9,5,covid,P004,Air Purifier,Home & Kitchen,261,C009,14328,11
O04838,2020,9,5,covid,P005,Microwave Oven,Home & Kitchen,105,C006,13200,47
O04052,2020,9,6,covid,P015,Drawing Tablet (EdTech),Stationery & EdTech,275,C019,10695,18
O05703,2020,9,6,covid,P009,Yoga Mat,Gym Equipment,368,C008,1975,21
O01457,2020,9,7,covid,P008,Resistance Bands & Dumbbell Set,Gym Equipment,157,C018,5050,43
O03077,2020,9,7,covid,P011,Casual Loungewear Set,Fashion,2570,C004,1778,30
O05714,2020,9,7,covid,P002,Webcam & Headset Combo,Electronics,474,C005,6846,24
O04215,2020,9,8,covid,P005,Microwave Oven,Home & Kitchen,279,C019,12143,18
O05430,2020,9,8,covid,P009,Yoga Mat,Gym Equipment,640,C020,2050,29
O01293,2020,9,9,covid,P014,Packaged Grocery Staples,Groceries & Hygiene,2710,C016,1082,47
O04175,2020,9,9,covid,P003,Smartphone,Electronics,330,C018,26269,1
O04627,2020,9,10,covid,P008,Resistance Bands & Dumbbell Set,Gym Equipment,57,C011,5077,48
O01112,2020,9,11,covid,P014,Packaged Grocery Staples,Groceries & Hygiene,2855,C010,1286,23
O04000,2020,9,11,covid,P001,Laptop,Electronics,136,C019,81537,5
O04378,2020,9,11,covid,P007,Treadmill,Gym Equipment,71,C019,60035,12
O07155,2020,9,11,covid,P015,Drawing Tablet (EdTech),Stationery & EdTech,271,C010,11308,33
O07424,2020,9,11,covid,P003,Smartphone,Electronics,323,C017,26269,3
O04531,2020,9,13,covid,P002,Webcam & Headset Combo,Electronics,435,C012,6351,21
O00274,2020,9,14,covid,P002,Webcam & Headset Combo,Electronics,571,C009,6894,18
O00681,2020,9,14,covid,P005,Microwave Oven,Home & Kitchen,149,C013,12868,22
O03360,2020,9,14,covid,P009,Yoga Mat,Gym Equipment,1174,C016,2375,27
O06681,2020,9,14,covid,P008,Resistance Bands & Dumbbell Set,Gym Equipment,639,C012,5424,49
O07508,2020,9,14,covid,P008,Resistance Bands & Dumbbell Set,Gym Equipment,843,C004,4987,50
O04616,2020,9,15,covid,P013,Hand Sanitizer (Bulk Pack),Groceries & Hygiene,801,C020,1579,57
O06279,2020,9,15,covid,P013,Hand Sanitizer (Bulk Pack),Groceries & Hygiene,1215,C001,1744,48
O07192,2020,9,15,covid,P011,Casual Loungewear Set,Fashion,566,C009,1809,19
O00745,2020,9,16,covid,P013,Hand Sanitizer (Bulk Pack),Groceries & Hygiene,881,C006,1731,46
O06655,2020,9,16,covid,P001,Laptop,Electronics,29,C020,72341,5
O01162,2020,9,17,covid,P002,Webcam & Headset Combo,Electronics,324,C017,6544,20
O06167,2020,9,17,covid,P006,Office Chair (Ergonomic),Home & Kitchen,200,C016,12392,17
O07022,2020,9,17,covid,P011,Casual Loungewear Set,Fashion,754,C009,1740,20
O01323,2020,9,18,covid,P013,Hand Sanitizer (Bulk Pack),Groceries & Hygiene,366,C004,1678,55
O02267,2020,9,18,covid,P008,Resistance Bands & Dumbbell Set,Gym Equipment,783,C006,5544,45
O06360,2020,9,18,covid,P013,Hand Sanitizer (Bulk Pack),Groceries & Hygiene,1092,C005,1730,26
O03292,2020,9,19,covid,P015,Drawing Tablet (EdTech),Stationery & EdTech,267,C008,9931,47
O01786,2020,9,20,covid,P014,Packaged Grocery Staples,Groceries & Hygiene,3150,C010,1109,15
O04631,2020,9,20,covid,P007,Treadmill,Gym Equipment,3,C005,63037,3
O07145,2020,9,20,covid,P009,Yoga Mat,Gym Equipment,447,C005,2048,15
O02809,2020,9,21,covid,P014,Packaged Grocery Staples,Groceries & Hygiene,2843,C020,1284,24
O04724,2020,9,21,covid,P002,Webcam & Headset Combo,Electronics,297,C013,6368,46
O05548,2020,9,21,covid,P015,Drawing Tablet (EdTech),Stationery & EdTech,278,C011,10451,18
O01738,2020,9,22,covid,P001,Laptop,Electronics,13,C001,79414,10
O02904,2020,9,22,covid,P011,Casual Loungewear Set,Fashion,2727,C018,1889,27
O04186,2020,9,22,covid,P014,Packaged Grocery Staples,Groceries & Hygiene,2273,C008,1081,46
O02899,2020,9,23,covid,P011,Casual Loungewear Set,Fashion,2755,C004,1721,28
O06630,2020,9,23,covid,P008,Resistance Bands & Dumbbell Set,Gym Equipment,694,C005,5128,48
O00298,2020,9,24,covid,P011,Casual Loungewear Set,Fashion,3467,C005,1918,28
O00178,2020,9,25,covid,P011,Casual Loungewear Set,Fashion,3540,C019,1585,33
O02997,2020,9,25,covid,P007,Treadmill,Gym Equipment,8,C011,55306,7
O06974,2020,9,26,covid,P014,Packaged Grocery Staples,Groceries & Hygiene,1528,C015,1242,44
O03995,2020,9,27,covid,P015,Drawing Tablet (EdTech),Stationery & EdTech,23,C020,11167,23
O04479,2020,9,27,covid,P015,Drawing Tablet (EdTech),Stationery & EdTech,243,C003,10465,17
O07010,2020,9,27,covid,P003,Smartphone,Electronics,66,C011,26269,1
O05134,2020,9,28,covid,P011,Casual Loungewear Set,Fashion,1429,C018,1717,50
O07411,2020,9,28,covid,P014,Packaged Grocery Staples,Groceries & Hygiene,1297,C005,1072,27
O07577,2020,9,28,covid,P002,Webcam & Headset Combo,Electronics,597,C015,6502,35
O00109,2020,9,29,covid,P008,Resistance Bands & Dumbbell Set,Gym Equipment,1179,C020,5459,43
O01961,2020,9,29,covid,P009,Yoga Mat,Gym Equipment,637,C006,2116,25
O02693,2020,9,29,covid,P005,Microwave Oven,Home & Kitchen,296,C006,14010,35
O01861,2020,9,30,covid,P015,Drawing Tablet (EdTech),Stationery & EdTech,151,C012,11682,41
O04331,2020,9,30,covid,P002,Webcam & Headset Combo,Electronics,100,C019,6510,20
O06676,2020,9,30,covid,P009,Yoga Mat,Gym Equipment,896,C010,1972,16
O00741,2020,10,1,covid,P009,Yoga Mat,Gym Equipment,1905,C014,2182,28
O02221,2020,10,2,covid,P013,Hand Sanitizer (Bulk Pack),Groceries & Hygiene,1604,C020,1615,58
O06190,2020,10,2,covid,P001,Laptop,Electronics,47,C008,80540,7
O01609,2020,10,3,covid,P015,Drawing Tablet (EdTech),Stationery & EdTech,83,C008,10035,17
O03277,2020,10,3,covid,P001,Laptop,Electronics,27,C015,88189,15
O03745,2020,10,3,covid,P013,Hand Sanitizer (Bulk Pack),Groceries & Hygiene,1748,C013,1647,58
O02644,2020,10,4,covid,P014,Packaged Grocery Staples,Groceries & Hygiene,2872,C010,1121,15
O03797,2020,10,4,covid,P008,Resistance Bands & Dumbbell Set,Gym Equipment,702,C002,5433,15
O03967,2020,10,4,covid,P011,Casual Loungewear Set,Fashion,2089,C003,1704,28
O05187,2020,10,4,covid,P011,Casual Loungewear Set,Fashion,1374,C008,1809,15
O07275,2020,10,4,covid,P004,Air Purifier,Home & Kitchen,294,C002,14328,10
O07606,2020,10,4,covid,P005,Microwave Oven,Home & Kitchen,118,C008,14190,24
O01194,2020,10,5,covid,P002,Webcam & Headset Combo,Electronics,266,C017,6957,27
O02516,2020,10,5,covid,P005,Microwave Oven,Home & Kitchen,138,C012,14027,30
O02976,2020,10,5,covid,P009,Yoga Mat,Gym Equipment,1267,C016,2164,37
O03754,2020,10,5,covid,P005,Microwave Oven,Home & Kitchen,221,C017,12607,50
O00649,2020,10,6,covid,P004,Air Purifier,Home & Kitchen,117,C001,14328,12
O01649,2020,10,6,covid,P001,Laptop,Electronics,60,C016,78974,10
O02828,2020,10,6,covid,P003,Smartphone,Electronics,267,C001,26269,7
O06012,2020,10,6,covid,P006,Office Chair (Ergonomic),Home & Kitchen,130,C016,11930,16
O06016,2020,10,6,covid,P002,Webcam & Headset Combo,Electronics,149,C019,6047,34
O01119,2020,10,7,covid,P008,Resistance Bands & Dumbbell Set,Gym Equipment,438,C004,5500,16
O05777,2020,10,7,covid,P002,Webcam & Headset Combo,Electronics,374,C018,7170,47
O00125,2020,10,8,covid,P015,Drawing Tablet (EdTech),Stationery & EdTech,226,C015,11725,28
O01205,2020,10,8,covid,P007,Treadmill,Gym Equipment,11,C013,57497,6
O01604,2020,10,8,covid,P014,Packaged Grocery Staples,Groceries & Hygiene,2911,C004,1247,41
O06091,2020,10,8,covid,P009,Yoga Mat,Gym Equipment,1418,C002,2274,37
O01128,2020,10,9,covid,P006,Office Chair (Ergonomic),Home & Kitchen,51,C017,12929,50
O05320,2020,10,9,covid,P015,Drawing Tablet (EdTech),Stationery & EdTech,119,C010,9885,43
O03617,2020,10,10,covid,P015,Drawing Tablet (EdTech),Stationery & EdTech,295,C016,11374,36
O05356,2020,10,10,covid,P002,Webcam & Headset Combo,Electronics,188,C005,6628,18
O05747,2020,10,10,covid,P015,Drawing Tablet (EdTech),Stationery & EdTech,35,C016,11824,16
O06717,2020,10,10,covid,P013,Hand Sanitizer (Bulk Pack),Groceries & Hygiene,727,C015,1897,26
O04001,2020,10,11,covid,P015,Drawing Tablet (EdTech),Stationery & EdTech,300,C010,10912,19
O04179,2020,10,11,covid,P013,Hand Sanitizer (Bulk Pack),Groceries & Hygiene,1366,C004,1847,39
O03935,2020,10,12,covid,P002,Webcam & Headset Combo,Electronics,507,C020,6289,30
O01179,2020,10,13,covid,P004,Air Purifier,Home & Kitchen,31,C011,14328,19
O05100,2020,10,13,covid,P015,Drawing Tablet (EdTech),Stationery & EdTech,289,C001,10351,37
O07394,2020,10,13,covid,P007,Treadmill,Gym Equipment,23,C012,58660,5
O00704,2020,10,14,covid,P012,Festive Sarees,Fashion,1499,C001,7164,2
O05712,2020,10,16,covid,P005,Microwave Oven,Home & Kitchen,38,C015,13215,23
O01779,2020,10,17,covid,P007,Treadmill,Gym Equipment,15,C010,64897,13
O04160,2020,10,17,covid,P003,Smartphone,Electronics,340,C015,26269,7
O00914,2020,10,18,covid,P015,Drawing Tablet (EdTech),Stationery & EdTech,178,C005,11610,16
O07951,2020,10,18,covid,P013,Hand Sanitizer (Bulk Pack),Groceries & Hygiene,1419,C014,1819,56
O00011,2020,10,19,covid,P013,Hand Sanitizer (Bulk Pack),Groceries & Hygiene,1243,C011,1915,22
O06925,2020,10,19,covid,P004,Air Purifier,Home & Kitchen,92,C001,14328,9
O07850,2020,10,19,covid,P001,Laptop,Electronics,15,C011,75697,5
O01664,2020,10,21,covid,P011,Casual Loungewear Set,Fashion,3219,C012,1723,21
O00474,2020,10,22,covid,P015,Drawing Tablet (EdTech),Stationery & EdTech,243,C009,10162,45
O06742,2020,10,23,covid,P014,Packaged Grocery Staples,Groceries & Hygiene,1611,C019,1163,23
O00328,2020,10,24,covid,P001,Laptop,Electronics,110,C016,78644,6
O06430,2020,10,24,covid,P009,Yoga Mat,Gym Equipment,1097,C019,2216,34
O02705,2020,10,25,covid,P001,Laptop,Electronics,62,C005,77283,10
O04988,2020,10,25,covid,P001,Laptop,Electronics,58,C019,80045,7
O05484,2020,10,25,covid,P015,Drawing Tablet (EdTech),Stationery & EdTech,48,C020,10228,42
O05853,2020,10,25,covid,P012,Festive Sarees,Fashion,1495,C011,7164,2
O07116,2020,10,25,covid,P015,Drawing Tablet (EdTech),Stationery & EdTech,39,C010,11565,27
O05156,2020,10,26,covid,P013,Hand Sanitizer (Bulk Pack),Groceries & Hygiene,476,C008,1889,30
O07447,2020,10,26,covid,P001,Laptop,Electronics,15,C001,76990,6
O07920,2020,10,26,covid,P009,Yoga Mat,Gym Equipment,1055,C009,2372,48
O01789,2020,10,27,covid,P002,Webcam & Headset Combo,Electronics,133,C008,6613,30
O05029,2020,10,27,covid,P013,Hand Sanitizer (Bulk Pack),Groceries & Hygiene,544,C004,1734,52
O00211,2020,10,28,covid,P001,Laptop,Electronics,163,C001,83639,11
O04907,2020,10,28,covid,P011,Casual Loungewear Set,Fashion,1619,C020,1755,37
O01849,2020,10,29,covid,P004,Air Purifier,Home & Kitchen,131,C010,14328,19
O01895,2020,10,29,covid,P013,Hand Sanitizer (Bulk Pack),Groceries & Hygiene,1896,C019,1698,38
O03325,2020,10,30,covid,P006,Office Chair (Ergonomic),Home & Kitchen,114,C020,12106,32
O00057,2020,10,31,covid,P003,Smartphone,Electronics,403,C011,26269,7
O00538,2020,10,31,covid,P013,Hand Sanitizer (Bulk Pack),Groceries & Hygiene,1247,C010,1871,37
O00871,2020,10,31,covid,P001,Laptop,Electronics,84,C012,83041,13
O05293,2020,10,31,covid,P011,Casual Loungewear Set,Fashion,1304,C005,1901,43
O05487,2020,10,31,covid,P013,Hand Sanitizer (Bulk Pack),Groceries & Hygiene,148,C020,1891,39
O04632,2020,11,1,covid,P005,Microwave Oven,Home & Kitchen,293,C017,12883,22
O05939,2020,11,1,covid,P013,Hand Sanitizer (Bulk Pack),Groceries & Hygiene,1472,C005,1711,39
O06210,2020,11,2,covid,P005,Microwave Oven,Home & Kitchen,23,C012,12278,15
O06404,2020,11,2,covid,P004,Air Purifier,Home & Kitchen,189,C017,14328,16
O00762,2020,11,3,covid,P013,Hand Sanitizer (Bulk Pack),Groceries & Hygiene,835,C007,1917,22
O04291,2020,11,3,covid,P011,Casual Loungewear Set,Fashion,1901,C006,1857,48
O00525,2020,11,4,covid,P005,Microwave Oven,Home & Kitchen,60,C012,13848,29
O07451,2020,11,4,covid,P011,Casual Loungewear Set,Fashion,422,C011,1732,15
O00673,2020,11,5,covid,P014,Packaged Grocery Staples,Groceries & Hygiene,3045,C019,1222,20
O00030,2020,11,6,covid,P001,Laptop,Electronics,153,C014,73509,14
O00308,2020,11,6,covid,P002,Webcam & Headset Combo,Electronics,521,C012,6035,39
O05718,2020,11,6,covid,P013,Hand Sanitizer (Bulk Pack),Groceries & Hygiene,1840,C018,1762,44
O05876,2020,11,7,covid,P013,Hand Sanitizer (Bulk Pack),Groceries & Hygiene,1667,C019,1698,35
O06402,2020,11,7,covid,P015,Drawing Tablet (EdTech),Stationery & EdTech,255,C006,11824,33
O06769,2020,11,7,covid,P004,Air Purifier,Home & Kitchen,136,C003,14328,6
O00605,2020,11,8,covid,P008,Resistance Bands & Dumbbell Set,Gym Equipment,962,C001,5576,48
O01902,2020,11,9,covid,P002,Webcam & Headset Combo,Electronics,562,C015,7082,17
O07183,2020,11,10,covid,P006,Office Chair (Ergonomic),Home & Kitchen,146,C015,12434,35
O07473,2020,11,11,covid,P014,Packaged Grocery Staples,Groceries & Hygiene,1268,C012,1061,37
O07638,2020,11,12,covid,P002,Webcam & Headset Combo,Electronics,527,C017,6493,29
O04652,2020,11,13,covid,P015,Drawing Tablet (EdTech),Stationery & EdTech,85,C003,10936,50
O06680,2020,11,13,covid,P009,Yoga Mat,Gym Equipment,880,C001,2071,30
O00691,2020,11,14,covid,P014,Packaged Grocery Staples,Groceries & Hygiene,3025,C008,1192,44
O00857,2020,11,14,covid,P002,Webcam & Headset Combo,Electronics,514,C002,7211,39
O05803,2020,11,14,covid,P006,Office Chair (Ergonomic),Home & Kitchen,27,C014,11897,18
O05620,2020,11,15,covid,P011,Casual Loungewear Set,Fashion,1130,C020,1627,26
O04062,2020,11,16,covid,P009,Yoga Mat,Gym Equipment,540,C005,2000,24
O05201,2020,11,16,covid,P002,Webcam & Headset Combo,Electronics,308,C014,7070,46
O06264,2020,11,16,covid,P009,Yoga Mat,Gym Equipment,1248,C003,2083,28
O07388,2020,11,16,covid,P008,Resistance Bands & Dumbbell Set,Gym Equipment,1028,C006,4787,15
O01783,2020,11,18,covid,P002,Webcam & Headset Combo,Electronics,178,C015,6241,45
O02885,2020,11,18,covid,P011,Casual Loungewear Set,Fashion,2805,C006,1662,50
O02953,2020,11,18,covid,P002,Webcam & Headset Combo,Electronics,203,C006,5929,32
O07401,2020,11,18,covid,P015,Drawing Tablet (EdTech),Stationery & EdTech,278,C012,11045,26
O05702,2020,11,19,covid,P015,Drawing Tablet (EdTech),Stationery & EdTech,134,C009,11633,45
O03535,2020,11,21,covid,P003,Smartphone,Electronics,95,C015,26269,7
O06008,2020,11,21,covid,P007,Treadmill,Gym Equipment,56,C006,57608,8
O07391,2020,11,21,covid,P006,Office Chair (Ergonomic),Home & Kitchen,187,C009,13250,30
O03156,2020,11,22,covid,P015,Drawing Tablet (EdTech),Stationery & EdTech,127,C008,10055,30
O07883,2020,11,22,covid,P015,Drawing Tablet (EdTech),Stationery & EdTech,265,C002,10732,37
O02736,2020,11,23,covid,P007,Treadmill,Gym Equipment,71,C019,61667,5
O03546,2020,11,23,covid,P014,Packaged Grocery Staples,Groceries & Hygiene,2484,C003,1280,19
O04343,2020,11,24,covid,P013,Hand Sanitizer (Bulk Pack),Groceries & Hygiene,1138,C019,1641,28
O01043,2020,11,25,covid,P013,Hand Sanitizer (Bulk Pack),Groceries & Hygiene,627,C010,1623,27
O00743,2020,11,26,covid,P013,Hand Sanitizer (Bulk Pack),Groceries & Hygiene,918,C009,1810,37
O01216,2020,11,26,covid,P015,Drawing Tablet (EdTech),Stationery & EdTech,53,C019,10423,15
O02716,2020,11,26,covid,P013,Hand Sanitizer (Bulk Pack),Groceries & Hygiene,730,C010,1898,45
O02347,2020,11,27,covid,P006,Office Chair (Ergonomic),Home & Kitchen,59,C002,12266,35
O07519,2020,11,27,covid,P001,Laptop,Electronics,145,C002,76491,8
O01719,2020,11,28,covid,P011,Casual Loungewear Set,Fashion,3187,C001,1715,18
O06838,2020,11,28,covid,P006,Office Chair (Ergonomic),Home & Kitchen,160,C010,11561,26
O01945,2020,11,29,covid,P009,Yoga Mat,Gym Equipment,743,C002,2207,47
O05973,2020,11,29,covid,P009,Yoga Mat,Gym Equipment,103,C007,2222,21
O06218,2020,11,29,covid,P013,Hand Sanitizer (Bulk Pack),Groceries & Hygiene,1258,C015,1895,39
O06329,2020,11,29,covid,P007,Treadmill,Gym Equipment,64,C019,65697,12
O03029,2020,11,30,covid,P008,Resistance Bands & Dumbbell Set,Gym Equipment,105,C018,5546,38
O04926,2020,11,30,covid,P008,Resistance Bands & Dumbbell Set,Gym Equipment,1023,C017,5497,21
O00156,2020,12,1,covid,P006,Office Chair (Ergonomic),Home & Kitchen,130,C017,12179,35
O03286,2020,12,1,covid,P013,Hand Sanitizer (Bulk Pack),Groceries & Hygiene,377,C008,1633,30
O04117,2020,12,1,covid,P008,Resistance Bands & Dumbbell Set,Gym Equipment,381,C018,4676,22
O01466,2020,12,2,covid,P001,Laptop,Electronics,136,C010,80614,7
O02883,2020,12,2,covid,P004,Air Purifier,Home & Kitchen,138,C005,14328,16
O06028,2020,12,2,covid,P002,Webcam & Headset Combo,Electronics,110,C006,6167,36
O06047,2020,12,2,covid,P006,Office Chair (Ergonomic),Home & Kitchen,103,C007,11421,30
O02369,2020,12,3,covid,P005,Microwave Oven,Home & Kitchen,17,C019,12927,17
O01272,2020,12,6,covid,P011,Casual Loungewear Set,Fashion,2889,C002,1664,28
O01300,2020,12,6,covid,P009,Yoga Mat,Gym Equipment,1308,C002,2162,16
O05528,2020,12,6,covid,P005,Microwave Oven,Home & Kitchen,134,C013,13466,40
O05773,2020,12,6,covid,P013,Hand Sanitizer (Bulk Pack),Groceries & Hygiene,1730,C014,1608,39
O06529,2020,12,6,covid,P013,Hand Sanitizer (Bulk Pack),Groceries & Hygiene,937,C005,1896,46
O06401,2020,12,8,covid,P013,Hand Sanitizer (Bulk Pack),Groceries & Hygiene,1014,C017,1864,49
O01055,2020,12,9,covid,P013,Hand Sanitizer (Bulk Pack),Groceries & Hygiene,600,C012,1911,25
O00014,2020,12,10,covid,P002,Webcam & Headset Combo,Electronics,516,C020,6932,23
O00733,2020,12,10,covid,P013,Hand Sanitizer (Bulk Pack),Groceries & Hygiene,950,C005,1609,32
O01312,2020,12,10,covid,P005,Microwave Oven,Home & Kitchen,22,C002,12036,22
O02557,2020,12,10,covid,P002,Webcam & Headset Combo,Electronics,513,C010,7143,43
O02768,2020,12,10,covid,P005,Microwave Oven,Home & Kitchen,234,C004,13522,23
O06412,2020,12,10,covid,P015,Drawing Tablet (EdTech),Stationery & EdTech,211,C010,12022,15
O07153,2020,12,10,covid,P002,Webcam & Headset Combo,Electronics,461,C004,6268,42
O04763,2020,12,11,covid,P013,Hand Sanitizer (Bulk Pack),Groceries & Hygiene,692,C010,1675,59
O05337,2020,12,11,covid,P001,Laptop,Electronics,117,C018,85646,10
O07139,2020,12,11,covid,P013,Hand Sanitizer (Bulk Pack),Groceries & Hygiene,330,C015,1725,41
O07713,2020,12,11,covid,P011,Casual Loungewear Set,Fashion,334,C005,1609,16
O05488,2020,12,12,covid,P002,Webcam & Headset Combo,Electronics,65,C020,6048,49
O07750,2020,12,13,covid,P008,Resistance Bands & Dumbbell Set,Gym Equipment,644,C015,5611,36
O01355,2020,12,14,covid,P001,Laptop,Electronics,25,C015,83033,12
O04687,2020,12,14,covid,P014,Packaged Grocery Staples,Groceries & Hygiene,2550,C013,1090,33
O07456,2020,12,14,covid,P008,Resistance Bands & Dumbbell Set,Gym Equipment,965,C007,5374,33
O05398,2020,12,15,covid,P006,Office Chair (Ergonomic),Home & Kitchen,198,C015,13444,41
O06611,2020,12,15,covid,P014,Packaged Grocery Staples,Groceries & Hygiene,1698,C014,1123,38
O00983,2020,12,16,covid,P008,Resistance Bands & Dumbbell Set,Gym Equipment,617,C015,5184,22
O02179,2020,12,16,covid,P007,Treadmill,Gym Equipment,14,C010,63157,14
O02915,2020,12,16,covid,P011,Casual Loungewear Set,Fashion,2700,C015,1780,33
O03368,2020,12,16,covid,P002,Webcam & Headset Combo,Electronics,283,C009,6507,32
O03543,2020,12,17,covid,P013,Hand Sanitizer (Bulk Pack),Groceries & Hygiene,1954,C015,1806,39
O03980,2020,12,17,covid,P006,Office Chair (Ergonomic),Home & Kitchen,81,C004,12039,23
O00302,2020,12,18,covid,P008,Resistance Bands & Dumbbell Set,Gym Equipment,1026,C019,5527,28
O01372,2020,12,18,covid,P002,Webcam & Headset Combo,Electronics,126,C009,7245,22
O01993,2020,12,18,covid,P009,Yoga Mat,Gym Equipment,521,C002,2290,34
O04408,2020,12,18,covid,P006,Office Chair (Ergonomic),Home & Kitchen,40,C015,11863,21
O05935,2020,12,18,covid,P013,Hand Sanitizer (Bulk Pack),Groceries & Hygiene,1545,C004,1704,57
O07368,2020,12,18,covid,P014,Packaged Grocery Staples,Groceries & Hygiene,1411,C014,1050,32
O01172,2020,12,19,covid,P008,Resistance Bands & Dumbbell Set,Gym Equipment,410,C019,4945,26
O01691,2020,12,19,covid,P015,Drawing Tablet (EdTech),Stationery & EdTech,221,C006,10489,24
O05117,2020,12,19,covid,P005,Microwave Oven,Home & Kitchen,201,C018,14188,28
O07334,2020,12,19,covid,P009,Yoga Mat,Gym Equipment,278,C001,2320,45
O03684,2020,12,20,covid,P011,Casual Loungewear Set,Fashion,2266,C020,1894,18
O04610,2020,12,21,covid,P011,Casual Loungewear Set,Fashion,1795,C007,1741,34
O05729,2020,12,22,covid,P001,Laptop,Electronics,81,C015,82366,7
O01311,2020,12,23,covid,P009,Yoga Mat,Gym Equipment,1264,C015,2011,48
O02590,2020,12,23,covid,P007,Treadmill,Gym Equipment,57,C003,67686,11
O02681,2020,12,23,covid,P013,Hand Sanitizer (Bulk Pack),Groceries & Hygiene,829,C002,1605,44
O00813,2020,12,24,covid,P015,Drawing Tablet (EdTech),Stationery & EdTech,29,C016,11102,29
O02433,2020,12,24,covid,P011,Casual Loungewear Set,Fashion,2983,C001,1590,15
O04946,2020,12,24,covid,P006,Office Chair (Ergonomic),Home & Kitchen,86,C014,11464,31
O06981,2020,12,24,covid,P006,Office Chair (Ergonomic),Home & Kitchen,21,C014,12785,21
O03545,2020,12,25,covid,P002,Webcam & Headset Combo,Electronics,158,C014,6321,24
O05230,2020,12,25,covid,P011,Casual Loungewear Set,Fashion,1336,C018,1805,24
O05414,2020,12,25,covid,P014,Packaged Grocery Staples,Groceries & Hygiene,2242,C020,1121,27
O05664,2020,12,25,covid,P001,Laptop,Electronics,94,C007,78644,11
O07954,2020,12,26,covid,P001,Laptop,Electronics,142,C020,76045,5
O00484,2020,12,27,covid,P005,Microwave Oven,Home & Kitchen,102,C003,12641,24
O01238,2020,12,27,covid,P013,Hand Sanitizer (Bulk Pack),Groceries & Hygiene,456,C016,1911,57
O03775,2020,12,27,covid,P002,Webcam & Headset Combo,Electronics,600,C019,7048,38
O05662,2020,12,27,covid,P001,Laptop,Electronics,106,C020,80874,12
O06541,2020,12,28,covid,P008,Resistance Bands & Dumbbell Set,Gym Equipment,817,C001,4723,32
O06710,2020,12,28,covid,P005,Microwave Oven,Home & Kitchen,206,C002,14103,19
O00099,2020,12,29,covid,P005,Microwave Oven,Home & Kitchen,276,C007,14090,24
O00967,2020,12,29,covid,P004,Air Purifier,Home & Kitchen,57,C013,14328,6
O05018,2020,12,29,covid,P006,Office Chair (Ergonomic),Home & Kitchen,19,C007,11440,19
O01104,2020,12,30,covid,P013,Hand Sanitizer (Bulk Pack),Groceries & Hygiene,573,C008,1888,22
O02356,2020,12,30,covid,P001,Laptop,Electronics,86,C003,83478,13
O02766,2020,12,30,covid,P015,Drawing Tablet (EdTech),Stationery & EdTech,111,C016,11224,46
O04828,2020,12,30,covid,P002,Webcam & Headset Combo,Electronics,162,C020,6319,50
O06293,2020,12,30,covid,P001,Laptop,Electronics,143,C015,86506,9
O04010,2020,12,31,covid,P008,Resistance Bands & Dumbbell Set,Gym Equipment,461,C019,5370,27
O04041,2020,12,31,covid,P001,Laptop,Electronics,122,C015,83688,6
O05080,2020,12,31,covid,P011,Casual Loungewear Set,Fashion,1477,C012,1680,41
O05334,2020,12,31,covid,P005,Microwave Oven,Home & Kitchen,39,C010,13192,39
O03416,2021,1,1,covid,P001,Laptop,Electronics,120,C016,86252,10
O05182,2021,1,1,covid,P006,Office Chair (Ergonomic),Home & Kitchen,32,C007,13831,32
O05268,2021,1,1,covid,P009,Yoga Mat,Gym Equipment,791,C013,2141,27
O07874,2021,1,1,covid,P013,Hand Sanitizer (Bulk Pack),Groceries & Hygiene,1529,C013,1692,56
O02896,2021,1,2,covid,P007,Treadmill,Gym Equipment,38,C001,69646,14
O07763,2021,1,2,covid,P004,Air Purifier,Home & Kitchen,236,C002,14758,17
O07843,2021,1,2,covid,P008,Resistance Bands & Dumbbell Set,Gym Equipment,464,C018,5326,15
O04401,2021,1,3,covid,P009,Yoga Mat,Gym Equipment,156,C020,2411,25
O04802,2021,1,3,covid,P007,Treadmill,Gym Equipment,46,C013,66844,9
O05261,2021,1,3,covid,P013,Hand Sanitizer (Bulk Pack),Groceries & Hygiene,360,C005,1711,40
O07249,2021,1,3,covid,P009,Yoga Mat,Gym Equipment,354,C016,2397,25
O00047,2021,1,4,covid,P005,Microwave Oven,Home & Kitchen,288,C008,12894,50
O02567,2021,1,4,covid,P014,Packaged Grocery Staples,Groceries & Hygiene,2913,C006,1115,34
O01878,2021,1,5,covid,P013,Hand Sanitizer (Bulk Pack),Groceries & Hygiene,1928,C004,1808,32
O03168,2021,1,5,covid,P008,Resistance Bands & Dumbbell Set,Gym Equipment,1132,C019,5518,15
O04560,2021,1,5,covid,P004,Air Purifier,Home & Kitchen,289,C008,14758,18
O04406,2021,1,6,covid,P002,Webcam & Headset Combo,Electronics,518,C006,6409,37
O06269,2021,1,6,covid,P001,Laptop,Electronics,14,C005,84771,13
O01449,2021,1,7,covid,P002,Webcam & Headset Combo,Electronics,52,C003,7317,40
O02639,2021,1,7,covid,P006,Office Chair (Ergonomic),Home & Kitchen,108,C016,14046,50
O05740,2021,1,7,covid,P013,Hand Sanitizer (Bulk Pack),Groceries & Hygiene,1788,C016,1790,53
O03015,2021,1,8,covid,P001,Laptop,Electronics,99,C008,88779,13
O05241,2021,1,8,covid,P007,Treadmill,Gym Equipment,9,C007,66728,9
O06970,2021,1,8,covid,P006,Office Chair (Ergonomic),Home & Kitchen,61,C004,12458,37
O02117,2021,1,9,covid,P005,Microwave Oven,Home & Kitchen,189,C015,12343,22
O03649,2021,1,9,covid,P009,Yoga Mat,Gym Equipment,951,C014,2182,45
O06980,2021,1,9,covid,P014,Packaged Grocery Staples,Groceries & Hygiene,1484,C015,1202,19
O00051,2021,1,10,covid,P009,Yoga Mat,Gym Equipment,1897,C015,2186,41
O02159,2021,1,10,covid,P015,Drawing Tablet (EdTech),Stationery & EdTech,222,C014,11755,48
O05165,2021,1,10,covid,P001,Laptop,Electronics,27,C015,74561,14
O07837,2021,1,10,covid,P009,Yoga Mat,Gym Equipment,1205,C017,2323,37
O00603,2021,1,11,covid,P003,Smartphone,Electronics,293,C015,27057,1
O03971,2021,1,11,covid,P004,Air Purifier,Home & Kitchen,189,C005,14758,15
O05193,2021,1,11,covid,P015,Drawing Tablet (EdTech),Stationery & EdTech,210,C015,10881,41
O06131,2021,1,11,covid,P004,Air Purifier,Home & Kitchen,264,C004,14758,6
O01180,2021,1,12,covid,P009,Yoga Mat,Gym Equipment,1360,C011,2083,36
O07097,2021,1,12,covid,P008,Resistance Bands & Dumbbell Set,Gym Equipment,109,C001,4833,23
O07934,2021,1,12,covid,P003,Smartphone,Electronics,248,C002,27057,1
O03016,2021,1,13,covid,P007,Treadmill,Gym Equipment,79,C013,63916,10
O03374,2021,1,14,covid,P008,Resistance Bands & Dumbbell Set,Gym Equipment,1019,C009,5600,40
O06421,2021,1,14,covid,P002,Webcam & Headset Combo,Electronics,385,C006,6616,24
O06659,2021,1,14,covid,P015,Drawing Tablet (EdTech),Stationery & EdTech,300,C019,11652,17
O02653,2021,1,16,covid,P001,Laptop,Electronics,92,C002,79392,12
O00613,2021,1,17,covid,P008,Resistance Bands & Dumbbell Set,Gym Equipment,914,C013,4895,42
O00726,2021,1,17,covid,P013,Hand Sanitizer (Bulk Pack),Groceries & Hygiene,1013,C008,1733,42
O02714,2021,1,17,covid,P013,Hand Sanitizer (Bulk Pack),Groceries & Hygiene,775,C001,1897,45
O03058,2021,1,17,covid,P001,Laptop,Electronics,79,C005,85218,5
O06745,2021,1,17,covid,P005,Microwave Oven,Home & Kitchen,187,C006,14084,22
O07172,2021,1,17,covid,P008,Resistance Bands & Dumbbell Set,Gym Equipment,1180,C004,5139,30
O04755,2021,1,18,covid,P005,Microwave Oven,Home & Kitchen,204,C007,12375,42
O05059,2021,1,18,covid,P002,Webcam & Headset Combo,Electronics,525,C014,7064,30
O01065,2021,1,19,covid,P007,Treadmill,Gym Equipment,79,C020,64985,8
O07926,2021,1,19,covid,P009,Yoga Mat,Gym Equipment,1007,C002,2269,20
O00846,2021,1,20,covid,P006,Office Chair (Ergonomic),Home & Kitchen,150,C007,11818,30
O05345,2021,1,20,covid,P013,Hand Sanitizer (Bulk Pack),Groceries & Hygiene,304,C014,1641,55
O06969,2021,1,20,covid,P002,Webcam & Headset Combo,Electronics,102,C012,6465,29
O02272,2021,1,21,covid,P014,Packaged Grocery Staples,Groceries & Hygiene,3043,C019,1115,49
O02415,2021,1,22,covid,P001,Laptop,Electronics,53,C004,86070,13
O02757,2021,1,22,covid,P001,Laptop,Electronics,27,C018,78589,15
O04913,2021,1,22,covid,P004,Air Purifier,Home & Kitchen,202,C001,14758,15
O02058,2021,1,23,covid,P013,Hand Sanitizer (Bulk Pack),Groceries & Hygiene,1709,C012,1957,31
O02418,2021,1,23,covid,P004,Air Purifier,Home & Kitchen,275,C010,14758,6
O03742,2021,1,23,covid,P006,Office Chair (Ergonomic),Home & Kitchen,47,C013,11966,34
O06548,2021,1,24,covid,P013,Hand Sanitizer (Bulk Pack),Groceries & Hygiene,891,C007,1738,52
O05679,2021,1,25,covid,P014,Packaged Grocery Staples,Groceries & Hygiene,2140,C002,1139,34
O00984,2021,1,26,covid,P006,Office Chair (Ergonomic),Home & Kitchen,198,C010,11617,16
O05237,2021,1,26,covid,P006,Office Chair (Ergonomic),Home & Kitchen,147,C010,12918,49
O03226,2021,1,27,covid,P004,Air Purifier,Home & Kitchen,37,C008,14758,15
O04167,2021,1,27,covid,P007,Treadmill,Gym Equipment,45,C010,63354,15
O05290,2021,1,27,covid,P001,Laptop,Electronics,142,C005,89567,15
O00168,2021,1,28,covid,P007,Treadmill,Gym Equipment,39,C014,64159,8
O01929,2021,1,28,covid,P008,Resistance Bands & Dumbbell Set,Gym Equipment,1136,C007,5037,41
O05216,2021,1,28,covid,P013,Hand Sanitizer (Bulk Pack),Groceries & Hygiene,405,C002,1636,44
O05271,2021,1,28,covid,P005,Microwave Oven,Home & Kitchen,96,C018,14449,30
O04894,2021,1,29,covid,P001,Laptop,Electronics,94,C011,91040,11
O07927,2021,1,29,covid,P013,Hand Sanitizer (Bulk Pack),Groceries & Hygiene,1441,C012,1816,22
O02993,2021,1,31,covid,P011,Casual Loungewear Set,Fashion,2628,C011,1765,15
O05039,2021,1,31,covid,P002,Webcam & Headset Combo,Electronics,598,C001,7388,26
O01998,2021,2,1,covid,P007,Treadmill,Gym Equipment,33,C007,58646,15
O03622,2021,2,1,covid,P001,Laptop,Electronics,19,C019,82726,7
O01654,2021,2,2,covid,P015,Drawing Tablet (EdTech),Stationery & EdTech,295,C012,10488,16
O03239,2021,2,2,covid,P007,Treadmill,Gym Equipment,22,C004,63267,15
O01804,2021,2,3,covid,P002,Webcam & Headset Combo,Electronics,94,C016,6441,36
O07666,2021,2,3,covid,P013,Hand Sanitizer (Bulk Pack),Groceries & Hygiene,1758,C016,1674,59
O01791,2021,2,4,covid,P013,Hand Sanitizer (Bulk Pack),Groceries & Hygiene,1970,C002,1834,26
O01896,2021,2,4,covid,P005,Microwave Oven,Home & Kitchen,82,C019,14296,33
O01952,2021,2,4,covid,P002,Webcam & Headset Combo,Electronics,513,C017,7030,35
O03141,2021,2,4,covid,P009,Yoga Mat,Gym Equipment,1101,C020,2105,28
O06050,2021,2,4,covid,P003,Smartphone,Electronics,298,C006,27057,2
O07863,2021,2,4,covid,P004,Air Purifier,Home & Kitchen,198,C003,14758,14
O00812,2021,2,5,covid,P015,Drawing Tablet (EdTech),Stationery & EdTech,60,C020,11569,31
O02613,2021,2,5,covid,P007,Treadmill,Gym Equipment,39,C018,62720,5
O06272,2021,2,5,covid,P014,Packaged Grocery Staples,Groceries & Hygiene,1855,C001,1111,37
O07193,2021,2,5,covid,P001,Laptop,Electronics,60,C004,88273,8
O07445,2021,2,5,covid,P011,Casual Loungewear Set,Fashion,448,C014,1926,26
O00916,2021,2,6,covid,P001,Laptop,Electronics,57,C016,84332,12
O01114,2021,2,6,covid,P005,Microwave Oven,Home & Kitchen,190,C018,14251,32
O02504,2021,2,6,covid,P013,Hand Sanitizer (Bulk Pack),Groceries & Hygiene,1182,C017,1716,24
O02762,2021,2,6,covid,P008,Resistance Bands & Dumbbell Set,Gym Equipment,398,C002,5070,42
O07811,2021,2,6,covid,P013,Hand Sanitizer (Bulk Pack),Groceries & Hygiene,1631,C001,1707,41
O00222,2021,2,7,covid,P015,Drawing Tablet (EdTech),Stationery & EdTech,72,C009,10162,25
O01276,2021,2,7,covid,P008,Resistance Bands & Dumbbell Set,Gym Equipment,329,C019,5788,38
O00534,2021,2,8,covid,P002,Webcam & Headset Combo,Electronics,260,C005,7293,19
O02026,2021,2,8,covid,P011,Casual Loungewear Set,Fashion,3085,C004,1709,21
O07829,2021,2,8,covid,P009,Yoga Mat,Gym Equipment,1254,C004,2295,48
O01086,2021,2,9,covid,P008,Resistance Bands & Dumbbell Set,Gym Equipment,457,C008,4775,19
O04204,2021,2,9,covid,P001,Laptop,Electronics,70,C020,88933,9
O00522,2021,2,10,covid,P003,Smartphone,Electronics,309,C009,27057,3
O06587,2021,2,10,covid,P013,Hand Sanitizer (Bulk Pack),Groceries & Hygiene,834,C017,1721,51
O06698,2021,2,10,covid,P006,Office Chair (Ergonomic),Home & Kitchen,76,C016,14089,41
O02383,2021,2,11,covid,P007,Treadmill,Gym Equipment,42,C010,58980,9
O00016,2021,2,12,covid,P007,Treadmill,Gym Equipment,68,C010,59992,11
O00399,2021,2,12,covid,P007,Treadmill,Gym Equipment,58,C017,66591,13
O03682,2021,2,12,covid,P007,Treadmill,Gym Equipment,73,C019,68197,10
O02416,2021,2,13,covid,P002,Webcam & Headset Combo,Electronics,64,C018,7053,19
O03376,2021,2,14,covid,P015,Drawing Tablet (EdTech),Stationery & EdTech,201,C016,11267,17
O05438,2021,2,14,covid,P007,Treadmill,Gym Equipment,79,C012,67361,9
O06242,2021,2,14,covid,P001,Laptop,Electronics,30,C018,81888,15
O06722,2021,2,14,covid,P007,Treadmill,Gym Equipment,8,C002,59113,8
O05503,2021,2,15,covid,P006,Office Chair (Ergonomic),Home & Kitchen,56,C005,13974,42
O00304,2021,2,16,covid,P014,Packaged Grocery Staples,Groceries & Hygiene,3169,C002,1158,30
O01143,2021,2,16,covid,P001,Laptop,Electronics,104,C001,87575,9
O02609,2021,2,16,covid,P013,Hand Sanitizer (Bulk Pack),Groceries & Hygiene,904,C017,1789,38
O04157,2021,2,16,covid,P009,Yoga Mat,Gym Equipment,409,C003,2098,50
O05377,2021,2,16,covid,P014,Packaged Grocery Staples,Groceries & Hygiene,2278,C013,1274,33
O05598,2021,2,16,covid,P006,Office Chair (Ergonomic),Home & Kitchen,156,C018,13057,35
O01894,2021,2,17,covid,P015,Drawing Tablet (EdTech),Stationery & EdTech,92,C009,11581,23
O01966,2021,2,17,covid,P007,Treadmill,Gym Equipment,43,C004,59795,8
O05323,2021,2,17,covid,P014,Packaged Grocery Staples,Groceries & Hygiene,2314,C015,1134,34
O06410,2021,2,18,covid,P005,Microwave Oven,Home & Kitchen,171,C001,13687,40
O00705,2021,2,19,covid,P014,Packaged Grocery Staples,Groceries & Hygiene,2981,C005,1287,31
O04468,2021,2,19,covid,P013,Hand Sanitizer (Bulk Pack),Groceries & Hygiene,998,C016,1631,48
O02384,2021,2,20,covid,P002,Webcam & Headset Combo,Electronics,136,C006,7024,19
O04806,2021,2,20,covid,P014,Packaged Grocery Staples,Groceries & Hygiene,2511,C005,1254,26
O02865,2021,2,21,covid,P013,Hand Sanitizer (Bulk Pack),Groceries & Hygiene,632,C005,1704,34
O04071,2021,2,21,covid,P005,Microwave Oven,Home & Kitchen,59,C016,12981,37
O04384,2021,2,21,covid,P008,Resistance Bands & Dumbbell Set,Gym Equipment,239,C011,5022,23
O05524,2021,2,21,covid,P009,Yoga Mat,Gym Equipment,590,C013,2438,24
O05933,2021,2,21,covid,P013,Hand Sanitizer (Bulk Pack),Groceries & Hygiene,1583,C005,1943,38
O07128,2021,2,21,covid,P008,Resistance Bands & Dumbbell Set,Gym Equipment,69,C010,5214,23
O07276,2021,2,21,covid,P006,Office Chair (Ergonomic),Home & Kitchen,102,C001,12755,35
O00070,2021,2,22,covid,P013,Hand Sanitizer (Bulk Pack),Groceries & Hygiene,1342,C008,1871,28
O00406,2021,2,22,covid,P002,Webcam & Headset Combo,Electronics,355,C017,6099,24
O04148,2021,2,22,covid,P002,Webcam & Headset Combo,Electronics,321,C017,6918,21
O07226,2021,2,22,covid,P002,Webcam & Headset Combo,Electronics,351,C004,6463,35
O02027,2021,2,24,covid,P006,Office Chair (Ergonomic),Home & Kitchen,66,C008,13864,41
O04418,2021,2,24,covid,P005,Microwave Oven,Home & Kitchen,116,C002,12967,16
O00777,2021,2,25,covid,P013,Hand Sanitizer (Bulk Pack),Groceries & Hygiene,813,C002,1970,47
O03442,2021,2,25,covid,P013,Hand Sanitizer (Bulk Pack),Groceries & Hygiene,197,C008,1798,58
O03779,2021,2,25,covid,P011,Casual Loungewear Set,Fashion,2204,C010,1917,35
O07277,2021,2,25,covid,P005,Microwave Oven,Home & Kitchen,123,C017,13194,18
O07487,2021,2,25,covid,P009,Yoga Mat,Gym Equipment,127,C012,2472,35
O01639,2021,2,27,covid,P007,Treadmill,Gym Equipment,55,C018,61171,13
O04038,2021,2,27,covid,P005,Microwave Oven,Home & Kitchen,108,C004,12400,44
O04120,2021,2,27,covid,P009,Yoga Mat,Gym Equipment,488,C010,2153,46
O02759,2021,2,28,covid,P007,Treadmill,Gym Equipment,58,C013,61585,6
O02551,2021,3,1,covid,P001,Laptop,Electronics,15,C005,85989,13
O03623,2021,3,1,covid,P011,Casual Loungewear Set,Fashion,2326,C020,1668,48
O01025,2021,3,2,covid,P006,Office Chair (Ergonomic),Home & Kitchen,167,C010,13612,45
O02512,2021,3,2,covid,P013,Hand Sanitizer (Bulk Pack),Groceries & Hygiene,1129,C004,1673,52
O04643,2021,3,2,covid,P009,Yoga Mat,Gym Equipment,1340,C009,2451,30
O01129,2021,3,3,covid,P002,Webcam & Headset Combo,Electronics,350,C006,6748,19
O01426,2021,3,3,covid,P001,Laptop,Electronics,148,C007,82719,12
O01382,2021,3,4,covid,P013,Hand Sanitizer (Bulk Pack),Groceries & Hygiene,303,C009,1846,21
O07832,2021,3,4,covid,P001,Laptop,Electronics,22,C017,87316,7
O01381,2021,3,5,covid,P007,Treadmill,Gym Equipment,67,C013,58384,12
O01734,2021,3,5,covid,P014,Packaged Grocery Staples,Groceries & Hygiene,2857,C006,1216,41
O02515,2021,3,5,covid,P013,Hand Sanitizer (Bulk Pack),Groceries & Hygiene,1075,C016,1729,37
O03694,2021,3,5,covid,P009,Yoga Mat,Gym Equipment,900,C014,2060,41
O00084,2021,3,6,covid,P009,Yoga Mat,Gym Equipment,2005,C017,2307,20
O04893,2021,3,6,covid,P008,Resistance Bands & Dumbbell Set,Gym Equipment,1062,C019,5123,36
O07085,2021,3,6,covid,P011,Casual Loungewear Set,Fashion,717,C001,1987,46
O07270,2021,3,6,covid,P013,Hand Sanitizer (Bulk Pack),Groceries & Hygiene,166,C004,1820,22
O01606,2021,3,7,covid,P005,Microwave Oven,Home & Kitchen,281,C019,12657,50
O06296,2021,3,8,covid,P006,Office Chair (Ergonomic),Home & Kitchen,67,C006,12009,42
O00827,2021,3,9,covid,P008,Resistance Bands & Dumbbell Set,Gym Equipment,684,C016,4800,32
O05025,2021,3,9,covid,P002,Webcam & Headset Combo,Electronics,47,C016,6832,46
O01170,2021,3,10,covid,P011,Casual Loungewear Set,Fashion,2937,C008,1957,36
O06556,2021,3,10,covid,P008,Resistance Bands & Dumbbell Set,Gym Equipment,781,C002,4921,38
O00560,2021,3,11,covid,P013,Hand Sanitizer (Bulk Pack),Groceries & Hygiene,1207,C020,1930,26
O04513,2021,3,11,covid,P007,Treadmill,Gym Equipment,26,C012,63176,14
O05972,2021,3,13,covid,P009,Yoga Mat,Gym Equipment,142,C004,2422,39
O00545,2021,3,14,covid,P009,Yoga Mat,Gym Equipment,2204,C013,2140,49
O00654,2021,3,14,covid,P013,Hand Sanitizer (Bulk Pack),Groceries & Hygiene,1109,C019,1781,25
O01453,2021,3,14,covid,P002,Webcam & Headset Combo,Electronics,594,C008,6818,25
O02677,2021,3,14,covid,P002,Webcam & Headset Combo,Electronics,408,C020,7184,23
O02173,2021,3,15,covid,P006,Office Chair (Ergonomic),Home & Kitchen,165,C009,13262,41
O02271,2021,3,15,covid,P002,Webcam & Headset Combo,Electronics,263,C008,6835,35
O03460,2021,3,15,covid,P013,Hand Sanitizer (Bulk Pack),Groceries & Hygiene,135,C016,1950,53
O03837,2021,3,15,covid,P006,Office Chair (Ergonomic),Home & Kitchen,164,C019,12003,25
O05916,2021,3,16,covid,P014,Packaged Grocery Staples,Groceries & Hygiene,2033,C006,1282,32
O01651,2021,3,17,covid,P004,Air Purifier,Home & Kitchen,207,C017,14758,8
O02858,2021,3,17,covid,P005,Microwave Oven,Home & Kitchen,182,C002,12313,31
O06612,2021,3,17,covid,P009,Yoga Mat,Gym Equipment,969,C017,2230,15
O06938,2021,3,17,covid,P007,Treadmill,Gym Equipment,55,C011,60658,13
O03651,2021,3,18,covid,P006,Office Chair (Ergonomic),Home & Kitchen,139,C016,12200,35
O06518,2021,3,18,covid,P001,Laptop,Electronics,63,C017,81109,12
O07184,2021,3,18,covid,P013,Hand Sanitizer (Bulk Pack),Groceries & Hygiene,287,C009,1966,57
O00808,2021,3,19,covid,P002,Webcam & Headset Combo,Electronics,566,C006,6735,28
O02339,2021,3,19,covid,P005,Microwave Oven,Home & Kitchen,52,C011,13929,20
O06273,2021,3,19,covid,P006,Office Chair (Ergonomic),Home & Kitchen,116,C005,13979,49
O03142,2021,3,20,covid,P013,Hand Sanitizer (Bulk Pack),Groceries & Hygiene,426,C020,1873,23
O05696,2021,3,20,covid,P013,Hand Sanitizer (Bulk Pack),Groceries & Hygiene,1953,C010,1773,28
O06085,2021,3,20,covid,P002,Webcam & Headset Combo,Electronics,58,C020,6872,31
O06982,2021,3,20,covid,P013,Hand Sanitizer (Bulk Pack),Groceries & Hygiene,576,C003,1712,45
O02024,2021,3,21,covid,P009,Yoga Mat,Gym Equipment,471,C008,2393,33
O02254,2021,3,22,covid,P001,Laptop,Electronics,108,C017,90912,6
O04738,2021,3,22,covid,P015,Drawing Tablet (EdTech),Stationery & EdTech,300,C017,11143,50
O02453,2021,3,23,covid,P002,Webcam & Headset Combo,Electronics,597,C009,6725,34
O02487,2021,3,23,covid,P005,Microwave Oven,Home & Kitchen,181,C010,12375,29
O02703,2021,3,23,covid,P009,Yoga Mat,Gym Equipment,1418,C010,2416,43
O04229,2021,3,23,covid,P001,Laptop,Electronics,53,C012,89627,8
O01778,2021,3,24,covid,P006,Office Chair (Ergonomic),Home & Kitchen,195,C009,13258,30
O06266,2021,3,24,covid,P002,Webcam & Headset Combo,Electronics,521,C006,7124,16
O02662,2021,3,25,covid,P011,Casual Loungewear Set,Fashion,2916,C009,1990,33
O04483,2021,3,26,covid,P007,Treadmill,Gym Equipment,39,C013,66162,13
O07414,2021,3,26,covid,P013,Hand Sanitizer (Bulk Pack),Groceries & Hygiene,1972,C003,1685,48
O03811,2021,3,27,covid,P009,Yoga Mat,Gym Equipment,757,C018,2473,39
O00582,2021,3,28,covid,P013,Hand Sanitizer (Bulk Pack),Groceries & Hygiene,1175,C008,1845,26
O03431,2021,3,28,covid,P014,Packaged Grocery Staples,Groceries & Hygiene,2547,C011,1248,49
O05316,2021,3,28,covid,P011,Casual Loungewear Set,Fashion,1261,C013,1765,41
O01939,2021,3,29,covid,P013,Hand Sanitizer (Bulk Pack),Groceries & Hygiene,1858,C007,1772,44
O00568,2021,3,30,covid,P008,Resistance Bands & Dumbbell Set,Gym Equipment,836,C006,5194,33
O00853,2021,3,30,covid,P011,Casual Loungewear Set,Fashion,3190,C001,1857,37
O06184,2021,3,30,covid,P009,Yoga Mat,Gym Equipment,1340,C009,2342,23
O06349,2021,3,30,covid,P007,Treadmill,Gym Equipment,45,C007,63781,7
O00643,2021,3,31,covid,P013,Hand Sanitizer (Bulk Pack),Groceries & Hygiene,1145,C006,1902,34
O04735,2021,3,31,covid,P009,Yoga Mat,Gym Equipment,1261,C009,2479,22
O07123,2021,3,31,covid,P007,Treadmill,Gym Equipment,6,C017,65927,6
O07412,2021,3,31,covid,P013,Hand Sanitizer (Bulk Pack),Groceries & Hygiene,2000,C019,1802,28
O00073,2021,4,1,covid,P009,Yoga Mat,Gym Equipment,2035,C017,2203,30
O01013,2021,4,1,covid,P008,Resistance Bands & Dumbbell Set,Gym Equipment,512,C020,4995,22
O05571,2021,4,1,covid,P009,Yoga Mat,Gym Equipment,517,C017,2273,47
O06367,2021,4,1,covid,P001,Laptop,Electronics,122,C013,89665,13
O07452,2021,4,1,covid,P009,Yoga Mat,Gym Equipment,170,C008,2320,42
O03440,2021,4,2,covid,P011,Casual Loungewear Set,Fashion,2412,C014,1707,42
O04064,2021,4,3,covid,P013,Hand Sanitizer (Bulk Pack),Groceries & Hygiene,1524,C010,1891,60
O04911,2021,4,3,covid,P011,Casual Loungewear Set,Fashion,1582,C017,1747,31
O04937,2021,4,4,covid,P015,Drawing Tablet (EdTech),Stationery & EdTech,90,C013,11755,29
O03127,2021,4,5,covid,P004,Air Purifier,Home & Kitchen,66,C015,14758,19
O04060,2021,4,5,covid,P007,Treadmill,Gym Equipment,70,C009,69088,8
O05260,2021,4,5,covid,P007,Treadmill,Gym Equipment,61,C019,58932,12
O01668,2021,4,6,covid,P001,Laptop,Electronics,48,C004,83533,14
O01976,2021,4,6,covid,P002,Webcam & Headset Combo,Electronics,446,C015,7273,27
O02951,2021,4,6,covid,P014,Packaged Grocery Staples,Groceries & Hygiene,2713,C013,1198,46
O07285,2021,4,7,covid,P011,Casual Loungewear Set,Fashion,495,C018,1910,18
O00965,2021,4,9,covid,P013,Hand Sanitizer (Bulk Pack),Groceries & Hygiene,701,C015,1843,29
O04545,2021,4,10,covid,P015,Drawing Tablet (EdTech),Stationery & EdTech,185,C010,11596,23
O01324,2021,4,11,covid,P001,Laptop,Electronics,46,C011,84880,15
O02745,2021,4,11,covid,P006,Office Chair (Ergonomic),Home & Kitchen,39,C019,12542,39
O04990,2021,4,11,covid,P008,Resistance Bands & Dumbbell Set,Gym Equipment,920,C020,5763,16
O07751,2021,4,11,covid,P014,Packaged Grocery Staples,Groceries & Hygiene,1097,C004,1271,19
O03975,2021,4,12,covid,P009,Yoga Mat,Gym Equipment,585,C005,2116,20
O01625,2021,4,13,covid,P013,Hand Sanitizer (Bulk Pack),Groceries & Hygiene,84,C020,1863,41
O01920,2021,4,14,covid,P008,Resistance Bands & Dumbbell Set,Gym Equipment,1158,C008,5419,22
O07653,2021,4,14,covid,P006,Office Chair (Ergonomic),Home & Kitchen,45,C011,13154,23
O04498,2021,4,15,covid,P009,Yoga Mat,Gym Equipment,1498,C001,2248,39
O04511,2021,4,15,covid,P004,Air Purifier,Home & Kitchen,27,C008,14758,19
O07047,2021,4,15,covid,P002,Webcam & Headset Combo,Electronics,537,C011,6815,28
O07448,2021,4,15,covid,P013,Hand Sanitizer (Bulk Pack),Groceries & Hygiene,1904,C009,1967,43
O06857,2021,4,16,covid,P013,Hand Sanitizer (Bulk Pack),Groceries & Hygiene,666,C010,1973,58
O03083,2021,4,18,covid,P006,Office Chair (Ergonomic),Home & Kitchen,64,C015,13971,29
O04800,2021,4,18,covid,P015,Drawing Tablet (EdTech),Stationery & EdTech,234,C016,11970,48
O07250,2021,4,18,covid,P013,Hand Sanitizer (Bulk Pack),Groceries & Hygiene,188,C020,1678,22
O05870,2021,4,19,covid,P008,Resistance Bands & Dumbbell Set,Gym Equipment,57,C009,5306,49
O06918,2021,4,19,covid,P011,Casual Loungewear Set,Fashion,812,C011,1835,42
O04217,2021,4,20,covid,P013,Hand Sanitizer (Bulk Pack),Groceries & Hygiene,1265,C014,1740,30
O06686,2021,4,20,covid,P008,Resistance Bands & Dumbbell Set,Gym Equipment,586,C020,5279,43
O06731,2021,4,20,covid,P007,Treadmill,Gym Equipment,80,C011,64892,14
O00462,2021,4,21,covid,P014,Packaged Grocery Staples,Groceries & Hygiene,3108,C020,1216,41
O04159,2021,4,21,covid,P011,Casual Loungewear Set,Fashion,1999,C006,1991,25
O04354,2021,4,21,covid,P002,Webcam & Headset Combo,Electronics,600,C011,6391,48
O04833,2021,4,21,covid,P007,Treadmill,Gym Equipment,21,C020,65604,6
O07202,2021,4,21,covid,P008,Resistance Bands & Dumbbell Set,Gym Equipment,1131,C001,5274,32
O04533,2021,4,22,covid,P005,Microwave Oven,Home & Kitchen,22,C001,13574,17
O04761,2021,4,22,covid,P009,Yoga Mat,Gym Equipment,1234,C012,2483,18
O02215,2021,4,23,covid,P002,Webcam & Headset Combo,Electronics,311,C018,6621,22
O03319,2021,4,25,covid,P004,Air Purifier,Home & Kitchen,300,C018,14758,9
O07409,2021,4,25,covid,P014,Packaged Grocery Staples,Groceries & Hygiene,1328,C018,1296,31
O07890,2021,4,25,covid,P002,Webcam & Headset Combo,Electronics,299,C016,7466,29
O02097,2021,4,26,covid,P001,Laptop,Electronics,22,C012,78471,12
O02357,2021,4,26,covid,P013,Hand Sanitizer (Bulk Pack),Groceries & Hygiene,1363,C012,1626,23
O04745,2021,4,26,covid,P008,Resistance Bands & Dumbbell Set,Gym Equipment,1155,C014,5221,19
O06335,2021,4,27,covid,P011,Casual Loungewear Set,Fashion,981,C019,1968,36
O05467,2021,4,28,covid,P008,Resistance Bands & Dumbbell Set,Gym Equipment,397,C008,5273,50
O01706,2021,4,29,covid,P005,Microwave Oven,Home & Kitchen,203,C004,12819,32
O03315,2021,4,29,covid,P013,Hand Sanitizer (Bulk Pack),Groceries & Hygiene,347,C013,1824,51
O06728,2021,4,29,covid,P014,Packaged Grocery Staples,Groceries & Hygiene,1626,C019,1253,15
O04267,2021,4,30,covid,P007,Treadmill,Gym Equipment,18,C005,63444,13
O07253,2021,4,30,covid,P015,Drawing Tablet (EdTech),Stationery & EdTech,89,C018,12276,34
O07987,2021,4,30,covid,P001,Laptop,Electronics,123,C010,84987,14
O03928,2021,5,1,covid,P015,Drawing Tablet (EdTech),Stationery & EdTech,122,C005,12013,49
O04532,2021,5,1,covid,P004,Air Purifier,Home & Kitchen,299,C006,14758,10
O00927,2021,5,2,covid,P009,Yoga Mat,Gym Equipment,1580,C020,2291,50
O07595,2021,5,2,covid,P006,Office Chair (Ergonomic),Home & Kitchen,88,C007,13175,34
O00607,2021,5,3,covid,P011,Casual Loungewear Set,Fashion,3341,C003,1923,35
O01091,2021,5,3,covid,P011,Casual Loungewear Set,Fashion,3044,C013,1637,21
O03402,2021,5,3,covid,P015,Drawing Tablet (EdTech),Stationery & EdTech,177,C004,11627,26
O05229,2021,5,3,covid,P008,Resistance Bands & Dumbbell Set,Gym Equipment,683,C006,5739,26
O05596,2021,5,3,covid,P008,Resistance Bands & Dumbbell Set,Gym Equipment,275,C015,5188,50
O07505,2021,5,3,covid,P002,Webcam & Headset Combo,Electronics,64,C011,7448,40
O01375,2021,5,4,covid,P008,Resistance Bands & Dumbbell Set,Gym Equipment,257,C015,5696,46
O02491,2021,5,4,covid,P008,Resistance Bands & Dumbbell Set,Gym Equipment,628,C019,5549,44
O03583,2021,5,5,covid,P013,Hand Sanitizer (Bulk Pack),Groceries & Hygiene,1912,C002,1794,35
O07281,2021,5,5,covid,P001,Laptop,Electronics,31,C012,85400,5
O00293,2021,5,6,covid,P007,Treadmill,Gym Equipment,80,C017,61473,6
O04486,2021,5,6,covid,P013,Hand Sanitizer (Bulk Pack),Groceries & Hygiene,947,C001,1826,55
O04526,2021,5,6,covid,P001,Laptop,Electronics,109,C017,86025,9
O06610,2021,5,6,covid,P002,Webcam & Headset Combo,Electronics,288,C004,7373,24
O00622,2021,5,7,covid,P002,Webcam & Headset Combo,Electronics,174,C001,6914,29
O00685,2021,5,7,covid,P001,Laptop,Electronics,142,C014,80865,14
O03725,2021,5,7,covid,P001,Laptop,Electronics,137,C002,82095,15
O00713,2021,5,8,covid,P005,Microwave Oven,Home & Kitchen,126,C011,13020,27
O00804,2021,5,8,covid,P009,Yoga Mat,Gym Equipment,1741,C020,2144,32
O01527,2021,5,8,covid,P009,Yoga Mat,Gym Equipment,1050,C020,2409,20
O02149,2021,5,8,covid,P003,Smartphone,Electronics,399,C017,27057,2
O04065,2021,5,8,covid,P013,Hand Sanitizer (Bulk Pack),Groceries & Hygiene,1464,C008,1966,49
O07596,2021,5,8,covid,P013,Hand Sanitizer (Bulk Pack),Groceries & Hygiene,1810,C002,1893,37
O00079,2021,5,9,covid,P004,Air Purifier,Home & Kitchen,290,C015,14758,20
O06746,2021,5,9,covid,P015,Drawing Tablet (EdTech),Stationery & EdTech,222,C014,11904,43
O04692,2021,5,10,covid,P006,Office Chair (Ergonomic),Home & Kitchen,179,C012,12470,19
O06185,2021,5,10,covid,P013,Hand Sanitizer (Bulk Pack),Groceries & Hygiene,1284,C011,1817,20
O04746,2021,5,11,covid,P004,Air Purifier,Home & Kitchen,232,C017,14758,10
O07231,2021,5,11,covid,P013,Hand Sanitizer (Bulk Pack),Groceries & Hygiene,225,C007,1695,37
O01187,2021,5,12,covid,P014,Packaged Grocery Staples,Groceries & Hygiene,2757,C001,1292,18
O07416,2021,5,12,covid,P002,Webcam & Headset Combo,Electronics,176,C009,6486,30
O07806,2021,5,12,covid,P006,Office Chair (Ergonomic),Home & Kitchen,130,C007,12200,50
O04391,2021,5,14,covid,P004,Air Purifier,Home & Kitchen,54,C007,14758,9
O07943,2021,5,14,covid,P006,Office Chair (Ergonomic),Home & Kitchen,20,C016,12704,20
O01035,2021,5,15,covid,P001,Laptop,Electronics,150,C019,90345,5
O03121,2021,5,15,covid,P009,Yoga Mat,Gym Equipment,1148,C017,2228,26
O02105,2021,5,16,covid,P015,Drawing Tablet (EdTech),Stationery & EdTech,252,C008,11362,18
O02467,2021,5,16,covid,P002,Webcam & Headset Combo,Electronics,563,C010,7184,18
O06331,2021,5,16,covid,P013,Hand Sanitizer (Bulk Pack),Groceries & Hygiene,1167,C002,1838,29
O00273,2021,5,17,covid,P008,Resistance Bands & Dumbbell Set,Gym Equipment,1070,C014,5740,44
O03084,2021,5,17,covid,P014,Packaged Grocery Staples,Groceries & Hygiene,2646,C009,1281,37
O06418,2021,5,17,covid,P015,Drawing Tablet (EdTech),Stationery & EdTech,191,C017,11804,22
O02170,2021,5,18,covid,P009,Yoga Mat,Gym Equipment,323,C014,2344,18
O02710,2021,5,18,covid,P008,Resistance Bands & Dumbbell Set,Gym Equipment,481,C006,5070,18
O05599,2021,5,18,covid,P006,Office Chair (Ergonomic),Home & Kitchen,121,C020,13032,33
O07029,2021,5,18,covid,P002,Webcam & Headset Combo,Electronics,560,C018,6881,17
O00170,2021,5,19,covid,P013,Hand Sanitizer (Bulk Pack),Groceries & Hygiene,1450,C013,1824,57
O00721,2021,5,19,covid,P008,Resistance Bands & Dumbbell Set,Gym Equipment,860,C003,4849,45
O06240,2021,5,19,covid,P009,Yoga Mat,Gym Equipment,1312,C009,2412,19
O04962,2021,5,20,covid,P014,Packaged Grocery Staples,Groceries & Hygiene,2395,C020,1145,21
O05341,2021,5,20,covid,P008,Resistance Bands & Dumbbell Set,Gym Equipment,520,C008,5020,46
O06080,2021,5,20,covid,P013,Hand Sanitizer (Bulk Pack),Groceries & Hygiene,1355,C002,1701,36
O06919,2021,5,20,covid,P007,Treadmill,Gym Equipment,80,C015,61907,15
O00992,2021,5,21,covid,P011,Casual Loungewear Set,Fashion,3104,C004,1986,41
O01048,2021,5,21,covid,P006,Office Chair (Ergonomic),Home & Kitchen,122,C018,13520,50
O01971,2021,5,21,covid,P002,Webcam & Headset Combo,Electronics,478,C014,6482,31
O03585,2021,5,22,covid,P007,Treadmill,Gym Equipment,27,C018,63266,8
O05220,2021,5,22,covid,P006,Office Chair (Ergonomic),Home & Kitchen,197,C007,11633,44
O05654,2021,5,23,covid,P004,Air Purifier,Home & Kitchen,55,C012,14758,16
O06398,2021,5,23,covid,P011,Casual Loungewear Set,Fashion,945,C004,1778,20
O07258,2021,5,23,covid,P011,Casual Loungewear Set,Fashion,541,C012,1985,41
O07804,2021,5,23,covid,P011,Casual Loungewear Set,Fashion,265,C011,1989,29
O01103,2021,5,24,covid,P011,Casual Loungewear Set,Fashion,3023,C015,1659,32
O04960,2021,5,24,covid,P009,Yoga Mat,Gym Equipment,1034,C013,2302,32
O05309,2021,5,24,covid,P008,Resistance Bands & Dumbbell Set,Gym Equipment,591,C007,5638,45
O01974,2021,5,25,covid,P009,Yoga Mat,Gym Equipment,563,C004,2462,32
O04612,2021,5,26,covid,P002,Webcam & Headset Combo,Electronics,346,C007,7057,18
O00573,2021,5,27,covid,P009,Yoga Mat,Gym Equipment,2104,C020,2058,32
O00583,2021,5,27,covid,P011,Casual Loungewear Set,Fashion,3391,C012,1985,49
O07218,2021,5,27,covid,P015,Drawing Tablet (EdTech),Stationery & EdTech,142,C020,11415,46
O01648,2021,5,28,covid,P009,Yoga Mat,Gym Equipment,959,C002,2383,29
O05700,2021,5,28,covid,P013,Hand Sanitizer (Bulk Pack),Groceries & Hygiene,1925,C020,1715,54
O06255,2021,5,28,covid,P003,Smartphone,Electronics,245,C002,27057,1
O02510,2021,5,29,covid,P013,Hand Sanitizer (Bulk Pack),Groceries & Hygiene,1158,C004,1700,29
O01296,2021,5,31,covid,P001,Laptop,Electronics,61,C012,81393,8
O03718,2021,5,31,covid,P014,Packaged Grocery Staples,Groceries & Hygiene,2409,C006,1280,20
O04310,2021,5,31,covid,P005,Microwave Oven,Home & Kitchen,219,C018,14236,25
O06764,2021,5,31,covid,P008,Resistance Bands & Dumbbell Set,Gym Equipment,482,C017,4767,26
O02528,2021,6,1,covid,P013,Hand Sanitizer (Bulk Pack),Groceries & Hygiene,977,C019,1750,49
O04647,2021,6,1,covid,P015,Drawing Tablet (EdTech),Stationery & EdTech,128,C016,10369,43
O07692,2021,6,1,covid,P008,Resistance Bands & Dumbbell Set,Gym Equipment,746,C010,4787,24
O04126,2021,6,2,covid,P008,Resistance Bands & Dumbbell Set,Gym Equipment,359,C011,5418,26
O00322,2021,6,3,covid,P011,Casual Loungewear Set,Fashion,3434,C005,1875,17
O06743,2021,6,3,covid,P014,Packaged Grocery Staples,Groceries & Hygiene,1588,C009,1084,17
O00629,2021,6,4,covid,P009,Yoga Mat,Gym Equipment,2028,C017,2387,47
O01775,2021,6,4,covid,P014,Packaged Grocery Staples,Groceries & Hygiene,2815,C017,1148,32
O05791,2021,6,4,covid,P001,Laptop,Electronics,55,C010,83098,11
O07739,2021,6,4,covid,P005,Microwave Oven,Home & Kitchen,300,C012,14428,46
O00252,2021,6,5,covid,P009,Yoga Mat,Gym Equipment,2423,C016,2313,17
O03846,2021,6,5,covid,P007,Treadmill,Gym Equipment,80,C012,66353,14
O04488,2021,6,5,covid,P006,Office Chair (Ergonomic),Home & Kitchen,10,C011,11814,10
O00436,2021,6,6,covid,P004,Air Purifier,Home & Kitchen,158,C008,14758,6
O01234,2021,6,6,covid,P008,Resistance Bands & Dumbbell Set,Gym Equipment,365,C020,5534,22
O05304,2021,6,6,covid,P004,Air Purifier,Home & Kitchen,137,C007,14758,19
O07717,2021,6,6,covid,P011,Casual Loungewear Set,Fashion,318,C015,1975,43
O05418,2021,6,7,covid,P013,Hand Sanitizer (Bulk Pack),Groceries & Hygiene,188,C019,1816,32
O01637,2021,6,10,covid,P002,Webcam & Headset Combo,Electronics,416,C004,6731,48
O02851,2021,6,11,covid,P004,Air Purifier,Home & Kitchen,147,C014,14758,9
O00730,2021,6,12,covid,P013,Hand Sanitizer (Bulk Pack),Groceries & Hygiene,971,C016,1870,21
O03788,2021,6,12,covid,P004,Air Purifier,Home & Kitchen,215,C004,14758,13
O01709,2021,6,13,covid,P009,Yoga Mat,Gym Equipment,924,C004,2204,35
O01759,2021,6,13,covid,P001,Laptop,Electronics,147,C009,80423,13
O07680,2021,6,13,covid,P011,Casual Loungewear Set,Fashion,355,C020,1739,21
O01396,2021,6,14,covid,P013,Hand Sanitizer (Bulk Pack),Groceries & Hygiene,267,C001,1886,43
O01407,2021,6,14,covid,P002,Webcam & Headset Combo,Electronics,71,C013,7196,19
O03507,2021,6,15,covid,P011,Casual Loungewear Set,Fashion,2361,C012,1852,27
O03549,2021,6,16,covid,P002,Webcam & Headset Combo,Electronics,132,C001,6957,15
O07540,2021,6,16,covid,P015,Drawing Tablet (EdTech),Stationery & EdTech,210,C015,12247,31
O07706,2021,6,16,covid,P009,Yoga Mat,Gym Equipment,1441,C017,2141,22
O01901,2021,6,17,covid,P011,Casual Loungewear Set,Fashion,3148,C020,1808,41
O03004,2021,6,17,covid,P002,Webcam & Headset Combo,Electronics,61,C016,7169,32
O00470,2021,6,18,covid,P001,Laptop,Electronics,78,C013,78191,14
O01166,2021,6,18,covid,P005,Microwave Oven,Home & Kitchen,105,C010,12599,46
O03003,2021,6,18,covid,P002,Webcam & Headset Combo,Electronics,108,C007,7341,47
O04864,2021,6,18,covid,P015,Drawing Tablet (EdTech),Stationery & EdTech,133,C016,11400,25
O05410,2021,6,18,covid,P001,Laptop,Electronics,74,C018,80538,9
O05744,2021,6,18,covid,P001,Laptop,Electronics,69,C004,82633,11
O07742,2021,6,18,covid,P014,Packaged Grocery Staples,Groceries & Hygiene,1127,C001,1317,29
O02055,2021,6,19,covid,P008,Resistance Bands & Dumbbell Set,Gym Equipment,971,C009,4822,36
O03508,2021,6,20,covid,P001,Laptop,Electronics,79,C015,78109,7
O03592,2021,6,20,covid,P009,Yoga Mat,Gym Equipment,992,C020,2305,29
O00736,2021,6,21,covid,P008,Resistance Bands & Dumbbell Set,Gym Equipment,765,C002,4951,46
O05523,2021,6,21,covid,P001,Laptop,Electronics,19,C005,91023,9
O06200,2021,6,21,covid,P006,Office Chair (Ergonomic),Home & Kitchen,183,C014,11666,21
O06262,2021,6,21,covid,P009,Yoga Mat,Gym Equipment,1284,C010,2088,36
O02385,2021,6,22,covid,P002,Webcam & Headset Combo,Electronics,117,C006,6983,22
O04025,2021,6,23,covid,P002,Webcam & Headset Combo,Electronics,425,C015,7141,28
O04238,2021,6,23,covid,P013,Hand Sanitizer (Bulk Pack),Groceries & Hygiene,1211,C011,1666,27
O04311,2021,6,23,covid,P015,Drawing Tablet (EdTech),Stationery & EdTech,83,C003,11049,43
O07014,2021,6,23,covid,P013,Hand Sanitizer (Bulk Pack),Groceries & Hygiene,523,C017,1769,32
O05146,2021,6,24,covid,P002,Webcam & Headset Combo,Electronics,395,C004,6088,41
O04021,2021,6,25,covid,P011,Casual Loungewear Set,Fashion,2046,C005,1847,24
O03345,2021,6,26,covid,P002,Webcam & Headset Combo,Electronics,389,C001,7060,33
O04122,2021,6,26,covid,P013,Hand Sanitizer (Bulk Pack),Groceries & Hygiene,1394,C011,1713,22
O05917,2021,6,27,covid,P013,Hand Sanitizer (Bulk Pack),Groceries & Hygiene,1629,C018,1725,46
O04325,2021,6,28,covid,P002,Webcam & Headset Combo,Electronics,133,C005,7363,33
O07397,2021,6,28,covid,P013,Hand Sanitizer (Bulk Pack),Groceries & Hygiene,76,C020,1623,35
O00500,2021,6,29,covid,P004,Air Purifier,Home & Kitchen,152,C010,14758,13
O05386,2021,6,29,covid,P005,Microwave Oven,Home & Kitchen,222,C009,13628,26
O06801,2021,6,29,covid,P002,Webcam & Headset Combo,Electronics,168,C012,6100,38
O07093,2021,6,29,covid,P013,Hand Sanitizer (Bulk Pack),Groceries & Hygiene,486,C005,1889,60
O02047,2021,7,1,recovery,P008,Resistance Bands & Dumbbell Set,Gym Equipment,1000,C015,4304,7
O03137,2021,7,1,recovery,P012,Festive Sarees,Fashion,82,C008,7379,4
O04793,2021,7,1,recovery,P008,Resistance Bands & Dumbbell Set,Gym Equipment,1118,C009,4304,16
O05562,2021,7,1,recovery,P013,Hand Sanitizer (Bulk Pack),Groceries & Hygiene,1997,C009,1475,14
O03439,2021,7,2,recovery,P009,Yoga Mat,Gym Equipment,1063,C004,1844,20
O02625,2021,7,3,recovery,P013,Hand Sanitizer (Bulk Pack),Groceries & Hygiene,864,C004,1475,10
O03097,2021,7,3,recovery,P012,Festive Sarees,Fashion,113,C019,7379,4
O04428,2021,7,3,recovery,P001,Laptop,Electronics,147,C003,67643,6
O01540,2021,7,4,recovery,P005,Microwave Oven,Home & Kitchen,289,C006,11068,2
O05184,2021,7,4,recovery,P009,Yoga Mat,Gym Equipment,862,C015,1844,15
O01964,2021,7,5,recovery,P011,Casual Loungewear Set,Fashion,3089,C016,1475,3
O06888,2021,7,5,recovery,P007,Treadmill,Gym Equipment,16,C017,51654,8
O00958,2021,7,6,recovery,P007,Treadmill,Gym Equipment,31,C004,51654,6
O05892,2021,7,6,recovery,P002,Webcam & Headset Combo,Electronics,274,C014,5534,20
O06268,2021,7,6,recovery,P006,Office Chair (Ergonomic),Home & Kitchen,132,C008,10453,16
O02692,2021,7,7,recovery,P009,Yoga Mat,Gym Equipment,1435,C017,1844,17
O03377,2021,7,7,recovery,P015,Drawing Tablet (EdTech),Stationery & EdTech,184,C005,9224,7
O03487,2021,7,7,recovery,P015,Drawing Tablet (EdTech),Stationery & EdTech,107,C012,9224,10
O04083,2021,7,7,recovery,P010,Men's Formal Shirts,Fashion,1229,C004,2213,3
O07703,2021,7,7,recovery,P002,Webcam & Headset Combo,Electronics,427,C019,5534,14
O02363,2021,7,10,recovery,P010,Men's Formal Shirts,Fashion,2054,C019,2213,5
O03333,2021,7,10,recovery,P010,Men's Formal Shirts,Fashion,1556,C014,2213,1
O04288,2021,7,10,recovery,P009,Yoga Mat,Gym Equipment,217,C006,1844,9
O00653,2021,7,11,recovery,P015,Drawing Tablet (EdTech),Stationery & EdTech,141,C017,9224,20
O03104,2021,7,11,recovery,P006,Office Chair (Ergonomic),Home & Kitchen,19,C009,10453,8
O04260,2021,7,11,recovery,P006,Office Chair (Ergonomic),Home & Kitchen,142,C004,10453,10
O00598,2021,7,12,recovery,P004,Air Purifier,Home & Kitchen,125,C016,14758,5
O00920,2021,7,12,recovery,P009,Yoga Mat,Gym Equipment,1600,C013,1844,16
O01996,2021,7,12,recovery,P008,Resistance Bands & Dumbbell Set,Gym Equipment,1011,C007,4304,5
O03158,2021,7,12,recovery,P006,Office Chair (Ergonomic),Home & Kitchen,197,C018,10453,16
O05949,2021,7,12,recovery,P012,Festive Sarees,Fashion,1373,C010,7379,2
O06297,2021,7,12,recovery,P007,Treadmill,Gym Equipment,76,C012,51654,5
O07960,2021,7,12,recovery,P015,Drawing Tablet (EdTech),Stationery & EdTech,215,C005,9224,6
O01218,2021,7,13,recovery,P012,Festive Sarees,Fashion,1300,C008,7379,5
O01452,2021,7,13,recovery,P009,Yoga Mat,Gym Equipment,1108,C017,1844,15
O07791,2021,7,13,recovery,P003,Smartphone,Electronics,264,C018,27057,3
O02112,2021,7,14,recovery,P008,Resistance Bands & Dumbbell Set,Gym Equipment,844,C003,4304,11
O02380,2021,7,14,recovery,P007,Treadmill,Gym Equipment,50,C012,51654,8
O03610,2021,7,14,recovery,P008,Resistance Bands & Dumbbell Set,Gym Equipment,836,C011,4304,8
O04673,2021,7,14,recovery,P006,Office Chair (Ergonomic),Home & Kitchen,185,C003,10453,6
O07817,2021,7,14,recovery,P010,Men's Formal Shirts,Fashion,832,C007,2213,2
O02294,2021,7,15,recovery,P006,Office Chair (Ergonomic),Home & Kitchen,105,C020,10453,12
O03644,2021,7,15,recovery,P001,Laptop,Electronics,8,C017,67643,4
O04329,2021,7,18,recovery,P007,Treadmill,Gym Equipment,3,C007,51654,2
O01697,2021,7,19,recovery,P012,Festive Sarees,Fashion,1020,C019,7379,4
O02545,2021,7,19,recovery,P013,Hand Sanitizer (Bulk Pack),Groceries & Hygiene,928,C005,1475,5
O03749,2021,7,19,recovery,P010,Men's Formal Shirts,Fashion,1378,C011,2213,1
O05495,2021,7,19,recovery,P010,Men's Formal Shirts,Fashion,425,C001,2213,3
O02552,2021,7,20,recovery,P002,Webcam & Headset Combo,Electronics,519,C003,5534,6
O03977,2021,7,20,recovery,P002,Webcam & Headset Combo,Electronics,472,C016,5534,17
O04764,2021,7,20,recovery,P008,Resistance Bands & Dumbbell Set,Gym Equipment,1136,C012,4304,17
O05283,2021,7,20,recovery,P012,Festive Sarees,Fashion,412,C016,7379,3
O06442,2021,7,20,recovery,P003,Smartphone,Electronics,188,C011,27057,1
O07871,2021,7,20,recovery,P015,Drawing Tablet (EdTech),Stationery & EdTech,270,C020,9224,5
O02062,2021,7,21,recovery,P013,Hand Sanitizer (Bulk Pack),Groceries & Hygiene,1678,C004,1475,14
O01174,2021,7,22,recovery,P009,Yoga Mat,Gym Equipment,1377,C015,1844,15
O02911,2021,7,22,recovery,P008,Resistance Bands & Dumbbell Set,Gym Equipment,194,C012,4304,13
O06608,2021,7,22,recovery,P006,Office Chair (Ergonomic),Home & Kitchen,112,C004,10453,14
O07101,2021,7,22,recovery,P008,Resistance Bands & Dumbbell Set,Gym Equipment,86,C004,4304,17
O07833,2021,7,22,recovery,P005,Microwave Oven,Home & Kitchen,244,C018,11068,6
O00267,2021,7,23,recovery,P009,Yoga Mat,Gym Equipment,2406,C003,1844,8
O01954,2021,7,23,recovery,P009,Yoga Mat,Gym Equipment,688,C018,1844,12
O03254,2021,7,23,recovery,P014,Packaged Grocery Staples,Groceries & Hygiene,2587,C003,983,4
O03662,2021,7,23,recovery,P002,Webcam & Headset Combo,Electronics,42,C005,5534,6
O04537,2021,7,23,recovery,P012,Festive Sarees,Fashion,892,C003,7379,6
O07585,2021,7,23,recovery,P009,Yoga Mat,Gym Equipment,1479,C018,1844,17
O01439,2021,7,24,recovery,P008,Resistance Bands & Dumbbell Set,Gym Equipment,166,C017,4304,9
O00210,2021,7,25,recovery,P006,Office Chair (Ergonomic),Home & Kitchen,86,C015,10453,17
O02292,2021,7,25,recovery,P003,Smartphone,Electronics,359,C002,27057,3
O02588,2021,7,25,recovery,P001,Laptop,Electronics,128,C010,67643,5
O03147,2021,7,25,recovery,P007,Treadmill,Gym Equipment,43,C011,51654,2
O07403,2021,7,25,recovery,P004,Air Purifier,Home & Kitchen,271,C015,14758,5
O07991,2021,7,25,recovery,P002,Webcam & Headset Combo,Electronics,196,C015,5534,6
O04729,2021,7,26,recovery,P002,Webcam & Headset Combo,Electronics,251,C012,5534,16
O04876,2021,7,26,recovery,P003,Smartphone,Electronics,154,C002,27057,2
O07599,2021,7,26,recovery,P012,Festive Sarees,Fashion,295,C003,7379,3
O07619,2021,7,26,recovery,P001,Laptop,Electronics,79,C005,67643,4
O04594,2021,7,27,recovery,P002,Webcam & Headset Combo,Electronics,380,C013,5534,17
O01925,2021,7,28,recovery,P011,Casual Loungewear Set,Fashion,3098,C003,1475,3
O00636,2021,7,29,recovery,P001,Laptop,Electronics,13,C002,67643,6
O03993,2021,7,31,recovery,P002,Webcam & Headset Combo,Electronics,455,C004,5534,12
O06486,2021,7,31,recovery,P007,Treadmill,Gym Equipment,80,C002,51654,6
O00094,2021,8,1,recovery,P006,Office Chair (Ergonomic),Home & Kitchen,147,C018,10453,9
O03933,2021,8,1,recovery,P007,Treadmill,Gym Equipment,50,C011,51654,5
O04514,2021,8,1,recovery,P002,Webcam & Headset Combo,Electronics,454,C002,5534,19
O05223,2021,8,1,recovery,P015,Drawing Tablet (EdTech),Stationery & EdTech,169,C006,9224,13
O05986,2021,8,1,recovery,P015,Drawing Tablet (EdTech),Stationery & EdTech,220,C006,9224,9
O00701,2021,8,2,recovery,P009,Yoga Mat,Gym Equipment,1971,C008,1844,15
O02354,2021,8,2,recovery,P010,Men's Formal Shirts,Fashion,2058,C012,2213,4
O05879,2021,8,2,recovery,P014,Packaged Grocery Staples,Groceries & Hygiene,2046,C010,983,4
O00435,2021,8,3,recovery,P009,Yoga Mat,Gym Equipment,2281,C015,1844,10
O02494,2021,8,3,recovery,P009,Yoga Mat,Gym Equipment,85,C016,1844,6
O03065,2021,8,3,recovery,P014,Packaged Grocery Staples,Groceries & Hygiene,2650,C013,983,2
O04996,2021,8,4,recovery,P006,Office Chair (Ergonomic),Home & Kitchen,36,C019,10453,17
O05690,2021,8,4,recovery,P003,Smartphone,Electronics,355,C015,27057,1
O05776,2021,8,4,recovery,P005,Microwave Oven,Home & Kitchen,298,C002,11068,1
O00310,2021,8,5,recovery,P001,Laptop,Electronics,124,C009,67643,4
O00324,2021,8,5,recovery,P011,Casual Loungewear Set,Fashion,3417,C013,1475,1
O04670,2021,8,5,recovery,P008,Resistance Bands & Dumbbell Set,Gym Equipment,1188,C004,4304,19
O05697,2021,8,5,recovery,P007,Treadmill,Gym Equipment,40,C007,51654,6
O07754,2021,8,5,recovery,P006,Office Chair (Ergonomic),Home & Kitchen,160,C001,10453,8
O03302,2021,8,6,recovery,P001,Laptop,Electronics,12,C011,67643,5
O00952,2021,8,7,recovery,P013,Hand Sanitizer (Bulk Pack),Groceries & Hygiene,712,C005,1475,8
O03085,2021,8,7,recovery,P008,Resistance Bands & Dumbbell Set,Gym Equipment,1199,C001,4304,9
O04187,2021,8,7,recovery,P005,Microwave Oven,Home & Kitchen,286,C017,11068,5
O02566,2021,8,8,recovery,P007,Treadmill,Gym Equipment,61,C014,51654,2
O00576,2021,8,9,recovery,P012,Festive Sarees,Fashion,1589,C008,7379,5
O00944,2021,8,9,recovery,P009,Yoga Mat,Gym Equipment,1512,C001,1844,14
O06615,2021,8,9,recovery,P009,Yoga Mat,Gym Equipment,944,C020,1844,14
O07660,2021,8,9,recovery,P005,Microwave Oven,Home & Kitchen,75,C003,11068,3
O00006,2021,8,10,recovery,P008,Resistance Bands & Dumbbell Set,Gym Equipment,1070,C008,4304,18
O01222,2021,8,10,recovery,P004,Air Purifier,Home & Kitchen,290,C008,14758,3
O07746,2021,8,10,recovery,P002,Webcam & Headset Combo,Electronics,365,C011,5534,16
O04100,2021,8,11,recovery,P001,Laptop,Electronics,93,C010,67643,5
O05647,2021,8,11,recovery,P015,Drawing Tablet (EdTech),Stationery & EdTech,211,C019,9224,19
O02731,2021,8,12,recovery,P007,Treadmill,Gym Equipment,78,C002,51654,6
O04442,2021,8,12,recovery,P005,Microwave Oven,Home & Kitchen,96,C013,11068,3
O04542,2021,8,12,recovery,P009,Yoga Mat,Gym Equipment,1459,C003,1844,15
O02139,2021,8,13,recovery,P008,Resistance Bands & Dumbbell Set,Gym Equipment,833,C007,4304,19
O04846,2021,8,13,recovery,P013,Hand Sanitizer (Bulk Pack),Groceries & Hygiene,573,C011,1475,9
O05141,2021,8,13,recovery,P003,Smartphone,Electronics,111,C011,27057,2
O02698,2021,8,14,recovery,P007,Treadmill,Gym Equipment,3,C011,51654,3
O04798,2021,8,14,recovery,P003,Smartphone,Electronics,175,C009,27057,3
O05385,2021,8,14,recovery,P014,Packaged Grocery Staples,Groceries & Hygiene,2245,C020,983,2
O06439,2021,8,14,recovery,P013,Hand Sanitizer (Bulk Pack),Groceries & Hygiene,965,C008,1475,8
O07936,2021,8,14,recovery,P004,Air Purifier,Home & Kitchen,170,C004,14758,6
O00836,2021,8,15,recovery,P011,Casual Loungewear Set,Fashion,3199,C009,1475,4
O03538,2021,8,15,recovery,P013,Hand Sanitizer (Bulk Pack),Groceries & Hygiene,1971,C017,1475,14
O05383,2021,8,15,recovery,P008,Resistance Bands & Dumbbell Set,Gym Equipment,440,C008,4304,12
O07075,2021,8,15,recovery,P008,Resistance Bands & Dumbbell Set,Gym Equipment,126,C002,4304,10
O06561,2021,8,16,recovery,P003,Smartphone,Electronics,175,C004,27057,1
O07732,2021,8,16,recovery,P004,Air Purifier,Home & Kitchen,242,C013,14758,2
O00400,2021,8,17,recovery,P004,Air Purifier,Home & Kitchen,165,C018,14758,1
O02568,2021,8,17,recovery,P007,Treadmill,Gym Equipment,59,C015,51654,2
O04737,2021,8,17,recovery,P006,Office Chair (Ergonomic),Home & Kitchen,142,C005,10453,15
O05584,2021,8,17,recovery,P012,Festive Sarees,Fashion,241,C005,7379,2
O04918,2021,8,18,recovery,P007,Treadmill,Gym Equipment,73,C001,51654,2
O07764,2021,8,18,recovery,P006,Office Chair (Ergonomic),Home & Kitchen,150,C013,10453,20
O02802,2021,8,19,recovery,P001,Laptop,Electronics,149,C018,67643,2
O03551,2021,8,19,recovery,P007,Treadmill,Gym Equipment,37,C010,51654,7
O07849,2021,8,19,recovery,P009,Yoga Mat,Gym Equipment,1168,C009,1844,18
O01842,2021,8,20,recovery,P013,Hand Sanitizer (Bulk Pack),Groceries & Hygiene,1944,C015,1475,15
O03186,2021,8,20,recovery,P015,Drawing Tablet (EdTech),Stationery & EdTech,94,C002,9224,17
O04448,2021,8,20,recovery,P013,Hand Sanitizer (Bulk Pack),Groceries & Hygiene,1030,C017,1475,8
O05274,2021,8,20,recovery,P009,Yoga Mat,Gym Equipment,759,C003,1844,13
O00839,2021,8,21,recovery,P015,Drawing Tablet (EdTech),Stationery & EdTech,295,C007,9224,5
O00895,2021,8,21,recovery,P002,Webcam & Headset Combo,Electronics,475,C017,5534,12
O03866,2021,8,21,recovery,P008,Resistance Bands & Dumbbell Set,Gym Equipment,569,C011,4304,16
O01154,2021,8,24,recovery,P007,Treadmill,Gym Equipment,28,C012,51654,7
O02729,2021,8,24,recovery,P013,Hand Sanitizer (Bulk Pack),Groceries & Hygiene,685,C006,1475,12
O04803,2021,8,24,recovery,P005,Microwave Oven,Home & Kitchen,154,C006,11068,4
O05490,2021,8,24,recovery,P005,Microwave Oven,Home & Kitchen,151,C011,11068,6
O07749,2021,8,24,recovery,P001,Laptop,Electronics,51,C011,67643,4
O02393,2021,8,25,recovery,P013,Hand Sanitizer (Bulk Pack),Groceries & Hygiene,1335,C003,1475,18
O07222,2021,8,25,recovery,P004,Air Purifier,Home & Kitchen,23,C017,14758,2
O06356,2021,8,26,recovery,P009,Yoga Mat,Gym Equipment,1135,C011,1844,15
O02837,2021,8,27,recovery,P013,Hand Sanitizer (Bulk Pack),Groceries & Hygiene,646,C016,1475,11
O05063,2021,8,27,recovery,P002,Webcam & Headset Combo,Electronics,495,C015,5534,14
O01288,2021,8,28,recovery,P013,Hand Sanitizer (Bulk Pack),Groceries & Hygiene,387,C009,1475,12
O00317,2021,8,29,recovery,P006,Office Chair (Ergonomic),Home & Kitchen,149,C014,10453,12
O02780,2021,8,29,recovery,P008,Resistance Bands & Dumbbell Set,Gym Equipment,351,C006,4304,9
O04443,2021,8,30,recovery,P013,Hand Sanitizer (Bulk Pack),Groceries & Hygiene,1043,C013,1475,13
O00190,2021,8,31,recovery,P012,Festive Sarees,Fashion,1787,C017,7379,4
O01936,2021,8,31,recovery,P002,Webcam & Headset Combo,Electronics,525,C001,5534,12
O01245,2021,9,1,recovery,P008,Resistance Bands & Dumbbell Set,Gym Equipment,342,C017,4304,13
O02596,2021,9,2,recovery,P002,Webcam & Headset Combo,Electronics,469,C011,5534,8
O04139,2021,9,2,recovery,P001,Laptop,Electronics,83,C015,67643,3
O07122,2021,9,2,recovery,P009,Yoga Mat,Gym Equipment,467,C018,1844,17
O00650,2021,9,3,recovery,P007,Treadmill,Gym Equipment,61,C013,51654,7
O01807,2021,9,3,recovery,P001,Laptop,Electronics,127,C007,67643,7
O03453,2021,9,3,recovery,P008,Resistance Bands & Dumbbell Set,Gym Equipment,924,C006,4304,5
O07316,2021,9,3,recovery,P015,Drawing Tablet (EdTech),Stationery & EdTech,49,C010,9224,1
O04182,2021,9,4,recovery,P015,Drawing Tablet (EdTech),Stationery & EdTech,178,C004,9224,2
O06783,2021,9,4,recovery,P007,Treadmill,Gym Equipment,49,C017,51654,3
O01410,2021,9,5,recovery,P001,Laptop,Electronics,150,C002,67643,2
O02111,2021,9,5,recovery,P009,Yoga Mat,Gym Equipment,368,C011,1844,6
O02553,2021,9,6,recovery,P001,Laptop,Electronics,150,C017,67643,4
O02907,2021,9,6,recovery,P015,Drawing Tablet (EdTech),Stationery & EdTech,300,C006,9224,2
O04404,2021,9,6,recovery,P010,Men's Formal Shirts,Fashion,1072,C010,2213,6
O00688,2021,9,7,recovery,P002,Webcam & Headset Combo,Electronics,99,C002,5534,14
O04048,2021,9,7,recovery,P011,Casual Loungewear Set,Fashion,2012,C016,1475,4
O06875,2021,9,7,recovery,P002,Webcam & Headset Combo,Electronics,118,C010,5534,5
O01824,2021,9,8,recovery,P004,Air Purifier,Home & Kitchen,133,C002,14758,2
O05903,2021,9,8,recovery,P009,Yoga Mat,Gym Equipment,198,C016,1844,19
O02439,2021,9,9,recovery,P010,Men's Formal Shirts,Fashion,2012,C013,2213,1
O04012,2021,9,9,recovery,P009,Yoga Mat,Gym Equipment,565,C020,1844,18
O04850,2021,9,9,recovery,P012,Festive Sarees,Fashion,664,C005,7379,5
O02478,2021,9,10,recovery,P013,Hand Sanitizer (Bulk Pack),Groceries & Hygiene,1199,C008,1475,13
O06688,2021,9,10,recovery,P006,Office Chair (Ergonomic),Home & Kitchen,85,C019,10453,9
O02334,2021,9,11,recovery,P005,Microwave Oven,Home & Kitchen,55,C007,11068,3
O07992,2021,9,11,recovery,P006,Office Chair (Ergonomic),Home & Kitchen,189,C006,10453,14
O03316,2021,9,12,recovery,P008,Resistance Bands & Dumbbell Set,Gym Equipment,1035,C003,4304,11
O07100,2021,9,12,recovery,P013,Hand Sanitizer (Bulk Pack),Groceries & Hygiene,426,C004,1475,20
O00955,2021,9,13,recovery,P014,Packaged Grocery Staples,Groceries & Hygiene,2901,C019,983,3
O05974,2021,9,13,recovery,P015,Drawing Tablet (EdTech),Stationery & EdTech,246,C002,9224,6
O06663,2021,9,13,recovery,P010,Men's Formal Shirts,Fashion,1559,C018,2213,1
O03192,2021,9,14,recovery,P006,Office Chair (Ergonomic),Home & Kitchen,169,C017,10453,20
O04316,2021,9,14,recovery,P013,Hand Sanitizer (Bulk Pack),Groceries & Hygiene,1163,C011,1475,19
O04410,2021,9,14,recovery,P001,Laptop,Electronics,13,C012,67643,8
O07234,2021,9,14,recovery,P015,Drawing Tablet (EdTech),Stationery & EdTech,96,C014,9224,4
O00201,2021,9,15,recovery,P010,Men's Formal Shirts,Fashion,2614,C010,2213,3
O01733,2021,9,15,recovery,P015,Drawing Tablet (EdTech),Stationery & EdTech,197,C007,9224,3
O01760,2021,9,15,recovery,P002,Webcam & Headset Combo,Electronics,270,C015,5534,12
O04006,2021,9,16,recovery,P007,Treadmill,Gym Equipment,15,C017,51654,8
O07931,2021,9,16,recovery,P001,Laptop,Electronics,150,C005,67643,3
O02449,2021,9,17,recovery,P013,Hand Sanitizer (Bulk Pack),Groceries & Hygiene,1220,C002,1475,10
O00656,2021,9,18,recovery,P009,Yoga Mat,Gym Equipment,1981,C017,1844,5
O06415,2021,9,18,recovery,P008,Resistance Bands & Dumbbell Set,Gym Equipment,914,C008,4304,7
O01256,2021,9,19,recovery,P003,Smartphone,Electronics,186,C014,27057,2
O02514,2021,9,20,recovery,P007,Treadmill,Gym Equipment,74,C018,51654,2
O02575,2021,9,20,recovery,P013,Hand Sanitizer (Bulk Pack),Groceries & Hygiene,923,C013,1475,8
O01310,2021,9,21,recovery,P006,Office Chair (Ergonomic),Home & Kitchen,159,C019,10453,14
O03839,2021,9,21,recovery,P009,Yoga Mat,Gym Equipment,699,C014,1844,20
O05862,2021,9,21,recovery,P006,Office Chair (Ergonomic),Home & Kitchen,190,C020,10453,18
O07689,2021,9,21,recovery,P007,Treadmill,Gym Equipment,69,C013,51654,8
O03020,2021,9,24,recovery,P001,Laptop,Electronics,86,C017,67643,2
O02861,2021,9,25,recovery,P001,Laptop,Electronics,120,C010,67643,7
O03998,2021,9,25,recovery,P001,Laptop,Electronics,138,C015,67643,2
O06788,2021,9,25,recovery,P007,Treadmill,Gym Equipment,46,C005,51654,2
O02081,2021,9,26,recovery,P005,Microwave Oven,Home & Kitchen,233,C002,11068,2
O03580,2021,9,27,recovery,P008,Resistance Bands & Dumbbell Set,Gym Equipment,846,C013,4304,10
O00980,2021,9,28,recovery,P002,Webcam & Headset Combo,Electronics,422,C003,5534,11
O04993,2021,9,28,recovery,P002,Webcam & Headset Combo,Electronics,73,C009,5534,19
O06971,2021,9,28,recovery,P008,Resistance Bands & Dumbbell Set,Gym Equipment,269,C007,4304,6
O07820,2021,9,28,recovery,P009,Yoga Mat,Gym Equipment,1277,C013,1844,19
O01499,2021,9,29,recovery,P008,Resistance Bands & Dumbbell Set,Gym Equipment,88,C014,4304,6
O05033,2021,9,29,recovery,P008,Resistance Bands & Dumbbell Set,Gym Equipment,836,C002,4304,9
O00217,2021,9,30,recovery,P007,Treadmill,Gym Equipment,29,C007,51654,5
O00892,2021,10,2,recovery,P009,Yoga Mat,Gym Equipment,1627,C011,1844,14
O02446,2021,10,2,recovery,P008,Resistance Bands & Dumbbell Set,Gym Equipment,653,C001,4304,7
O02527,2021,10,2,recovery,P003,Smartphone,Electronics,306,C018,27057,3
O03136,2021,10,2,recovery,P012,Festive Sarees,Fashion,94,C013,7379,12
O04194,2021,10,3,recovery,P010,Men's Formal Shirts,Fashion,1199,C009,2213,17
O04877,2021,10,3,recovery,P015,Drawing Tablet (EdTech),Stationery & EdTech,92,C011,9224,2
O06934,2021,10,3,recovery,P012,Festive Sarees,Fashion,754,C014,7379,10
O06756,2021,10,4,recovery,P006,Office Chair (Ergonomic),Home & Kitchen,24,C020,10453,13
O02098,2021,10,5,recovery,P007,Treadmill,Gym Equipment,74,C018,51654,4
O02751,2021,10,5,recovery,P003,Smartphone,Electronics,277,C006,27057,1
O03560,2021,10,5,recovery,P001,Laptop,Electronics,54,C003,67643,2
O05137,2021,10,5,recovery,P010,Men's Formal Shirts,Fashion,596,C014,2213,11
O06203,2021,10,5,recovery,P003,Smartphone,Electronics,264,C005,27057,3
O07930,2021,10,5,recovery,P002,Webcam & Headset Combo,Electronics,270,C012,5534,7
O06812,2021,10,6,recovery,P001,Laptop,Electronics,140,C011,67643,3
O06870,2021,10,6,recovery,P011,Casual Loungewear Set,Fashion,830,C005,1475,3
O06691,2021,10,7,recovery,P008,Resistance Bands & Dumbbell Set,Gym Equipment,543,C015,4304,19
O06821,2021,10,7,recovery,P013,Hand Sanitizer (Bulk Pack),Groceries & Hygiene,696,C005,1475,5
O02124,2021,10,8,recovery,P009,Yoga Mat,Gym Equipment,362,C017,1844,19
O06528,2021,10,8,recovery,P012,Festive Sarees,Fashion,987,C005,7379,9
O06864,2021,10,8,recovery,P005,Microwave Oven,Home & Kitchen,100,C009,11068,5
O00289,2021,10,9,recovery,P006,Office Chair (Ergonomic),Home & Kitchen,11,C014,10453,6
O00557,2021,10,11,recovery,P005,Microwave Oven,Home & Kitchen,296,C015,11068,4
O03493,2021,10,11,recovery,P001,Laptop,Electronics,102,C015,67643,2
O06369,2021,10,12,recovery,P009,Yoga Mat,Gym Equipment,1120,C005,1844,13
O07387,2021,10,12,recovery,P006,Office Chair (Ergonomic),Home & Kitchen,192,C013,10453,5
O02967,2021,10,13,recovery,P004,Air Purifier,Home & Kitchen,92,C018,14758,3
O00937,2021,10,14,recovery,P009,Yoga Mat,Gym Equipment,1524,C006,1844,12
O01463,2021,10,14,recovery,P005,Microwave Oven,Home & Kitchen,317,C014,11068,2
O03116,2021,10,14,recovery,P010,Men's Formal Shirts,Fashion,1668,C006,2213,6
O04019,2021,10,15,recovery,P013,Hand Sanitizer (Bulk Pack),Groceries & Hygiene,1546,C017,1475,5
O04797,2021,10,15,recovery,P006,Office Chair (Ergonomic),Home & Kitchen,123,C001,10453,5
O07120,2021,10,15,recovery,P004,Air Purifier,Home & Kitchen,42,C018,14758,6
O06558,2021,10,16,recovery,P013,Hand Sanitizer (Bulk Pack),Groceries & Hygiene,839,C016,1475,5
O00760,2021,10,17,recovery,P006,Office Chair (Ergonomic),Home & Kitchen,164,C002,10453,10
O06793,2021,10,17,recovery,P012,Festive Sarees,Fashion,849,C017,7379,12
O00537,2021,10,18,recovery,P005,Microwave Oven,Home & Kitchen,13,C018,11068,2
O02533,2021,10,18,recovery,P007,Treadmill,Gym Equipment,72,C003,51654,5
O04892,2021,10,18,recovery,P001,Laptop,Electronics,96,C009,67643,2
O05926,2021,10,18,recovery,P009,Yoga Mat,Gym Equipment,159,C020,1844,14
O00873,2021,10,19,recovery,P010,Men's Formal Shirts,Fashion,2854,C011,2213,9
O00264,2021,10,20,recovery,P012,Festive Sarees,Fashion,1755,C019,7379,18
O00389,2021,10,20,recovery,P014,Packaged Grocery Staples,Groceries & Hygiene,3122,C017,983,6
O00490,2021,10,20,recovery,P008,Resistance Bands & Dumbbell Set,Gym Equipment,964,C014,4304,20
O02017,2021,10,20,recovery,P014,Packaged Grocery Staples,Groceries & Hygiene,3078,C006,983,5
O02343,2021,10,20,recovery,P006,Office Chair (Ergonomic),Home & Kitchen,83,C014,10453,19
O02838,2021,10,20,recovery,P012,Festive Sarees,Fashion,271,C015,7379,13
O03962,2021,10,21,recovery,P012,Festive Sarees,Fashion,1130,C020,7379,11
O04834,2021,10,21,recovery,P008,Resistance Bands & Dumbbell Set,Gym Equipment,1099,C011,4304,14
O02825,2021,10,22,recovery,P005,Microwave Oven,Home & Kitchen,207,C010,11068,6
O03665,2021,10,22,recovery,P006,Office Chair (Ergonomic),Home & Kitchen,103,C002,10453,8
O04141,2021,10,22,recovery,P009,Yoga Mat,Gym Equipment,428,C005,1844,19
O00936,2021,10,23,recovery,P005,Microwave Oven,Home & Kitchen,257,C019,11068,4
O01905,2021,10,23,recovery,P009,Yoga Mat,Gym Equipment,771,C002,1844,11
O05458,2021,10,23,recovery,P002,Webcam & Headset Combo,Electronics,76,C019,5534,10
O06026,2021,10,23,recovery,P006,Office Chair (Ergonomic),Home & Kitchen,114,C003,10453,7
O06333,2021,10,23,recovery,P002,Webcam & Headset Combo,Electronics,459,C016,5534,15
O01183,2021,10,24,recovery,P002,Webcam & Headset Combo,Electronics,296,C006,5534,14
O02004,2021,10,24,recovery,P012,Festive Sarees,Fashion,781,C019,7379,15
O03400,2021,10,24,recovery,P005,Microwave Oven,Home & Kitchen,65,C004,11068,3
O04144,2021,10,26,recovery,P008,Resistance Bands & Dumbbell Set,Gym Equipment,333,C019,4304,5
O05122,2021,10,26,recovery,P006,Office Chair (Ergonomic),Home & Kitchen,65,C017,10453,19
O07797,2021,10,26,recovery,P013,Hand Sanitizer (Bulk Pack),Groceries & Hygiene,1669,C015,1475,6
O00814,2021,10,27,recovery,P007,Treadmill,Gym Equipment,78,C016,51654,6
O02082,2021,10,27,recovery,P007,Treadmill,Gym Equipment,76,C015,51654,2
O02202,2021,10,27,recovery,P012,Festive Sarees,Fashion,687,C013,7379,17
O02436,2021,10,27,recovery,P005,Microwave Oven,Home & Kitchen,212,C001,11068,6
O02654,2021,10,27,recovery,P005,Microwave Oven,Home & Kitchen,38,C017,11068,6
O05259,2021,10,27,recovery,P004,Air Purifier,Home & Kitchen,141,C004,14758,1
O06771,2021,10,27,recovery,P012,Festive Sarees,Fashion,865,C003,7379,16
O06854,2021,10,27,recovery,P008,Resistance Bands & Dumbbell Set,Gym Equipment,357,C019,4304,15
O07187,2021,10,27,recovery,P014,Packaged Grocery Staples,Groceries & Hygiene,1441,C018,983,4
O01064,2021,10,28,recovery,P003,Smartphone,Electronics,231,C006,27057,3
O02785,2021,10,28,recovery,P002,Webcam & Headset Combo,Electronics,358,C013,5534,17
O05655,2021,10,28,recovery,P005,Microwave Oven,Home & Kitchen,60,C008,11068,6
O04493,2021,10,29,recovery,P008,Resistance Bands & Dumbbell Set,Gym Equipment,160,C013,4304,5
O06337,2021,10,29,recovery,P012,Festive Sarees,Fashion,1153,C020,7379,20
O07937,2021,10,29,recovery,P007,Treadmill,Gym Equipment,22,C001,51654,4
O03504,2021,10,30,recovery,P012,Festive Sarees,Fashion,1237,C010,7379,6
O03594,2021,10,30,recovery,P015,Drawing Tablet (EdTech),Stationery & EdTech,11,C009,9224,4
O06832,2021,10,30,recovery,P008,Resistance Bands & Dumbbell Set,Gym Equipment,391,C003,4304,10
O01307,2021,10,31,recovery,P009,Yoga Mat,Gym Equipment,1275,C019,1844,11
O01200,2021,11,1,recovery,P002,Webcam & Headset Combo,Electronics,239,C012,5534,15
O07698,2021,11,1,recovery,P007,Treadmill,Gym Equipment,61,C004,51654,2
O01190,2021,11,2,recovery,P002,Webcam & Headset Combo,Electronics,282,C006,5534,16
O02367,2021,11,2,recovery,P006,Office Chair (Ergonomic),Home & Kitchen,195,C008,10453,15
O03696,2021,11,2,recovery,P010,Men's Formal Shirts,Fashion,1416,C018,2213,11
O00035,2021,11,3,recovery,P006,Office Chair (Ergonomic),Home & Kitchen,178,C014,10453,18
O01368,2021,11,3,recovery,P012,Festive Sarees,Fashion,1202,C001,7379,15
O03856,2021,11,3,recovery,P013,Hand Sanitizer (Bulk Pack),Groceries & Hygiene,1648,C020,1475,11
O06094,2021,11,4,recovery,P007,Treadmill,Gym Equipment,27,C011,51654,6
O00821,2021,11,5,recovery,P010,Men's Formal Shirts,Fashion,2903,C005,2213,9
O05367,2021,11,5,recovery,P014,Packaged Grocery Staples,Groceries & Hygiene,2280,C001,983,2
O02031,2021,11,6,recovery,P012,Festive Sarees,Fashion,766,C002,7379,18
O04416,2021,11,6,recovery,P008,Resistance Bands & Dumbbell Set,Gym Equipment,209,C001,4304,17
O00144,2021,11,7,recovery,P012,Festive Sarees,Fashion,1848,C010,7379,18
O03264,2021,11,7,recovery,P007,Treadmill,Gym Equipment,5,C017,51654,4
O04049,2021,11,7,recovery,P012,Festive Sarees,Fashion,1081,C010,7379,14
O07620,2021,11,7,recovery,P006,Office Chair (Ergonomic),Home & Kitchen,54,C003,10453,9
O02278,2021,11,8,recovery,P013,Hand Sanitizer (Bulk Pack),Groceries & Hygiene,1462,C005,1475,6
O05013,2021,11,8,recovery,P008,Resistance Bands & Dumbbell Set,Gym Equipment,844,C020,4304,5
O05840,2021,11,8,recovery,P013,Hand Sanitizer (Bulk Pack),Groceries & Hygiene,1683,C016,1475,16
O01240,2021,11,9,recovery,P005,Microwave Oven,Home & Kitchen,56,C013,11068,2
O05045,2021,11,9,recovery,P005,Microwave Oven,Home & Kitchen,241,C020,11068,5
O07005,2021,11,9,recovery,P007,Treadmill,Gym Equipment,33,C015,51654,3
O04173,2021,11,10,recovery,P015,Drawing Tablet (EdTech),Stationery & EdTech,183,C005,9224,5
O06319,2021,11,10,recovery,P010,Men's Formal Shirts,Fashion,1836,C006,2213,8
O00181,2021,11,11,recovery,P012,Festive Sarees,Fashion,1803,C010,7379,7
O02196,2021,11,11,recovery,P013,Hand Sanitizer (Bulk Pack),Groceries & Hygiene,1619,C013,1475,8
O04005,2021,11,11,recovery,P001,Laptop,Electronics,131,C011,67643,8
O05802,2021,11,11,recovery,P012,Festive Sarees,Fashion,83,C011,7379,13
O07911,2021,11,11,recovery,P007,Treadmill,Gym Equipment,24,C020,51654,2
O01470,2021,11,12,recovery,P012,Festive Sarees,Fashion,1146,C014,7379,16
O05373,2021,11,12,recovery,P006,Office Chair (Ergonomic),Home & Kitchen,25,C008,10453,8
O00433,2021,11,13,recovery,P008,Resistance Bands & Dumbbell Set,Gym Equipment,996,C002,4304,8
O07167,2021,11,13,recovery,P012,Festive Sarees,Fashion,654,C005,7379,6
O00179,2021,11,14,recovery,P003,Smartphone,Electronics,407,C002,27057,3
O03000,2021,11,14,recovery,P014,Packaged Grocery Staples,Groceries & Hygiene,2667,C017,983,2
O03855,2021,11,14,recovery,P001,Laptop,Electronics,41,C016,67643,8
O06075,2021,11,14,recovery,P006,Office Chair (Ergonomic),Home & Kitchen,36,C012,10453,10
O07994,2021,11,14,recovery,P012,Festive Sarees,Fashion,128,C008,7379,11
O01770,2021,11,15,recovery,P002,Webcam & Headset Combo,Electronics,251,C020,5534,20
O05099,2021,11,15,recovery,P002,Webcam & Headset Combo,Electronics,445,C012,5534,19
O00978,2021,11,16,recovery,P002,Webcam & Headset Combo,Electronics,439,C016,5534,17
O03942,2021,11,16,recovery,P005,Microwave Oven,Home & Kitchen,122,C001,11068,6
O00902,2021,11,17,recovery,P001,Laptop,Electronics,86,C012,67643,7
O01386,2021,11,17,recovery,P013,Hand Sanitizer (Bulk Pack),Groceries & Hygiene,282,C001,1475,15
O03404,2021,11,17,recovery,P010,Men's Formal Shirts,Fashion,1536,C005,2213,8
O07695,2021,11,17,recovery,P008,Resistance Bands & Dumbbell Set,Gym Equipment,722,C016,4304,13
O07584,2021,11,18,recovery,P011,Casual Loungewear Set,Fashion,394,C009,1475,4
O03462,2021,11,19,recovery,P008,Resistance Bands & Dumbbell Set,Gym Equipment,917,C010,4304,12
O01444,2021,11,20,recovery,P007,Treadmill,Gym Equipment,28,C011,51654,4
O03386,2021,11,20,recovery,P008,Resistance Bands & Dumbbell Set,Gym Equipment,979,C013,4304,20
O04258,2021,11,20,recovery,P001,Laptop,Electronics,40,C017,67643,2
O06090,2021,11,20,recovery,P008,Resistance Bands & Dumbbell Set,Gym Equipment,1074,C001,4304,5
O03816,2021,11,21,recovery,P010,Men's Formal Shirts,Fashion,1361,C004,2213,11
O07053,2021,11,21,recovery,P008,Resistance Bands & Dumbbell Set,Gym Equipment,151,C003,4304,8
O00157,2021,11,22,recovery,P001,Laptop,Electronics,175,C017,67643,8
O03454,2021,11,22,recovery,P007,Treadmill,Gym Equipment,65,C005,51654,8
O01050,2021,11,24,recovery,P002,Webcam & Headset Combo,Electronics,399,C003,5534,10
O03207,2021,11,24,recovery,P013,Hand Sanitizer (Bulk Pack),Groceries & Hygiene,392,C008,1475,13
O05839,2021,11,24,recovery,P011,Casual Loungewear Set,Fashion,1084,C010,1475,5
O06079,2021,11,24,recovery,P004,Air Purifier,Home & Kitchen,268,C011,14758,1
O06947,2021,11,24,recovery,P004,Air Purifier,Home & Kitchen,83,C017,14758,5
O00026,2021,11,25,recovery,P014,Packaged Grocery Staples,Groceries & Hygiene,2903,C012,983,5
O07970,2021,11,25,recovery,P009,Yoga Mat,Gym Equipment,919,C004,1844,20
O01051,2021,11,26,recovery,P006,Office Chair (Ergonomic),Home & Kitchen,72,C012,10453,14
O01184,2021,11,26,recovery,P014,Packaged Grocery Staples,Groceries & Hygiene,2763,C005,983,6
O01586,2021,11,26,recovery,P001,Laptop,Electronics,76,C019,67643,5
O03615,2021,11,26,recovery,P006,Office Chair (Ergonomic),Home & Kitchen,164,C016,10453,8
O04618,2021,11,26,recovery,P001,Laptop,Electronics,58,C015,67643,7
O06057,2021,11,26,recovery,P015,Drawing Tablet (EdTech),Stationery & EdTech,156,C007,9224,5
O02078,2021,11,27,recovery,P015,Drawing Tablet (EdTech),Stationery & EdTech,258,C018,9224,1
O05733,2021,11,27,recovery,P010,Men's Formal Shirts,Fashion,331,C014,2213,20
O06467,2021,11,27,recovery,P006,Office Chair (Ergonomic),Home & Kitchen,187,C010,10453,20
O04548,2021,11,28,recovery,P012,Festive Sarees,Fashion,886,C014,7379,6
O06826,2021,11,28,recovery,P009,Yoga Mat,Gym Equipment,756,C020,1844,13
O01679,2021,11,29,recovery,P007,Treadmill,Gym Equipment,31,C019,51654,8
O02298,2021,11,30,recovery,P007,Treadmill,Gym Equipment,56,C017,51654,4
O02423,2021,11,30,recovery,P011,Casual Loungewear Set,Fashion,2985,C019,1475,2
O04387,2021,11,30,recovery,P006,Office Chair (Ergonomic),Home & Kitchen,54,C019,10453,14
O06879,2021,12,1,recovery,P007,Treadmill,Gym Equipment,23,C009,51654,7
O07663,2021,12,1,recovery,P008,Resistance Bands & Dumbbell Set,Gym Equipment,753,C015,4304,5
O02680,2021,12,2,recovery,P013,Hand Sanitizer (Bulk Pack),Groceries & Hygiene,845,C008,1475,16
O05789,2021,12,2,recovery,P010,Men's Formal Shirts,Fashion,278,C007,2213,20
O03596,2021,12,3,recovery,P015,Drawing Tablet (EdTech),Stationery & EdTech,300,C019,9224,3
O02029,2021,12,6,recovery,P009,Yoga Mat,Gym Equipment,438,C003,1844,20
O06076,2021,12,6,recovery,P001,Laptop,Electronics,84,C010,67643,4
O06417,2021,12,6,recovery,P002,Webcam & Headset Combo,Electronics,391,C012,5534,6
O07464,2021,12,6,recovery,P002,Webcam & Headset Combo,Electronics,107,C005,5534,18
O01455,2021,12,7,recovery,P009,Yoga Mat,Gym Equipment,1093,C007,1844,12
O06690,2021,12,7,recovery,P015,Drawing Tablet (EdTech),Stationery & EdTech,273,C016,9224,5
O00494,2021,12,9,recovery,P008,Resistance Bands & Dumbbell Set,Gym Equipment,944,C014,4304,13
O01291,2021,12,9,recovery,P007,Treadmill,Gym Equipment,5,C009,51654,2
O05678,2021,12,9,recovery,P008,Resistance Bands & Dumbbell Set,Gym Equipment,204,C015,4304,16
O05622,2021,12,10,recovery,P013,Hand Sanitizer (Bulk Pack),Groceries & Hygiene,1974,C005,1475,6
O07034,2021,12,10,recovery,P007,Treadmill,Gym Equipment,27,C010,51654,4
O07206,2021,12,10,recovery,P002,Webcam & Headset Combo,Electronics,368,C019,5534,11
O03486,2021,12,11,recovery,P008,Resistance Bands & Dumbbell Set,Gym Equipment,896,C017,4304,16
O03795,2021,12,11,recovery,P007,Treadmill,Gym Equipment,10,C008,51654,4
O06445,2021,12,11,recovery,P005,Microwave Oven,Home & Kitchen,100,C012,11068,4
O02330,2021,12,12,recovery,P002,Webcam & Headset Combo,Electronics,181,C008,5534,13
O06002,2021,12,12,recovery,P012,Festive Sarees,Fashion,1333,C008,7379,18
O00448,2021,12,13,recovery,P007,Treadmill,Gym Equipment,40,C014,51654,7
O00858,2021,12,13,recovery,P004,Air Purifier,Home & Kitchen,58,C006,14758,2
O04573,2021,12,13,recovery,P007,Treadmill,Gym Equipment,9,C014,51654,4
O06130,2021,12,13,recovery,P009,Yoga Mat,Gym Equipment,1363,C017,1844,17
O06896,2021,12,13,recovery,P011,Casual Loungewear Set,Fashion,819,C009,1475,2
O00692,2021,12,14,recovery,P006,Office Chair (Ergonomic),Home & Kitchen,181,C016,10453,13
O02143,2021,12,14,recovery,P007,Treadmill,Gym Equipment,52,C003,51654,8
O02622,2021,12,14,recovery,P009,Yoga Mat,Gym Equipment,1474,C011,1844,5
O04762,2021,12,14,recovery,P003,Smartphone,Electronics,188,C006,27057,2
O01735,2021,12,15,recovery,P015,Drawing Tablet (EdTech),Stationery & EdTech,194,C003,9224,6
O02804,2021,12,15,recovery,P010,Men's Formal Shirts,Fashion,1827,C011,2213,8
O04451,2021,12,16,recovery,P013,Hand Sanitizer (Bulk Pack),Groceries & Hygiene,1022,C002,1475,18
O06724,2021,12,16,recovery,P002,Webcam & Headset Combo,Electronics,255,C008,5534,16
O04363,2021,12,17,recovery,P009,Yoga Mat,Gym Equipment,183,C003,1844,20
O07881,2021,12,17,recovery,P009,Yoga Mat,Gym Equipment,1143,C006,1844,18
O00503,2021,12,18,recovery,P009,Yoga Mat,Gym Equipment,2225,C018,1844,18
O01294,2021,12,18,recovery,P014,Packaged Grocery Staples,Groceries & Hygiene,2663,C009,983,4
O07928,2021,12,18,recovery,P009,Yoga Mat,Gym Equipment,987,C003,1844,7
O00953,2021,12,19,recovery,P003,Smartphone,Electronics,214,C020,27057,1
O07762,2021,12,19,recovery,P009,Yoga Mat,Gym Equipment,1356,C007,1844,20
O00110,2021,12,20,recovery,P002,Webcam & Headset Combo,Electronics,503,C009,5534,10
O02096,2021,12,20,recovery,P010,Men's Formal Shirts,Fashion,2236,C006,2213,20
O06573,2021,12,20,recovery,P010,Men's Formal Shirts,Fashion,1614,C003,2213,13
O07353,2021,12,21,recovery,P012,Festive Sarees,Fashion,479,C012,7379,20
O02606,2021,12,22,recovery,P015,Drawing Tablet (EdTech),Stationery & EdTech,196,C020,9224,6
O02791,2021,12,22,recovery,P009,Yoga Mat,Gym Equipment,1366,C019,1844,20
O05273,2021,12,22,recovery,P002,Webcam & Headset Combo,Electronics,226,C020,5534,10
O05831,2021,12,22,recovery,P009,Yoga Mat,Gym Equipment,233,C004,1844,10
O00820,2021,12,23,recovery,P010,Men's Formal Shirts,Fashion,2910,C018,2213,7
O05221,2021,12,23,recovery,P012,Festive Sarees,Fashion,450,C004,7379,16
O06482,2021,12,23,recovery,P010,Men's Formal Shirts,Fashion,1715,C020,2213,5
O01591,2021,12,24,recovery,P014,Packaged Grocery Staples,Groceries & Hygiene,2965,C019,983,1
O07783,2021,12,24,recovery,P012,Festive Sarees,Fashion,189,C006,7379,7
O00265,2021,12,25,recovery,P007,Treadmill,Gym Equipment,16,C002,51654,7
O05895,2021,12,25,recovery,P001,Laptop,Electronics,150,C016,67643,8
O03705,2021,12,26,recovery,P011,Casual Loungewear Set,Fashion,2248,C014,1475,4
O00339,2021,12,27,recovery,P011,Casual Loungewear Set,Fashion,3410,C013,1475,3
O06916,2021,12,27,recovery,P010,Men's Formal Shirts,Fashion,1373,C008,2213,7
O04189,2021,12,28,recovery,P006,Office Chair (Ergonomic),Home & Kitchen,178,C018,10453,19
O07569,2021,12,28,recovery,P012,Festive Sarees,Fashion,336,C013,7379,12
O01253,2021,12,29,recovery,P015,Drawing Tablet (EdTech),Stationery & EdTech,296,C009,9224,6
O03294,2021,12,29,recovery,P002,Webcam & Headset Combo,Electronics,415,C006,5534,12
O04642,2021,12,29,recovery,P014,Packaged Grocery Staples,Groceries & Hygiene,2609,C006,983,5
O05107,2021,12,29,recovery,P007,Treadmill,Gym Equipment,43,C019,51654,8
O06704,2021,12,29,recovery,P003,Smartphone,Electronics,133,C013,27057,2
O02655,2021,12,30,recovery,P008,Resistance Bands & Dumbbell Set,Gym Equipment,491,C017,4304,6
O01960,2021,12,31,recovery,P007,Treadmill,Gym Equipment,48,C018,51654,5
O05416,2022,1,1,recovery,P009,Yoga Mat,Gym Equipment,682,C017,1900,42
O07728,2022,1,1,recovery,P009,Yoga Mat,Gym Equipment,1405,C019,1900,49
O00800,2022,1,3,recovery,P009,Yoga Mat,Gym Equipment,1763,C011,1900,22
O01967,2022,1,3,recovery,P009,Yoga Mat,Gym Equipment,612,C012,1900,49
O07810,2022,1,3,recovery,P008,Resistance Bands & Dumbbell Set,Gym Equipment,542,C009,4433,36
O07439,2022,1,4,recovery,P007,Treadmill,Gym Equipment,6,C003,53204,6
O01397,2022,1,6,recovery,P006,Office Chair (Ergonomic),Home & Kitchen,117,C016,10767,11
O02142,2022,1,6,recovery,P007,Treadmill,Gym Equipment,65,C016,53204,13
O06323,2022,1,6,recovery,P005,Microwave Oven,Home & Kitchen,255,C009,11400,6
O06643,2022,1,7,recovery,P001,Laptop,Electronics,36,C002,69672,7
O01094,2022,1,8,recovery,P007,Treadmill,Gym Equipment,68,C014,53204,9
O03308,2022,1,8,recovery,P012,Festive Sarees,Fashion,1425,C019,7600,1
O01405,2022,1,9,recovery,P007,Treadmill,Gym Equipment,52,C016,53204,7
O04172,2022,1,9,recovery,P009,Yoga Mat,Gym Equipment,312,C012,1900,24
O04040,2022,1,10,recovery,P013,Hand Sanitizer (Bulk Pack),Groceries & Hygiene,1535,C002,1520,8
O05319,2022,1,10,recovery,P007,Treadmill,Gym Equipment,33,C016,53204,10
O05625,2022,1,10,recovery,P003,Smartphone,Electronics,359,C005,27868,3
O07787,2022,1,10,recovery,P008,Resistance Bands & Dumbbell Set,Gym Equipment,596,C013,4433,43
O00095,2022,1,11,recovery,P007,Treadmill,Gym Equipment,60,C014,53204,14
O01572,2022,1,11,recovery,P013,Hand Sanitizer (Bulk Pack),Groceries & Hygiene,188,C015,1520,7
O03635,2022,1,11,recovery,P006,Office Chair (Ergonomic),Home & Kitchen,154,C012,10767,9
O04765,2022,1,11,recovery,P003,Smartphone,Electronics,186,C003,27868,1
O07514,2022,1,11,recovery,P007,Treadmill,Gym Equipment,56,C005,53204,15
O01280,2022,1,12,recovery,P012,Festive Sarees,Fashion,1224,C005,7600,1
O04767,2022,1,12,recovery,P012,Festive Sarees,Fashion,705,C001,7600,1
O06062,2022,1,12,recovery,P007,Treadmill,Gym Equipment,39,C017,53204,12
O01391,2022,1,13,recovery,P009,Yoga Mat,Gym Equipment,1189,C015,1900,41
O02778,2022,1,13,recovery,P002,Webcam & Headset Combo,Electronics,364,C011,5700,6
O01612,2022,1,14,recovery,P008,Resistance Bands & Dumbbell Set,Gym Equipment,66,C008,4433,24
O00547,2022,1,15,recovery,P007,Treadmill,Gym Equipment,8,C020,53204,7
O03289,2022,1,15,recovery,P015,Drawing Tablet (EdTech),Stationery & EdTech,273,C017,9500,4
O05969,2022,1,15,recovery,P001,Laptop,Electronics,124,C005,69672,6
O02998,2022,1,16,recovery,P005,Microwave Oven,Home & Kitchen,300,C017,11400,3
O07227,2022,1,16,recovery,P007,Treadmill,Gym Equipment,51,C012,53204,6
O02093,2022,1,18,recovery,P006,Office Chair (Ergonomic),Home & Kitchen,190,C003,10767,11
O03096,2022,1,18,recovery,P013,Hand Sanitizer (Bulk Pack),Groceries & Hygiene,443,C002,1520,17
O05212,2022,1,18,recovery,P005,Microwave Oven,Home & Kitchen,125,C013,11400,2
O06861,2022,1,18,recovery,P008,Resistance Bands & Dumbbell Set,Gym Equipment,342,C007,4433,30
O05978,2022,1,19,recovery,P009,Yoga Mat,Gym Equipment,82,C010,1900,49
O07315,2022,1,19,recovery,P013,Hand Sanitizer (Bulk Pack),Groceries & Hygiene,96,C002,1520,6
O03396,2022,1,20,recovery,P008,Resistance Bands & Dumbbell Set,Gym Equipment,959,C001,4433,16
O04165,2022,1,20,recovery,P009,Yoga Mat,Gym Equipment,354,C009,1900,42
O06017,2022,1,20,recovery,P009,Yoga Mat,Gym Equipment,1496,C020,1900,47
O00867,2022,1,21,recovery,P009,Yoga Mat,Gym Equipment,1674,C010,1900,41
O01030,2022,1,21,recovery,P011,Casual Loungewear Set,Fashion,3052,C004,1520,2
O02260,2022,1,21,recovery,P009,Yoga Mat,Gym Equipment,204,C004,1900,25
O03648,2022,1,21,recovery,P015,Drawing Tablet (EdTech),Stationery & EdTech,252,C001,9500,5
O03841,2022,1,21,recovery,P006,Office Chair (Ergonomic),Home & Kitchen,139,C020,10767,13
O04541,2022,1,21,recovery,P015,Drawing Tablet (EdTech),Stationery & EdTech,189,C017,9500,4
O00732,2022,1,22,recovery,P009,Yoga Mat,Gym Equipment,1944,C007,1900,39
O01955,2022,1,22,recovery,P009,Yoga Mat,Gym Equipment,676,C006,1900,39
O02340,2022,1,22,recovery,P010,Men's Formal Shirts,Fashion,2060,C003,2280,2
O04811,2022,1,22,recovery,P003,Smartphone,Electronics,172,C013,27868,1
O06181,2022,1,22,recovery,P013,Hand Sanitizer (Bulk Pack),Groceries & Hygiene,1299,C002,1520,15
O00725,2022,1,23,recovery,P008,Resistance Bands & Dumbbell Set,Gym Equipment,815,C020,4433,40
O04674,2022,1,23,recovery,P001,Laptop,Electronics,41,C006,69672,8
O05627,2022,1,23,recovery,P009,Yoga Mat,Gym Equipment,447,C005,1900,20
O07039,2022,1,23,recovery,P008,Resistance Bands & Dumbbell Set,Gym Equipment,199,C005,4433,47
O07609,2022,1,23,recovery,P012,Festive Sarees,Fashion,292,C004,7600,4
O04602,2022,1,25,recovery,P008,Resistance Bands & Dumbbell Set,Gym Equipment,105,C004,4433,29
O07199,2022,1,25,recovery,P004,Air Purifier,Home & Kitchen,24,C013,15201,1
O01520,2022,1,26,recovery,P009,Yoga Mat,Gym Equipment,1068,C015,1900,18
O04430,2022,1,27,recovery,P013,Hand Sanitizer (Bulk Pack),Groceries & Hygiene,1081,C020,1520,11
O06924,2022,1,27,recovery,P007,Treadmill,Gym Equipment,65,C011,53204,8
O05537,2022,1,28,recovery,P007,Treadmill,Gym Equipment,65,C011,53204,7
O07827,2022,1,28,recovery,P008,Resistance Bands & Dumbbell Set,Gym Equipment,497,C018,4433,33
O01418,2022,1,29,recovery,P007,Treadmill,Gym Equipment,43,C002,53204,5
O05160,2022,1,29,recovery,P015,Drawing Tablet (EdTech),Stationery & EdTech,235,C009,9500,5
O02569,2022,1,30,recovery,P001,Laptop,Electronics,137,C007,69672,6
O00064,2022,1,31,recovery,P005,Microwave Oven,Home & Kitchen,255,C002,11400,3
O00167,2022,1,31,recovery,P009,Yoga Mat,Gym Equipment,2282,C019,1900,21
O02546,2022,1,31,recovery,P010,Men's Formal Shirts,Fashion,1931,C008,2280,5
O02547,2022,1,31,recovery,P008,Resistance Bands & Dumbbell Set,Gym Equipment,568,C009,4433,27
O00945,2022,2,1,recovery,P012,Festive Sarees,Fashion,1409,C003,7600,3
O02191,2022,2,1,recovery,P013,Hand Sanitizer (Bulk Pack),Groceries & Hygiene,1629,C002,1520,10
O02351,2022,2,1,recovery,P006,Office Chair (Ergonomic),Home & Kitchen,24,C011,10767,20
O06492,2022,2,1,recovery,P009,Yoga Mat,Gym Equipment,1024,C008,1900,16
O04016,2022,2,2,recovery,P006,Office Chair (Ergonomic),Home & Kitchen,55,C008,10767,5
O05525,2022,2,2,recovery,P006,Office Chair (Ergonomic),Home & Kitchen,11,C019,10767,8
O07196,2022,2,2,recovery,P015,Drawing Tablet (EdTech),Stationery & EdTech,185,C004,9500,4
O00248,2022,2,3,recovery,P001,Laptop,Electronics,149,C012,69672,8
O06948,2022,2,3,recovery,P014,Packaged Grocery Staples,Groceries & Hygiene,1553,C012,1013,6
O02790,2022,2,4,recovery,P008,Resistance Bands & Dumbbell Set,Gym Equipment,342,C013,4433,19
O06455,2022,2,4,recovery,P009,Yoga Mat,Gym Equipment,1050,C012,1900,20
O00724,2022,2,5,recovery,P004,Air Purifier,Home & Kitchen,96,C007,15201,4
O05166,2022,2,5,recovery,P009,Yoga Mat,Gym Equipment,920,C010,1900,13
O06983,2022,2,5,recovery,P004,Air Purifier,Home & Kitchen,70,C013,15201,6
O07952,2022,2,5,recovery,P002,Webcam & Headset Combo,Electronics,255,C017,5700,20
O00159,2022,2,6,recovery,P001,Laptop,Electronics,167,C004,69672,2
O00499,2022,2,6,recovery,P008,Resistance Bands & Dumbbell Set,Gym Equipment,931,C020,4433,11
O02335,2022,2,8,recovery,P002,Webcam & Headset Combo,Electronics,168,C020,5700,13
O07188,2022,2,8,recovery,P009,Yoga Mat,Gym Equipment,397,C004,1900,17
O07957,2022,2,8,recovery,P003,Smartphone,Electronics,247,C003,27868,3
O01140,2022,2,9,recovery,P006,Office Chair (Ergonomic),Home & Kitchen,200,C018,10767,5
O01460,2022,2,9,recovery,P012,Festive Sarees,Fashion,1150,C009,7600,3
O03552,2022,2,9,recovery,P010,Men's Formal Shirts,Fashion,1444,C009,2280,5
O05652,2022,2,9,recovery,P006,Office Chair (Ergonomic),Home & Kitchen,74,C005,10767,13
O03640,2022,2,10,recovery,P007,Treadmill,Gym Equipment,7,C013,53204,4
O04168,2022,2,10,recovery,P006,Office Chair (Ergonomic),Home & Kitchen,195,C019,10767,17
O05539,2022,2,10,recovery,P013,Hand Sanitizer (Bulk Pack),Groceries & Hygiene,101,C002,1520,19
O05551,2022,2,10,recovery,P001,Laptop,Electronics,140,C019,69672,4
O06652,2022,2,10,recovery,P008,Resistance Bands & Dumbbell Set,Gym Equipment,644,C006,4433,5
O07137,2022,2,10,recovery,P005,Microwave Oven,Home & Kitchen,175,C012,11400,5
O07309,2022,2,10,recovery,P014,Packaged Grocery Staples,Groceries & Hygiene,1419,C020,1013,4
O01195,2022,2,11,recovery,P015,Drawing Tablet (EdTech),Stationery & EdTech,68,C019,9500,5
O02127,2022,2,11,recovery,P007,Treadmill,Gym Equipment,68,C014,53204,3
O05056,2022,2,11,recovery,P012,Festive Sarees,Fashion,562,C020,7600,3
O05806,2022,2,11,recovery,P008,Resistance Bands & Dumbbell Set,Gym Equipment,92,C007,4433,9
O06777,2022,2,11,recovery,P010,Men's Formal Shirts,Fashion,1434,C008,2280,1
O03382,2022,2,13,recovery,P002,Webcam & Headset Combo,Electronics,244,C007,5700,5
O05691,2022,2,13,recovery,P006,Office Chair (Ergonomic),Home & Kitchen,51,C016,10767,6
O01704,2022,2,14,recovery,P008,Resistance Bands & Dumbbell Set,Gym Equipment,1163,C002,4433,12
O01507,2022,2,15,recovery,P010,Men's Formal Shirts,Fashion,2562,C002,2280,6
O05936,2022,2,15,recovery,P013,Hand Sanitizer (Bulk Pack),Groceries & Hygiene,1488,C011,1520,16
O01292,2022,2,16,recovery,P013,Hand Sanitizer (Bulk Pack),Groceries & Hygiene,375,C003,1520,9
O05248,2022,2,16,recovery,P002,Webcam & Headset Combo,Electronics,238,C005,5700,10
O06614,2022,2,16,recovery,P009,Yoga Mat,Gym Equipment,954,C009,1900,10
O06986,2022,2,16,recovery,P007,Treadmill,Gym Equipment,36,C014,53204,3
O00221,2022,2,17,recovery,P008,Resistance Bands & Dumbbell Set,Gym Equipment,1104,C017,4433,17
O02302,2022,2,17,recovery,P009,Yoga Mat,Gym Equipment,139,C020,1900,20
O03253,2022,2,17,recovery,P009,Yoga Mat,Gym Equipment,1201,C020,1900,6
O06070,2022,2,17,recovery,P013,Hand Sanitizer (Bulk Pack),Groceries & Hygiene,1369,C008,1520,14
O06752,2022,2,17,recovery,P006,Office Chair (Ergonomic),Home & Kitchen,30,C011,10767,6
O00077,2022,2,18,recovery,P004,Air Purifier,Home & Kitchen,291,C012,15201,1
O00548,2022,2,18,recovery,P006,Office Chair (Ergonomic),Home & Kitchen,29,C005,10767,5
O02777,2022,2,18,recovery,P012,Festive Sarees,Fashion,315,C010,7600,6
O07682,2022,2,18,recovery,P002,Webcam & Headset Combo,Electronics,442,C019,5700,5
O06944,2022,2,19,recovery,P007,Treadmill,Gym Equipment,42,C006,53204,4
O02581,2022,2,20,recovery,P009,Yoga Mat,Gym Equipment,1500,C006,1900,15
O04841,2022,2,20,recovery,P001,Laptop,Electronics,122,C017,69672,3
O01912,2022,2,21,recovery,P003,Smartphone,Electronics,391,C010,27868,2
O02999,2022,2,21,recovery,P003,Smartphone,Electronics,224,C017,27868,3
O04714,2022,2,21,recovery,P006,Office Chair (Ergonomic),Home & Kitchen,156,C011,10767,14
O07480,2022,2,21,recovery,P013,Hand Sanitizer (Bulk Pack),Groceries & Hygiene,1851,C006,1520,7
O01554,2022,2,23,recovery,P006,Office Chair (Ergonomic),Home & Kitchen,79,C011,10767,16
O02309,2022,2,23,recovery,P012,Festive Sarees,Fashion,620,C008,7600,5
O04818,2022,2,23,recovery,P012,Festive Sarees,Fashion,674,C005,7600,3
O04819,2022,2,23,recovery,P002,Webcam & Headset Combo,Electronics,169,C012,5700,7
O01488,2022,2,24,recovery,P012,Festive Sarees,Fashion,1127,C010,7600,2
O03590,2022,2,25,recovery,P007,Treadmill,Gym Equipment,19,C004,53204,5
O04382,2022,2,25,recovery,P007,Treadmill,Gym Equipment,56,C010,53204,8
O07848,2022,2,25,recovery,P003,Smartphone,Electronics,258,C014,27868,1
O00592,2022,2,26,recovery,P002,Webcam & Headset Combo,Electronics,222,C002,5700,5
O00227,2022,2,27,recovery,P009,Yoga Mat,Gym Equipment,2489,C014,1900,13
O01713,2022,2,27,recovery,P004,Air Purifier,Home & Kitchen,163,C010,15201,4
O03378,2022,2,27,recovery,P002,Webcam & Headset Combo,Electronics,251,C008,5700,7
O03619,2022,2,28,recovery,P013,Hand Sanitizer (Bulk Pack),Groceries & Hygiene,1866,C014,1520,15
O05836,2022,3,1,recovery,P004,Air Purifier,Home & Kitchen,17,C017,15201,1
O05884,2022,3,1,recovery,P006,Office Chair (Ergonomic),Home & Kitchen,168,C006,10767,6
O01189,2022,3,2,recovery,P006,Office Chair (Ergonomic),Home & Kitchen,191,C020,10767,18
O02796,2022,3,2,recovery,P002,Webcam & Headset Combo,Electronics,340,C009,5700,18
O06818,2022,3,3,recovery,P001,Laptop,Electronics,136,C003,69672,4
O01359,2022,3,4,recovery,P003,Smartphone,Electronics,147,C007,27868,1
O02649,2022,3,5,recovery,P006,Office Chair (Ergonomic),Home & Kitchen,52,C013,10767,13
O03092,2022,3,5,recovery,P008,Resistance Bands & Dumbbell Set,Gym Equipment,1190,C015,4433,10
O03859,2022,3,5,recovery,P009,Yoga Mat,Gym Equipment,666,C017,1900,20
O03902,2022,3,5,recovery,P007,Treadmill,Gym Equipment,54,C020,53204,4
O05236,2022,3,5,recovery,P007,Treadmill,Gym Equipment,15,C020,53204,6
O07475,2022,3,5,recovery,P001,Laptop,Electronics,7,C007,69672,5
O02301,2022,3,6,recovery,P014,Packaged Grocery Staples,Groceries & Hygiene,2992,C002,1013,1
O07506,2022,3,6,recovery,P009,Yoga Mat,Gym Equipment,82,C016,1900,7
O06087,2022,3,7,recovery,P012,Festive Sarees,Fashion,1298,C001,7600,5
O02070,2022,3,8,recovery,P006,Office Chair (Ergonomic),Home & Kitchen,197,C003,10767,7
O03235,2022,3,8,recovery,P009,Yoga Mat,Gym Equipment,1223,C008,1900,9
O04176,2022,3,9,recovery,P002,Webcam & Headset Combo,Electronics,300,C006,5700,7
O04202,2022,3,9,recovery,P013,Hand Sanitizer (Bulk Pack),Groceries & Hygiene,1285,C003,1520,20
O07098,2022,3,10,recovery,P007,Treadmill,Gym Equipment,20,C008,53204,3
O05318,2022,3,11,recovery,P003,Smartphone,Electronics,75,C013,27868,2
O01497,2022,3,12,recovery,P007,Treadmill,Gym Equipment,19,C011,53204,8
O00300,2022,3,14,recovery,P006,Office Chair (Ergonomic),Home & Kitchen,154,C011,10767,5
O04094,2022,3,14,recovery,P003,Smartphone,Electronics,367,C017,27868,2
O05629,2022,3,14,recovery,P002,Webcam & Headset Combo,Electronics,493,C018,5700,6
O02344,2022,3,15,recovery,P013,Hand Sanitizer (Bulk Pack),Groceries & Hygiene,1373,C003,1520,7
O00232,2022,3,16,recovery,P006,Office Chair (Ergonomic),Home & Kitchen,64,C014,10767,11
O02386,2022,3,17,recovery,P001,Laptop,Electronics,69,C010,69672,8
O03204,2022,3,17,recovery,P001,Laptop,Electronics,48,C004,69672,4
O06113,2022,3,17,recovery,P009,Yoga Mat,Gym Equipment,1381,C012,1900,18
O06440,2022,3,17,recovery,P001,Laptop,Electronics,87,C015,69672,8
O03164,2022,3,18,recovery,P001,Laptop,Electronics,63,C011,69672,4
O07460,2022,3,18,recovery,P002,Webcam & Headset Combo,Electronics,127,C008,5700,20
O02009,2022,3,19,recovery,P013,Hand Sanitizer (Bulk Pack),Groceries & Hygiene,1729,C013,1520,12
O06380,2022,3,19,recovery,P012,Festive Sarees,Fashion,1105,C007,7600,5
O01827,2022,3,20,recovery,P007,Treadmill,Gym Equipment,77,C006,53204,7
O06845,2022,3,20,recovery,P008,Resistance Bands & Dumbbell Set,Gym Equipment,379,C017,4433,15
O06858,2022,3,20,recovery,P003,Smartphone,Electronics,94,C005,27868,2
O00469,2022,3,21,recovery,P008,Resistance Bands & Dumbbell Set,Gym Equipment,984,C002,4433,11
O03890,2022,3,21,recovery,P005,Microwave Oven,Home & Kitchen,155,C001,11400,3
O00487,2022,3,22,recovery,P006,Office Chair (Ergonomic),Home & Kitchen,75,C008,10767,18
O02370,2022,3,22,recovery,P001,Laptop,Electronics,73,C015,69672,2
O04757,2022,3,22,recovery,P011,Casual Loungewear Set,Fashion,1691,C010,1520,4
O06073,2022,3,22,recovery,P003,Smartphone,Electronics,290,C003,27868,1
O07913,2022,3,22,recovery,P011,Casual Loungewear Set,Fashion,216,C014,1520,3
O01429,2022,3,23,recovery,P005,Microwave Oven,Home & Kitchen,325,C006,11400,6
O01731,2022,3,23,recovery,P006,Office Chair (Ergonomic),Home & Kitchen,19,C006,10767,9
O05098,2022,3,23,recovery,P002,Webcam & Headset Combo,Electronics,460,C004,5700,15
O01395,2022,3,24,recovery,P002,Webcam & Headset Combo,Electronics,101,C009,5700,19
O02408,2022,3,24,recovery,P002,Webcam & Headset Combo,Electronics,76,C018,5700,12
O02600,2022,3,24,recovery,P013,Hand Sanitizer (Bulk Pack),Groceries & Hygiene,910,C007,1520,6
O07946,2022,3,24,recovery,P001,Laptop,Electronics,145,C019,69672,3
O02133,2022,3,25,recovery,P009,Yoga Mat,Gym Equipment,340,C009,1900,12
O03389,2022,3,25,recovery,P009,Yoga Mat,Gym Equipment,1135,C011,1900,16
O00114,2022,3,26,recovery,P006,Office Chair (Ergonomic),Home & Kitchen,157,C001,10767,20
O01002,2022,3,26,recovery,P001,Laptop,Electronics,12,C011,69672,3
O02243,2022,3,26,recovery,P008,Resistance Bands & Dumbbell Set,Gym Equipment,793,C011,4433,10
O07015,2022,3,26,recovery,P009,Yoga Mat,Gym Equipment,566,C003,1900,16
O07532,2022,3,26,recovery,P008,Resistance Bands & Dumbbell Set,Gym Equipment,793,C018,4433,20
O07776,2022,3,26,recovery,P014,Packaged Grocery Staples,Groceries & Hygiene,1076,C004,1013,6
O00161,2022,3,27,recovery,P003,Smartphone,Electronics,416,C005,27868,3
O00493,2022,3,27,recovery,P012,Festive Sarees,Fashion,1640,C008,7600,1
O06134,2022,3,27,recovery,P006,Office Chair (Ergonomic),Home & Kitchen,17,C001,10767,10
O04615,2022,3,28,recovery,P013,Hand Sanitizer (Bulk Pack),Groceries & Hygiene,806,C020,1520,5
O06454,2022,3,29,recovery,P007,Treadmill,Gym Equipment,15,C013,53204,5
O02801,2022,3,30,recovery,P005,Microwave Oven,Home & Kitchen,211,C014,11400,4
O01963,2022,3,31,recovery,P001,Laptop,Electronics,76,C001,69672,7
O04490,2022,3,31,recovery,P008,Resistance Bands & Dumbbell Set,Gym Equipment,178,C002,4433,9
O05213,2022,3,31,recovery,P009,Yoga Mat,Gym Equipment,847,C019,1900,12
O05942,2022,3,31,recovery,P012,Festive Sarees,Fashion,1375,C015,7600,2
O03849,2022,4,1,recovery,P010,Men's Formal Shirts,Fashion,1334,C016,2280,3
O04023,2022,4,1,recovery,P002,Webcam & Headset Combo,Electronics,436,C011,5700,11
O05060,2022,4,1,recovery,P003,Smartphone,Electronics,128,C017,27868,1
O05232,2022,4,1,recovery,P007,Treadmill,Gym Equipment,23,C007,53204,8
O05851,2022,4,1,recovery,P015,Drawing Tablet (EdTech),Stationery & EdTech,300,C009,9500,6
O00601,2022,4,2,recovery,P001,Laptop,Electronics,22,C004,69672,8
O05814,2022,4,2,recovery,P008,Resistance Bands & Dumbbell Set,Gym Equipment,83,C008,4433,16
O04626,2022,4,4,recovery,P008,Resistance Bands & Dumbbell Set,Gym Equipment,70,C015,4433,13
O05845,2022,4,5,recovery,P006,Office Chair (Ergonomic),Home & Kitchen,200,C005,10767,6
O00947,2022,4,6,recovery,P011,Casual Loungewear Set,Fashion,3138,C001,1520,2
O05786,2022,4,6,recovery,P008,Resistance Bands & Dumbbell Set,Gym Equipment,110,C012,4433,14
O00257,2022,4,8,recovery,P006,Office Chair (Ergonomic),Home & Kitchen,29,C020,10767,14
O02608,2022,4,8,recovery,P009,Yoga Mat,Gym Equipment,1483,C016,1900,9
O06312,2022,4,10,recovery,P011,Casual Loungewear Set,Fashion,1031,C019,1520,1
O00405,2022,4,11,recovery,P009,Yoga Mat,Gym Equipment,2296,C014,1900,8
O00511,2022,4,11,recovery,P012,Festive Sarees,Fashion,1635,C002,7600,4
O01692,2022,4,11,recovery,P013,Hand Sanitizer (Bulk Pack),Groceries & Hygiene,1992,C006,1520,5
O01781,2022,4,11,recovery,P003,Smartphone,Electronics,47,C013,27868,1
O06116,2022,4,11,recovery,P008,Resistance Bands & Dumbbell Set,Gym Equipment,1056,C020,4433,16
O05927,2022,4,12,recovery,P015,Drawing Tablet (EdTech),Stationery & EdTech,255,C019,9500,4
O06908,2022,4,12,recovery,P006,Office Chair (Ergonomic),Home & Kitchen,120,C001,10767,19
O07978,2022,4,12,recovery,P007,Treadmill,Gym Equipment,11,C014,53204,7
O00466,2022,4,13,recovery,P009,Yoga Mat,Gym Equipment,2255,C012,1900,15
O00963,2022,4,13,recovery,P006,Office Chair (Ergonomic),Home & Kitchen,13,C007,10767,10
O01725,2022,4,13,recovery,P008,Resistance Bands & Dumbbell Set,Gym Equipment,1150,C007,4433,13
O06233,2022,4,13,recovery,P006,Office Chair (Ergonomic),Home & Kitchen,151,C002,10767,6
O02498,2022,4,14,recovery,P007,Treadmill,Gym Equipment,80,C019,53204,4
O02656,2022,4,14,recovery,P009,Yoga Mat,Gym Equipment,1450,C009,1900,15
O03412,2022,4,14,recovery,P010,Men's Formal Shirts,Fashion,1521,C004,2280,2
O01009,2022,4,15,recovery,P008,Resistance Bands & Dumbbell Set,Gym Equipment,560,C001,4433,12
O03723,2022,4,16,recovery,P004,Air Purifier,Home & Kitchen,244,C010,15201,2
O03496,2022,4,17,recovery,P013,Hand Sanitizer (Bulk Pack),Groceries & Hygiene,1994,C004,1520,16
O07185,2022,4,17,recovery,P013,Hand Sanitizer (Bulk Pack),Groceries & Hygiene,230,C015,1520,5
O02697,2022,4,18,recovery,P001,Laptop,Electronics,69,C001,69672,7
O02760,2022,4,18,recovery,P014,Packaged Grocery Staples,Groceries & Hygiene,2853,C002,1013,4
O04536,2022,4,18,recovery,P015,Drawing Tablet (EdTech),Stationery & EdTech,195,C008,9500,6
O04936,2022,4,18,recovery,P003,Smartphone,Electronics,149,C015,27868,2
O06318,2022,4,18,recovery,P015,Drawing Tablet (EdTech),Stationery & EdTech,292,C019,9500,6
O07410,2022,4,18,recovery,P007,Treadmill,Gym Equipment,18,C006,53204,4
O07809,2022,4,18,recovery,P012,Festive Sarees,Fashion,165,C006,7600,2
O00634,2022,4,19,recovery,P007,Treadmill,Gym Equipment,63,C012,53204,2
O05708,2022,4,19,recovery,P004,Air Purifier,Home & Kitchen,32,C003,15201,2
O07057,2022,4,19,recovery,P009,Yoga Mat,Gym Equipment,538,C002,1900,13
O07824,2022,4,19,recovery,P008,Resistance Bands & Dumbbell Set,Gym Equipment,506,C018,4433,9
O02603,2022,4,20,recovery,P014,Packaged Grocery Staples,Groceries & Hygiene,2877,C012,1013,5
O06729,2022,4,20,recovery,P009,Yoga Mat,Gym Equipment,841,C005,1900,20
O07993,2022,4,20,recovery,P005,Microwave Oven,Home & Kitchen,163,C014,11400,5
O00696,2022,4,21,recovery,P005,Microwave Oven,Home & Kitchen,127,C017,11400,1
O04075,2022,4,21,recovery,P006,Office Chair (Ergonomic),Home & Kitchen,42,C020,10767,17
O07294,2022,4,21,recovery,P013,Hand Sanitizer (Bulk Pack),Groceries & Hygiene,139,C012,1520,7
O04743,2022,4,24,recovery,P012,Festive Sarees,Fashion,722,C018,7600,1
O00291,2022,4,25,recovery,P007,Treadmill,Gym Equipment,3,C003,53204,3
O01991,2022,4,25,recovery,P002,Webcam & Headset Combo,Electronics,419,C002,5700,14
O02840,2022,4,25,recovery,P014,Packaged Grocery Staples,Groceries & Hygiene,2819,C008,1013,1
O06092,2022,4,25,recovery,P010,Men's Formal Shirts,Fashion,1960,C014,2280,3
O00956,2022,4,26,recovery,P009,Yoga Mat,Gym Equipment,1498,C019,1900,12
O02382,2022,4,26,recovery,P005,Microwave Oven,Home & Kitchen,298,C013,11400,4
O05396,2022,4,26,recovery,P006,Office Chair (Ergonomic),Home & Kitchen,17,C016,10767,13
O05547,2022,4,26,recovery,P009,Yoga Mat,Gym Equipment,566,C018,1900,18
O00371,2022,4,29,recovery,P001,Laptop,Electronics,87,C010,69672,5
O03133,2022,4,29,recovery,P008,Resistance Bands & Dumbbell Set,Gym Equipment,1167,C008,4433,9
O03606,2022,4,29,recovery,P013,Hand Sanitizer (Bulk Pack),Groceries & Hygiene,1877,C020,1520,8
O03932,2022,4,29,recovery,P002,Webcam & Headset Combo,Electronics,524,C014,5700,17
O04150,2022,4,29,recovery,P008,Resistance Bands & Dumbbell Set,Gym Equipment,318,C017,4433,14
O07045,2022,4,29,recovery,P011,Casual Loungewear Set,Fashion,724,C004,1520,4
O07879,2022,4,29,recovery,P006,Office Chair (Ergonomic),Home & Kitchen,61,C015,10767,16
O01006,2022,4,30,recovery,P007,Treadmill,Gym Equipment,17,C004,53204,6
O01969,2022,4,30,recovery,P013,Hand Sanitizer (Bulk Pack),Groceries & Hygiene,1809,C019,1520,14
O03176,2022,4,30,recovery,P009,Yoga Mat,Gym Equipment,1060,C020,1900,13
O00848,2022,5,1,recovery,P013,Hand Sanitizer (Bulk Pack),Groceries & Hygiene,739,C008,1520,16
O04482,2022,5,1,recovery,P008,Resistance Bands & Dumbbell Set,Gym Equipment,184,C011,4433,6
O07614,2022,5,1,recovery,P009,Yoga Mat,Gym Equipment,1457,C003,1900,13
O02113,2022,5,2,recovery,P011,Casual Loungewear Set,Fashion,3056,C012,1520,5
O03994,2022,5,2,recovery,P010,Men's Formal Shirts,Fashion,1246,C018,2280,6
O04923,2022,5,2,recovery,P011,Casual Loungewear Set,Fashion,1550,C014,1520,5
O07465,2022,5,2,recovery,P011,Casual Loungewear Set,Fashion,407,C010,1520,1
O00332,2022,5,3,recovery,P001,Laptop,Electronics,101,C003,69672,5
O03739,2022,5,3,recovery,P002,Webcam & Headset Combo,Electronics,36,C017,5700,8
O04028,2022,5,3,recovery,P008,Resistance Bands & Dumbbell Set,Gym Equipment,422,C010,4433,10
O01039,2022,5,4,recovery,P001,Laptop,Electronics,137,C019,69672,4
O05131,2022,5,4,recovery,P009,Yoga Mat,Gym Equipment,928,C010,1900,8
O07180,2022,5,4,recovery,P004,Air Purifier,Home & Kitchen,30,C019,15201,3
O01057,2022,5,5,recovery,P009,Yoga Mat,Gym Equipment,1416,C002,1900,8
O03747,2022,5,5,recovery,P005,Microwave Oven,Home & Kitchen,223,C004,11400,2
O04055,2022,5,5,recovery,P007,Treadmill,Gym Equipment,75,C004,53204,5
O07745,2022,5,5,recovery,P015,Drawing Tablet (EdTech),Stationery & EdTech,289,C011,9500,6
O03373,2022,5,6,recovery,P001,Laptop,Electronics,123,C019,69672,3
O02872,2022,5,7,recovery,P013,Hand Sanitizer (Bulk Pack),Groceries & Hygiene,598,C010,1520,16
O03664,2022,5,7,recovery,P007,Treadmill,Gym Equipment,80,C011,53204,7
O04102,2022,5,7,recovery,P008,Resistance Bands & Dumbbell Set,Gym Equipment,398,C008,4433,14
O05688,2022,5,7,recovery,P005,Microwave Oven,Home & Kitchen,42,C014,11400,4
O06458,2022,5,7,recovery,P008,Resistance Bands & Dumbbell Set,Gym Equipment,875,C017,4433,15
O02463,2022,5,8,recovery,P008,Resistance Bands & Dumbbell Set,Gym Equipment,646,C009,4433,13
O07815,2022,5,8,recovery,P013,Hand Sanitizer (Bulk Pack),Groceries & Hygiene,1590,C013,1520,11
O02262,2022,5,9,recovery,P013,Hand Sanitizer (Bulk Pack),Groceries & Hygiene,1481,C015,1520,19
O06411,2022,5,9,recovery,P014,Packaged Grocery Staples,Groceries & Hygiene,1776,C016,1013,2
O06696,2022,5,9,recovery,P001,Laptop,Electronics,8,C016,69672,8
O06811,2022,5,9,recovery,P008,Resistance Bands & Dumbbell Set,Gym Equipment,426,C012,4433,17
O02891,2022,5,10,recovery,P013,Hand Sanitizer (Bulk Pack),Groceries & Hygiene,552,C019,1520,15
O03050,2022,5,10,recovery,P013,Hand Sanitizer (Bulk Pack),Groceries & Hygiene,498,C014,1520,11
O04031,2022,5,10,recovery,P005,Microwave Oven,Home & Kitchen,111,C001,11400,3
O06920,2022,5,10,recovery,P006,Office Chair (Ergonomic),Home & Kitchen,96,C017,10767,11
O01810,2022,5,11,recovery,P009,Yoga Mat,Gym Equipment,843,C016,1900,16
O04434,2022,5,11,recovery,P010,Men's Formal Shirts,Fashion,1056,C003,2280,2
O05308,2022,5,12,recovery,P008,Resistance Bands & Dumbbell Set,Gym Equipment,606,C014,4433,15
O05358,2022,5,12,recovery,P005,Microwave Oven,Home & Kitchen,232,C013,11400,4
O06280,2022,5,12,recovery,P002,Webcam & Headset Combo,Electronics,505,C013,5700,12
O06496,2022,5,12,recovery,P008,Resistance Bands & Dumbbell Set,Gym Equipment,836,C011,4433,5
O04435,2022,5,13,recovery,P001,Laptop,Electronics,141,C009,69672,8
O00938,2022,5,14,recovery,P001,Laptop,Electronics,45,C013,69672,3
O05866,2022,5,14,recovery,P012,Festive Sarees,Fashion,1469,C003,7600,5
O07461,2022,5,14,recovery,P006,Office Chair (Ergonomic),Home & Kitchen,129,C003,10767,8
O02180,2022,5,15,recovery,P009,Yoga Mat,Gym Equipment,300,C019,1900,15
O02425,2022,5,15,recovery,P013,Hand Sanitizer (Bulk Pack),Groceries & Hygiene,1287,C011,1520,14
O05757,2022,5,15,recovery,P007,Treadmill,Gym Equipment,18,C015,53204,4
O00044,2022,5,16,recovery,P001,Laptop,Electronics,159,C007,69672,5
O03261,2022,5,16,recovery,P003,Smartphone,Electronics,145,C020,27868,2
O04676,2022,5,16,recovery,P007,Treadmill,Gym Equipment,75,C011,53204,8
O07479,2022,5,16,recovery,P013,Hand Sanitizer (Bulk Pack),Groceries & Hygiene,1861,C014,1520,10
O07002,2022,5,20,recovery,P014,Packaged Grocery Staples,Groceries & Hygiene,1461,C010,1013,4
O01326,2022,5,21,recovery,P004,Air Purifier,Home & Kitchen,287,C015,15201,2
O06988,2022,5,21,recovery,P004,Air Purifier,Home & Kitchen,64,C007,15201,3
O00628,2022,5,22,recovery,P011,Casual Loungewear Set,Fashion,3306,C012,1520,1
O05064,2022,5,23,recovery,P006,Office Chair (Ergonomic),Home & Kitchen,162,C001,10767,6
O06030,2022,5,23,recovery,P009,Yoga Mat,Gym Equipment,1449,C020,1900,13
O00933,2022,5,25,recovery,P015,Drawing Tablet (EdTech),Stationery & EdTech,156,C007,9500,5
O03894,2022,5,25,recovery,P006,Office Chair (Ergonomic),Home & Kitchen,119,C019,10767,11
O04966,2022,5,26,recovery,P008,Resistance Bands & Dumbbell Set,Gym Equipment,940,C006,4433,14
O05828,2022,5,26,recovery,P004,Air Purifier,Home & Kitchen,23,C003,15201,3
O06100,2022,5,26,recovery,P008,Resistance Bands & Dumbbell Set,Gym Equipment,1069,C015,4433,8
O06309,2022,5,26,recovery,P010,Men's Formal Shirts,Fashion,1839,C012,2280,3
O07521,2022,5,26,recovery,P004,Air Purifier,Home & Kitchen,258,C003,15201,2
O05626,2022,5,27,recovery,P014,Packaged Grocery Staples,Groceries & Hygiene,2147,C004,1013,1
O07547,2022,5,27,recovery,P001,Laptop,Electronics,116,C003,69672,8
O03330,2022,5,28,recovery,P001,Laptop,Electronics,138,C008,69672,4
O01667,2022,5,29,recovery,P004,Air Purifier,Home & Kitchen,190,C018,15201,4
O04700,2022,5,29,recovery,P004,Air Purifier,Home & Kitchen,236,C003,15201,1
O07889,2022,5,29,recovery,P009,Yoga Mat,Gym Equipment,1125,C007,1900,19
O07914,2022,5,29,recovery,P005,Microwave Oven,Home & Kitchen,200,C019,11400,1
O01957,2022,5,30,recovery,P001,Laptop,Electronics,81,C003,69672,5
O02946,2022,5,30,recovery,P008,Resistance Bands & Dumbbell Set,Gym Equipment,140,C012,4433,5
O03387,2022,5,30,recovery,P009,Yoga Mat,Gym Equipment,1145,C020,1900,10
O03833,2022,5,30,recovery,P013,Hand Sanitizer (Bulk Pack),Groceries & Hygiene,1668,C015,1520,20
O06645,2022,5,30,recovery,P007,Treadmill,Gym Equipment,33,C015,53204,8
O02381,2022,5,31,recovery,P005,Microwave Oven,Home & Kitchen,300,C010,11400,2
O05209,2022,6,1,recovery,P001,Laptop,Electronics,9,C016,69672,2
O05568,2022,6,1,recovery,P009,Yoga Mat,Gym Equipment,537,C004,1900,13
O06451,2022,6,1,recovery,P008,Resistance Bands & Dumbbell Set,Gym Equipment,897,C006,4433,16
O03857,2022,6,2,recovery,P013,Hand Sanitizer (Bulk Pack),Groceries & Hygiene,1637,C005,1520,13
O06304,2022,6,2,recovery,P009,Yoga Mat,Gym Equipment,1187,C006,1900,10
O06791,2022,6,2,recovery,P009,Yoga Mat,Gym Equipment,775,C012,1900,18
O01108,2022,6,3,recovery,P002,Webcam & Headset Combo,Electronics,366,C012,5700,16
O07507,2022,6,3,recovery,P009,Yoga Mat,Gym Equipment,75,C015,1900,20
O07765,2022,6,3,recovery,P015,Drawing Tablet (EdTech),Stationery & EdTech,275,C020,9500,1
O01213,2022,6,4,recovery,P004,Air Purifier,Home & Kitchen,295,C002,15201,5
O01682,2022,6,4,recovery,P006,Office Chair (Ergonomic),Home & Kitchen,38,C007,10767,16
O01833,2022,6,4,recovery,P006,Office Chair (Ergonomic),Home & Kitchen,136,C013,10767,11
O02534,2022,6,4,recovery,P006,Office Chair (Ergonomic),Home & Kitchen,128,C004,10767,15
O01703,2022,6,5,recovery,P011,Casual Loungewear Set,Fashion,3198,C020,1520,5
O05835,2022,6,5,recovery,P004,Air Purifier,Home & Kitchen,20,C011,15201,3
O03597,2022,6,6,recovery,P002,Webcam & Headset Combo,Electronics,105,C015,5700,12
O04113,2022,6,6,recovery,P013,Hand Sanitizer (Bulk Pack),Groceries & Hygiene,1409,C014,1520,15
O05376,2022,6,6,recovery,P013,Hand Sanitizer (Bulk Pack),Groceries & Hygiene,237,C011,1520,5
O07178,2022,6,6,recovery,P011,Casual Loungewear Set,Fashion,574,C014,1520,5
O01553,2022,6,7,recovery,P008,Resistance Bands & Dumbbell Set,Gym Equipment,82,C011,4433,10
O07655,2022,6,9,recovery,P008,Resistance Bands & Dumbbell Set,Gym Equipment,761,C017,4433,8
O02761,2022,6,10,recovery,P013,Hand Sanitizer (Bulk Pack),Groceries & Hygiene,673,C013,1520,13
O02866,2022,6,10,recovery,P012,Festive Sarees,Fashion,258,C001,7600,2
O04383,2022,6,10,recovery,P015,Drawing Tablet (EdTech),Stationery & EdTech,300,C003,9500,3
O05498,2022,6,10,recovery,P014,Packaged Grocery Staples,Groceries & Hygiene,2201,C005,1013,2
O04466,2022,6,11,recovery,P009,Yoga Mat,Gym Equipment,88,C017,1900,20
O06904,2022,6,11,recovery,P011,Casual Loungewear Set,Fashion,817,C014,1520,5
O02282,2022,6,12,recovery,P007,Treadmill,Gym Equipment,59,C009,53204,2
O00106,2022,6,13,recovery,P001,Laptop,Electronics,162,C013,69672,2
O04995,2022,6,13,recovery,P003,Smartphone,Electronics,135,C002,27868,2
O07851,2022,6,13,recovery,P009,Yoga Mat,Gym Equipment,1150,C017,1900,7
O02688,2022,6,14,recovery,P007,Treadmill,Gym Equipment,16,C010,53204,6
O04635,2022,6,15,recovery,P008,Resistance Bands & Dumbbell Set,Gym Equipment,1200,C016,4433,5
O06476,2022,6,15,recovery,P007,Treadmill,Gym Equipment,5,C003,53204,5
O06915,2022,6,15,recovery,P003,Smartphone,Electronics,79,C007,27868,2
O07008,2022,6,15,recovery,P006,Office Chair (Ergonomic),Home & Kitchen,195,C008,10767,16
O01465,2022,6,16,recovery,P013,Hand Sanitizer (Bulk Pack),Groceries & Hygiene,213,C002,1520,18
O04953,2022,6,16,recovery,P008,Resistance Bands & Dumbbell Set,Gym Equipment,970,C011,4433,9
O07390,2022,6,16,recovery,P005,Microwave Oven,Home & Kitchen,283,C012,11400,6
O00524,2022,6,17,recovery,P015,Drawing Tablet (EdTech),Stationery & EdTech,181,C020,9500,5
O06900,2022,6,17,recovery,P006,Office Chair (Ergonomic),Home & Kitchen,134,C002,10767,14
O07252,2022,6,18,recovery,P003,Smartphone,Electronics,382,C018,27868,3
O00749,2022,6,19,recovery,P007,Treadmill,Gym Equipment,28,C010,53204,7
O05330,2022,6,19,recovery,P005,Microwave Oven,Home & Kitchen,40,C012,11400,1
O05522,2022,6,19,recovery,P008,Resistance Bands & Dumbbell Set,Gym Equipment,312,C014,4433,19
O06999,2022,6,19,recovery,P008,Resistance Bands & Dumbbell Set,Gym Equipment,218,C011,4433,14
O07407,2022,6,19,recovery,P012,Festive Sarees,Fashion,441,C010,7600,5
O02996,2022,6,20,recovery,P009,Yoga Mat,Gym Equipment,1225,C002,1900,19
O06446,2022,6,20,recovery,P008,Resistance Bands & Dumbbell Set,Gym Equipment,907,C017,4433,10
O01802,2022,6,21,recovery,P009,Yoga Mat,Gym Equipment,869,C014,1900,20
O01980,2022,6,21,recovery,P013,Hand Sanitizer (Bulk Pack),Groceries & Hygiene,1751,C018,1520,18
O03099,2022,6,21,recovery,P007,Treadmill,Gym Equipment,58,C013,53204,6
O03611,2022,6,22,recovery,P008,Resistance Bands & Dumbbell Set,Gym Equipment,828,C014,4433,19
O06193,2022,6,22,recovery,P001,Laptop,Electronics,40,C015,69672,4
O06754,2022,6,22,recovery,P009,Yoga Mat,Gym Equipment,792,C002,1900,13
O07816,2022,6,23,recovery,P010,Men's Formal Shirts,Fashion,838,C013,2280,6
O02941,2022,6,24,recovery,P013,Hand Sanitizer (Bulk Pack),Groceries & Hygiene,519,C009,1520,10
O00467,2022,6,25,recovery,P012,Festive Sarees,Fashion,1649,C007,7600,3
O02550,2022,6,25,recovery,P005,Microwave Oven,Home & Kitchen,86,C007,11400,2
O02821,2022,6,25,recovery,P013,Hand Sanitizer (Bulk Pack),Groceries & Hygiene,659,C012,1520,13
O03557,2022,6,25,recovery,P008,Resistance Bands & Dumbbell Set,Gym Equipment,862,C020,4433,14
O07454,2022,6,25,recovery,P006,Office Chair (Ergonomic),Home & Kitchen,135,C002,10767,6
O00594,2022,6,26,recovery,P011,Casual Loungewear Set,Fashion,3342,C005,1520,1
O03854,2022,6,26,recovery,P009,Yoga Mat,Gym Equipment,676,C007,1900,10
O06324,2022,6,26,recovery,P002,Webcam & Headset Combo,Electronics,471,C011,5700,12
O02856,2022,6,27,recovery,P010,Men's Formal Shirts,Fashion,1791,C006,2280,4
O00042,2022,6,28,recovery,P008,Resistance Bands & Dumbbell Set,Gym Equipment,1201,C015,4433,19
O03436,2022,6,28,recovery,P003,Smartphone,Electronics,106,C019,27868,2
O06886,2022,6,28,recovery,P008,Resistance Bands & Dumbbell Set,Gym Equipment,312,C008,4433,14
O02577,2022,6,29,recovery,P005,Microwave Oven,Home & Kitchen,78,C008,11400,4
O06006,2022,6,29,recovery,P014,Packaged Grocery Staples,Groceries & Hygiene,1979,C010,1013,3
O07661,2022,7,1,recovery,P015,Drawing Tablet (EdTech),Stationery & EdTech,49,C004,9500,19
O01705,2022,7,2,recovery,P001,Laptop,Electronics,29,C008,69672,2
O03865,2022,7,2,recovery,P009,Yoga Mat,Gym Equipment,646,C017,1900,19
O02737,2022,7,3,recovery,P004,Air Purifier,Home & Kitchen,185,C002,15201,4
O06003,2022,7,3,recovery,P006,Office Chair (Ergonomic),Home & Kitchen,146,C011,10767,16
O05734,2022,7,5,recovery,P008,Resistance Bands & Dumbbell Set,Gym Equipment,153,C005,4433,12
O03214,2022,7,6,recovery,P007,Treadmill,Gym Equipment,34,C004,53204,6
O04262,2022,7,6,recovery,P009,Yoga Mat,Gym Equipment,244,C017,1900,17
O05657,2022,7,6,recovery,P013,Hand Sanitizer (Bulk Pack),Groceries & Hygiene,1961,C006,1520,8
O02206,2022,7,7,recovery,P013,Hand Sanitizer (Bulk Pack),Groceries & Hygiene,1611,C014,1520,7
O02924,2022,7,8,recovery,P015,Drawing Tablet (EdTech),Stationery & EdTech,283,C009,9500,14
O03113,2022,7,8,recovery,P009,Yoga Mat,Gym Equipment,1161,C013,1900,13
O01304,2022,7,9,recovery,P009,Yoga Mat,Gym Equipment,1292,C003,1900,17
O01928,2022,7,9,recovery,P007,Treadmill,Gym Equipment,51,C004,53204,3
O05041,2022,7,9,recovery,P015,Drawing Tablet (EdTech),Stationery & EdTech,28,C008,9500,19
O05834,2022,7,9,recovery,P012,Festive Sarees,Fashion,65,C013,7600,5
O06592,2022,7,10,recovery,P008,Resistance Bands & Dumbbell Set,Gym Equipment,729,C013,4433,14
O03879,2022,7,11,recovery,P007,Treadmill,Gym Equipment,65,C015,53204,6
O05558,2022,7,11,recovery,P004,Air Purifier,Home & Kitchen,81,C011,15201,5
O06027,2022,7,12,recovery,P015,Drawing Tablet (EdTech),Stationery & EdTech,176,C014,9500,20
O02738,2022,7,13,recovery,P007,Treadmill,Gym Equipment,66,C016,53204,5
O03877,2022,7,13,recovery,P012,Festive Sarees,Fashion,1169,C011,7600,1
O05446,2022,7,13,recovery,P008,Resistance Bands & Dumbbell Set,Gym Equipment,409,C016,4433,7
O03250,2022,7,14,recovery,P015,Drawing Tablet (EdTech),Stationery & EdTech,44,C010,9500,11
O04845,2022,7,14,recovery,P009,Yoga Mat,Gym Equipment,1164,C016,1900,15
O05023,2022,7,14,recovery,P015,Drawing Tablet (EdTech),Stationery & EdTech,47,C006,9500,10
O02248,2022,7,15,recovery,P015,Drawing Tablet (EdTech),Stationery & EdTech,144,C001,9500,19
O03577,2022,7,15,recovery,P006,Office Chair (Ergonomic),Home & Kitchen,177,C013,10767,11
O02016,2022,7,16,recovery,P005,Microwave Oven,Home & Kitchen,15,C019,11400,2
O04480,2022,7,17,recovery,P001,Laptop,Electronics,113,C001,69672,2
O07582,2022,7,18,recovery,P015,Drawing Tablet (EdTech),Stationery & EdTech,127,C008,9500,6
O02897,2022,7,19,recovery,P013,Hand Sanitizer (Bulk Pack),Groceries & Hygiene,537,C005,1520,18
O05563,2022,7,19,recovery,P004,Air Purifier,Home & Kitchen,76,C007,15201,5
O06259,2022,7,19,recovery,P009,Yoga Mat,Gym Equipment,1291,C009,1900,7
O00065,2022,7,20,recovery,P005,Microwave Oven,Home & Kitchen,290,C013,11400,2
O06910,2022,7,20,recovery,P014,Packaged Grocery Staples,Groceries & Hygiene,1559,C015,1013,6
O07158,2022,7,20,recovery,P011,Casual Loungewear Set,Fashion,583,C006,1520,3
O01152,2022,7,21,recovery,P007,Treadmill,Gym Equipment,34,C003,53204,6
O04529,2022,7,21,recovery,P008,Resistance Bands & Dumbbell Set,Gym Equipment,134,C014,4433,5
O05362,2022,7,21,recovery,P005,Microwave Oven,Home & Kitchen,228,C012,11400,6
O06115,2022,7,21,recovery,P012,Festive Sarees,Fashion,1257,C010,7600,4
O00292,2022,7,22,recovery,P014,Packaged Grocery Staples,Groceries & Hygiene,3170,C013,1013,1
O03273,2022,7,22,recovery,P015,Drawing Tablet (EdTech),Stationery & EdTech,300,C006,9500,17
O04242,2022,7,22,recovery,P008,Resistance Bands & Dumbbell Set,Gym Equipment,284,C003,4433,13
O00296,2022,7,23,recovery,P010,Men's Formal Shirts,Fashion,2898,C017,2280,3
O00453,2022,7,23,recovery,P015,Drawing Tablet (EdTech),Stationery & EdTech,252,C013,9500,9
O04672,2022,7,23,recovery,P011,Casual Loungewear Set,Fashion,1704,C006,1520,2
O00196,2022,7,24,recovery,P015,Drawing Tablet (EdTech),Stationery & EdTech,122,C014,9500,7
O04685,2022,7,24,recovery,P001,Laptop,Electronics,20,C013,69672,2
O07134,2022,7,24,recovery,P013,Hand Sanitizer (Bulk Pack),Groceries & Hygiene,345,C002,1520,15
O05462,2022,7,25,recovery,P003,Smartphone,Electronics,386,C008,27868,1
O07070,2022,7,25,recovery,P008,Resistance Bands & Dumbbell Set,Gym Equipment,142,C019,4433,7
O04269,2022,7,26,recovery,P002,Webcam & Headset Combo,Electronics,166,C016,5700,6
O00727,2022,7,28,recovery,P008,Resistance Bands & Dumbbell Set,Gym Equipment,775,C016,4433,10
O01149,2022,7,28,recovery,P013,Hand Sanitizer (Bulk Pack),Groceries & Hygiene,505,C017,1520,9
O02983,2022,7,29,recovery,P007,Treadmill,Gym Equipment,17,C002,53204,6
O04388,2022,7,29,recovery,P008,Resistance Bands & Dumbbell Set,Gym Equipment,216,C006,4433,7
O01440,2022,7,31,recovery,P015,Drawing Tablet (EdTech),Stationery & EdTech,237,C009,9500,7
O01628,2022,7,31,recovery,P003,Smartphone,Electronics,84,C015,27868,3
O05155,2022,7,31,recovery,P015,Drawing Tablet (EdTech),Stationery & EdTech,246,C014,9500,11
O00062,2022,8,1,recovery,P001,Laptop,Electronics,171,C019,69672,8
O00652,2022,8,1,recovery,P012,Festive Sarees,Fashion,1518,C002,7600,5
O03388,2022,8,1,recovery,P013,Hand Sanitizer (Bulk Pack),Groceries & Hygiene,222,C016,1520,16
O04768,2022,8,1,recovery,P007,Treadmill,Gym Equipment,57,C020,53204,8
O00416,2022,8,2,recovery,P008,Resistance Bands & Dumbbell Set,Gym Equipment,1026,C003,4433,9
O02182,2022,8,2,recovery,P015,Drawing Tablet (EdTech),Stationery & EdTech,174,C019,9500,12
O06338,2022,8,2,recovery,P004,Air Purifier,Home & Kitchen,212,C010,15201,2
O07115,2022,8,2,recovery,P013,Hand Sanitizer (Bulk Pack),Groceries & Hygiene,363,C006,1520,14
O00031,2022,8,3,recovery,P015,Drawing Tablet (EdTech),Stationery & EdTech,257,C007,9500,17
O01214,2022,8,4,recovery,P002,Webcam & Headset Combo,Electronics,224,C019,5700,6
O02275,2022,8,4,recovery,P002,Webcam & Headset Combo,Electronics,228,C017,5700,16
O03904,2022,8,4,recovery,P011,Casual Loungewear Set,Fashion,2107,C018,1520,3
O06792,2022,8,4,recovery,P007,Treadmill,Gym Equipment,44,C008,53204,5
O00379,2022,8,5,recovery,P009,Yoga Mat,Gym Equipment,2358,C019,1900,20
O01337,2022,8,5,recovery,P003,Smartphone,Electronics,151,C003,27868,3
O04130,2022,8,5,recovery,P009,Yoga Mat,Gym Equipment,441,C020,1900,13
O02420,2022,8,6,recovery,P008,Resistance Bands & Dumbbell Set,Gym Equipment,666,C001,4433,13
O05404,2022,8,6,recovery,P001,Laptop,Electronics,78,C009,69672,2
O07707,2022,8,6,recovery,P015,Drawing Tablet (EdTech),Stationery & EdTech,300,C012,9500,11
O07950,2022,8,6,recovery,P008,Resistance Bands & Dumbbell Set,Gym Equipment,352,C007,4433,9
O04518,2022,8,7,recovery,P008,Resistance Bands & Dumbbell Set,Gym Equipment,155,C020,4433,18
O00521,2022,8,8,recovery,P006,Office Chair (Ergonomic),Home & Kitchen,53,C003,10767,18
O00565,2022,8,8,recovery,P011,Casual Loungewear Set,Fashion,3392,C016,1520,1
O03324,2022,8,8,recovery,P003,Smartphone,Electronics,129,C020,27868,3
O00834,2022,8,9,recovery,P012,Festive Sarees,Fashion,1440,C001,7600,5
O07813,2022,8,9,recovery,P001,Laptop,Electronics,31,C009,69672,6
O06625,2022,8,10,recovery,P003,Smartphone,Electronics,155,C018,27868,3
O07611,2022,8,10,recovery,P009,Yoga Mat,Gym Equipment,1462,C012,1900,5
O01528,2022,8,11,recovery,P002,Webcam & Headset Combo,Electronics,511,C007,5700,10
O04503,2022,8,11,recovery,P013,Hand Sanitizer (Bulk Pack),Groceries & Hygiene,888,C003,1520,10
O05721,2022,8,11,recovery,P002,Webcam & Headset Combo,Electronics,450,C002,5700,10
O07471,2022,8,11,recovery,P015,Drawing Tablet (EdTech),Stationery & EdTech,246,C006,9500,20
O01787,2022,8,12,recovery,P004,Air Purifier,Home & Kitchen,148,C008,15201,6
O05186,2022,8,12,recovery,P013,Hand Sanitizer (Bulk Pack),Groceries & Hygiene,415,C006,1520,8
O07443,2022,8,12,recovery,P010,Men's Formal Shirts,Fashion,1126,C014,2280,3
O02329,2022,8,13,recovery,P002,Webcam & Headset Combo,Electronics,198,C014,5700,17
O01741,2022,8,14,recovery,P002,Webcam & Headset Combo,Electronics,302,C013,5700,14
O06575,2022,8,14,recovery,P007,Treadmill,Gym Equipment,65,C005,53204,5
O01750,2022,8,15,recovery,P003,Smartphone,Electronics,51,C006,27868,1
O05894,2022,8,15,recovery,P008,Resistance Bands & Dumbbell Set,Gym Equipment,1189,C001,4433,5
O04908,2022,8,16,recovery,P001,Laptop,Electronics,76,C001,69672,7
O07941,2022,8,16,recovery,P010,Men's Formal Shirts,Fashion,750,C006,2280,6
O06747,2022,8,17,recovery,P009,Yoga Mat,Gym Equipment,821,C004,1900,20
O01089,2022,8,18,recovery,P002,Webcam & Headset Combo,Electronics,373,C013,5700,7
O03954,2022,8,18,recovery,P015,Drawing Tablet (EdTech),Stationery & EdTech,73,C018,9500,10
O05510,2022,8,18,recovery,P001,Laptop,Electronics,23,C017,69672,4
O06358,2022,8,18,recovery,P014,Packaged Grocery Staples,Groceries & Hygiene,1816,C009,1013,1
O04742,2022,8,19,recovery,P001,Laptop,Electronics,143,C015,69672,4
O05508,2022,8,19,recovery,P008,Resistance Bands & Dumbbell Set,Gym Equipment,330,C007,4433,13
O07691,2022,8,19,recovery,P013,Hand Sanitizer (Bulk Pack),Groceries & Hygiene,1694,C003,1520,16
O03061,2022,8,20,recovery,P002,Webcam & Headset Combo,Electronics,587,C004,5700,8
O07072,2022,8,20,recovery,P001,Laptop,Electronics,82,C002,69672,6
O07527,2022,8,20,recovery,P012,Festive Sarees,Fashion,352,C019,7600,4
O01828,2022,8,21,recovery,P014,Packaged Grocery Staples,Groceries & Hygiene,3122,C006,1013,2
O03485,2022,8,21,recovery,P002,Webcam & Headset Combo,Electronics,186,C001,5700,5
O03793,2022,8,21,recovery,P009,Yoga Mat,Gym Equipment,769,C001,1900,12
O07734,2022,8,21,recovery,P006,Office Chair (Ergonomic),Home & Kitchen,193,C013,10767,16
O05068,2022,8,22,recovery,P010,Men's Formal Shirts,Fashion,663,C004,2280,5
O06066,2022,8,22,recovery,P004,Air Purifier,Home & Kitchen,269,C019,15201,1
O06967,2022,8,22,recovery,P010,Men's Formal Shirts,Fashion,1346,C003,2280,3
O07554,2022,8,22,recovery,P011,Casual Loungewear Set,Fashion,401,C007,1520,2
O04698,2022,8,23,recovery,P008,Resistance Bands & Dumbbell Set,Gym Equipment,1167,C015,4433,10
O05998,2022,8,23,recovery,P010,Men's Formal Shirts,Fashion,147,C011,2280,4
O05149,2022,8,24,recovery,P004,Air Purifier,Home & Kitchen,153,C001,15201,2
O06651,2022,8,24,recovery,P007,Treadmill,Gym Equipment,18,C007,53204,6
O01695,2022,8,25,recovery,P008,Resistance Bands & Dumbbell Set,Gym Equipment,1182,C011,4433,19
O06010,2022,8,25,recovery,P008,Resistance Bands & Dumbbell Set,Gym Equipment,1099,C008,4433,9
O07236,2022,8,25,recovery,P001,Laptop,Electronics,38,C020,69672,4
O05931,2022,8,26,recovery,P014,Packaged Grocery Staples,Groceries & Hygiene,2001,C013,1013,1
O07366,2022,8,26,recovery,P009,Yoga Mat,Gym Equipment,205,C013,1900,16
O07948,2022,8,26,recovery,P009,Yoga Mat,Gym Equipment,933,C004,1900,14
O05445,2022,8,27,recovery,P015,Drawing Tablet (EdTech),Stationery & EdTech,64,C012,9500,10
O05464,2022,8,27,recovery,P008,Resistance Bands & Dumbbell Set,Gym Equipment,402,C002,4433,5
O06945,2022,8,27,recovery,P001,Laptop,Electronics,98,C001,69672,3
O01836,2022,8,29,recovery,P006,Office Chair (Ergonomic),Home & Kitchen,125,C016,10767,7
O02879,2022,8,29,recovery,P009,Yoga Mat,Gym Equipment,1286,C007,1900,13
O00671,2022,8,30,recovery,P002,Webcam & Headset Combo,Electronics,110,C020,5700,9
O01206,2022,8,30,recovery,P015,Drawing Tablet (EdTech),Stationery & EdTech,63,C019,9500,10
O03633,2022,8,30,recovery,P008,Resistance Bands & Dumbbell Set,Gym Equipment,809,C009,4433,12
O01476,2022,8,31,recovery,P002,Webcam & Headset Combo,Electronics,560,C008,5700,12
O04567,2022,9,1,recovery,P009,Yoga Mat,Gym Equipment,1379,C019,1900,16
O01856,2022,9,2,recovery,P002,Webcam & Headset Combo,Electronics,595,C003,5700,19
O02460,2022,9,3,recovery,P006,Office Chair (Ergonomic),Home & Kitchen,150,C014,10767,10
O05701,2022,9,3,recovery,P008,Resistance Bands & Dumbbell Set,Gym Equipment,179,C006,4433,7
O05980,2022,9,3,recovery,P005,Microwave Oven,Home & Kitchen,169,C009,11400,4
O06188,2022,9,3,recovery,P001,Laptop,Electronics,49,C008,69672,2
O02087,2022,9,4,recovery,P005,Microwave Oven,Home & Kitchen,231,C009,11400,6
O01479,2022,9,6,recovery,P014,Packaged Grocery Staples,Groceries & Hygiene,3029,C019,1013,5
O03829,2022,9,6,recovery,P003,Smartphone,Electronics,400,C016,27868,2
O06961,2022,9,7,recovery,P005,Microwave Oven,Home & Kitchen,38,C002,11400,2
O07177,2022,9,7,recovery,P002,Webcam & Headset Combo,Electronics,414,C008,5700,14
O00776,2022,9,8,recovery,P002,Webcam & Headset Combo,Electronics,573,C013,5700,6
O06890,2022,9,8,recovery,P008,Resistance Bands & Dumbbell Set,Gym Equipment,298,C007,4433,20
O07869,2022,9,8,recovery,P008,Resistance Bands & Dumbbell Set,Gym Equipment,441,C002,4433,18
O00177,2022,9,9,recovery,P002,Webcam & Headset Combo,Electronics,565,C002,5700,18
O04577,2022,9,9,recovery,P002,Webcam & Headset Combo,Electronics,412,C004,5700,19
O00271,2022,9,10,recovery,P013,Hand Sanitizer (Bulk Pack),Groceries & Hygiene,1354,C004,1520,17
O00657,2022,9,10,recovery,P006,Office Chair (Ergonomic),Home & Kitchen,192,C006,10767,6
O04230,2022,9,10,recovery,P002,Webcam & Headset Combo,Electronics,229,C015,5700,18
O05366,2022,9,10,recovery,P007,Treadmill,Gym Equipment,23,C020,53204,4
O00333,2022,9,12,recovery,P002,Webcam & Headset Combo,Electronics,479,C018,5700,16
O01085,2022,9,12,recovery,P003,Smartphone,Electronics,228,C014,27868,1
O02841,2022,9,12,recovery,P008,Resistance Bands & Dumbbell Set,Gym Equipment,270,C018,4433,12
O02228,2022,9,13,recovery,P010,Men's Formal Shirts,Fashion,2138,C013,2280,4
O02758,2022,9,13,recovery,P008,Resistance Bands & Dumbbell Set,Gym Equipment,417,C015,4433,19
O03472,2022,9,13,recovery,P002,Webcam & Headset Combo,Electronics,204,C004,5700,18
O04524,2022,9,15,recovery,P013,Hand Sanitizer (Bulk Pack),Groceries & Hygiene,876,C012,1520,20
O05533,2022,9,15,recovery,P001,Laptop,Electronics,146,C007,69672,6
O05561,2022,9,15,recovery,P014,Packaged Grocery Staples,Groceries & Hygiene,2168,C004,1013,6
O05886,2022,9,15,recovery,P008,Resistance Bands & Dumbbell Set,Gym Equipment,1200,C017,4433,11
O07254,2022,9,15,recovery,P009,Yoga Mat,Gym Equipment,329,C008,1900,20
O01852,2022,9,17,recovery,P008,Resistance Bands & Dumbbell Set,Gym Equipment,1184,C013,4433,5
O03820,2022,9,17,recovery,P008,Resistance Bands & Dumbbell Set,Gym Equipment,666,C010,4433,14
O03963,2022,9,18,recovery,P009,Yoga Mat,Gym Equipment,590,C011,1900,5
O04836,2022,9,18,recovery,P003,Smartphone,Electronics,164,C006,27868,2
O04950,2022,9,18,recovery,P005,Microwave Oven,Home & Kitchen,296,C008,11400,6
O07672,2022,9,19,recovery,P006,Office Chair (Ergonomic),Home & Kitchen,17,C018,10767,17
O00309,2022,9,20,recovery,P001,Laptop,Electronics,128,C009,69672,4
O01820,2022,9,20,recovery,P001,Laptop,Electronics,120,C013,69672,4
O07945,2022,9,20,recovery,P008,Resistance Bands & Dumbbell Set,Gym Equipment,369,C018,4433,17
O01351,2022,9,21,recovery,P007,Treadmill,Gym Equipment,75,C019,53204,8
O03290,2022,9,21,recovery,P015,Drawing Tablet (EdTech),Stationery & EdTech,269,C019,9500,2
O04185,2022,9,21,recovery,P013,Hand Sanitizer (Bulk Pack),Groceries & Hygiene,1327,C019,1520,9
O04491,2022,9,21,recovery,P008,Resistance Bands & Dumbbell Set,Gym Equipment,169,C003,4433,9
O06819,2022,9,21,recovery,P011,Casual Loungewear Set,Fashion,875,C012,1520,5
O07919,2022,9,21,recovery,P006,Office Chair (Ergonomic),Home & Kitchen,40,C007,10767,16
O01646,2022,9,23,recovery,P003,Smartphone,Electronics,73,C004,27868,3
O04942,2022,9,23,recovery,P009,Yoga Mat,Gym Equipment,1061,C003,1900,19
O01331,2022,9,24,recovery,P006,Office Chair (Ergonomic),Home & Kitchen,145,C016,10767,7
O02323,2022,9,24,recovery,P008,Resistance Bands & Dumbbell Set,Gym Equipment,736,C007,4433,8
O03256,2022,9,25,recovery,P012,Festive Sarees,Fashion,1437,C004,7600,1
O05507,2022,9,25,recovery,P004,Air Purifier,Home & Kitchen,104,C011,15201,4
O07794,2022,9,25,recovery,P008,Resistance Bands & Dumbbell Set,Gym Equipment,550,C005,4433,8
O00128,2022,9,26,recovery,P001,Laptop,Electronics,182,C006,69672,2
O01400,2022,9,26,recovery,P002,Webcam & Headset Combo,Electronics,82,C009,5700,11
O03845,2022,9,26,recovery,P006,Office Chair (Ergonomic),Home & Kitchen,126,C003,10767,5
O03955,2022,9,26,recovery,P011,Casual Loungewear Set,Fashion,2095,C018,1520,6
O03887,2022,9,27,recovery,P009,Yoga Mat,Gym Equipment,623,C005,1900,9
O04753,2022,9,27,recovery,P013,Hand Sanitizer (Bulk Pack),Groceries & Hygiene,710,C013,1520,16
O05595,2022,9,27,recovery,P002,Webcam & Headset Combo,Electronics,517,C002,5700,18
O06388,2022,9,27,recovery,P001,Laptop,Electronics,101,C018,69672,2
O07755,2022,9,27,recovery,P011,Casual Loungewear Set,Fashion,266,C010,1520,1
O00997,2022,9,28,recovery,P003,Smartphone,Electronics,248,C013,27868,2
O01422,2022,9,28,recovery,P006,Office Chair (Ergonomic),Home & Kitchen,100,C020,10767,5
O02401,2022,9,28,recovery,P002,Webcam & Headset Combo,Electronics,90,C005,5700,14
O06849,2022,9,28,recovery,P007,Treadmill,Gym Equipment,28,C012,53204,4
O07531,2022,9,28,recovery,P001,Laptop,Electronics,137,C001,69672,6
O04020,2022,9,29,recovery,P010,Men's Formal Shirts,Fashion,1239,C014,2280,5
O04568,2022,9,30,recovery,P011,Casual Loungewear Set,Fashion,1810,C002,1520,5
O01313,2022,10,1,recovery,P005,Microwave Oven,Home & Kitchen,343,C010,11400,5
O04415,2022,10,1,recovery,P003,Smartphone,Electronics,290,C013,27868,3
O03048,2022,10,2,recovery,P010,Men's Formal Shirts,Fashion,1706,C005,2280,15
O03812,2022,10,2,recovery,P013,Hand Sanitizer (Bulk Pack),Groceries & Hygiene,1684,C005,1520,16
O04398,2022,10,2,recovery,P013,Hand Sanitizer (Bulk Pack),Groceries & Hygiene,1098,C001,1520,17
O05051,2022,10,2,recovery,P008,Resistance Bands & Dumbbell Set,Gym Equipment,809,C006,4433,15
O05842,2022,10,2,recovery,P005,Microwave Oven,Home & Kitchen,244,C005,11400,1
O07753,2022,10,2,recovery,P006,Office Chair (Ergonomic),Home & Kitchen,168,C003,10767,8
O00335,2022,10,3,recovery,P009,Yoga Mat,Gym Equipment,2371,C014,1900,8
O03737,2022,10,3,recovery,P001,Laptop,Electronics,107,C019,69672,8
O06108,2022,10,3,recovery,P007,Treadmill,Gym Equipment,20,C014,53204,2
O07891,2022,10,3,recovery,P011,Casual Loungewear Set,Fashion,217,C015,1520,1
O03896,2022,10,5,recovery,P001,Laptop,Electronics,23,C016,69672,2
O00342,2022,10,6,recovery,P006,Office Chair (Ergonomic),Home & Kitchen,159,C011,10767,15
O01069,2022,10,6,recovery,P008,Resistance Bands & Dumbbell Set,Gym Equipment,473,C017,4433,13
O03195,2022,10,7,recovery,P012,Festive Sarees,Fashion,1500,C009,7600,5
O03480,2022,10,7,recovery,P010,Men's Formal Shirts,Fashion,1502,C017,2280,20
O07432,2022,10,7,recovery,P013,Hand Sanitizer (Bulk Pack),Groceries & Hygiene,1922,C019,1520,13
O03667,2022,10,9,recovery,P006,Office Chair (Ergonomic),Home & Kitchen,95,C017,10767,15
O07489,2022,10,9,recovery,P007,Treadmill,Gym Equipment,64,C012,53204,8
O01549,2022,10,10,recovery,P010,Men's Formal Shirts,Fashion,2548,C007,2280,12
O02213,2022,10,10,recovery,P009,Yoga Mat,Gym Equipment,270,C008,1900,18
O01121,2022,10,11,recovery,P013,Hand Sanitizer (Bulk Pack),Groceries & Hygiene,547,C011,1520,8
O02379,2022,10,11,recovery,P012,Festive Sarees,Fashion,585,C003,7600,6
O02537,2022,10,12,recovery,P008,Resistance Bands & Dumbbell Set,Gym Equipment,583,C013,4433,10
O01037,2022,10,14,recovery,P001,Laptop,Electronics,145,C009,69672,8
O04471,2022,10,14,recovery,P009,Yoga Mat,Gym Equipment,64,C008,1900,17
O00531,2022,10,15,recovery,P013,Hand Sanitizer (Bulk Pack),Groceries & Hygiene,1265,C002,1520,18
O01011,2022,10,16,recovery,P006,Office Chair (Ergonomic),Home & Kitchen,179,C015,10767,12
O04703,2022,10,16,recovery,P009,Yoga Mat,Gym Equipment,1304,C010,1900,18
O07191,2022,10,16,recovery,P008,Resistance Bands & Dumbbell Set,Gym Equipment,1146,C012,4433,15
O01763,2022,10,17,recovery,P008,Resistance Bands & Dumbbell Set,Gym Equipment,1237,C011,4433,19
O03018,2022,10,17,recovery,P006,Office Chair (Ergonomic),Home & Kitchen,112,C007,10767,10
O05858,2022,10,17,recovery,P002,Webcam & Headset Combo,Electronics,294,C013,5700,20
O06121,2022,10,17,recovery,P002,Webcam & Headset Combo,Electronics,600,C015,5700,5
O07449,2022,10,17,recovery,P008,Resistance Bands & Dumbbell Set,Gym Equipment,985,C002,4433,20
O05375,2022,10,18,recovery,P007,Treadmill,Gym Equipment,18,C012,53204,6
O01932,2022,10,19,recovery,P002,Webcam & Headset Combo,Electronics,535,C015,5700,10
O03429,2022,10,19,recovery,P010,Men's Formal Shirts,Fashion,1519,C017,2280,10
O03806,2022,10,19,recovery,P008,Resistance Bands & Dumbbell Set,Gym Equipment,684,C002,4433,17
O00129,2022,10,20,recovery,P011,Casual Loungewear Set,Fashion,3556,C012,1520,2
O02226,2022,10,20,recovery,P014,Packaged Grocery Staples,Groceries & Hygiene,3051,C003,1013,5
O02642,2022,10,20,recovery,P001,Laptop,Electronics,105,C003,69672,6
O04320,2022,10,20,recovery,P011,Casual Loungewear Set,Fashion,1853,C007,1520,2
O00230,2022,10,21,recovery,P010,Men's Formal Shirts,Fashion,2938,C012,2280,15
O00604,2022,10,21,recovery,P008,Resistance Bands & Dumbbell Set,Gym Equipment,969,C019,4433,7
O01392,2022,10,21,recovery,P009,Yoga Mat,Gym Equipment,1148,C019,1900,7
O03554,2022,10,21,recovery,P008,Resistance Bands & Dumbbell Set,Gym Equipment,867,C004,4433,5
O01171,2022,10,22,recovery,P002,Webcam & Headset Combo,Electronics,304,C001,5700,8
O01378,2022,10,22,recovery,P009,Yoga Mat,Gym Equipment,1201,C006,1900,6
O07537,2022,10,22,recovery,P010,Men's Formal Shirts,Fashion,997,C001,2280,18
O02426,2022,10,23,recovery,P006,Office Chair (Ergonomic),Home & Kitchen,171,C001,10767,18
O01784,2022,10,24,recovery,P014,Packaged Grocery Staples,Groceries & Hygiene,3153,C011,1013,3
O06846,2022,10,24,recovery,P004,Air Purifier,Home & Kitchen,128,C007,15201,6
O00198,2022,10,25,recovery,P009,Yoga Mat,Gym Equipment,2508,C017,1900,13
O00790,2022,10,25,recovery,P013,Hand Sanitizer (Bulk Pack),Groceries & Hygiene,760,C005,1520,15
O03307,2022,10,25,recovery,P007,Treadmill,Gym Equipment,71,C009,53204,3
O03938,2022,10,25,recovery,P013,Hand Sanitizer (Bulk Pack),Groceries & Hygiene,1608,C001,1520,11
O06187,2022,10,25,recovery,P012,Festive Sarees,Fashion,1216,C008,7600,13
O07201,2022,10,25,recovery,P015,Drawing Tablet (EdTech),Stationery & EdTech,159,C017,9500,4
O07496,2022,10,25,recovery,P010,Men's Formal Shirts,Fashion,1065,C003,2280,17
O00166,2022,10,26,recovery,P013,Hand Sanitizer (Bulk Pack),Groceries & Hygiene,1463,C008,1520,13
O03976,2022,10,26,recovery,P011,Casual Loungewear Set,Fashion,2056,C016,1520,3
O05762,2022,10,26,recovery,P010,Men's Formal Shirts,Fashion,299,C009,2280,7
O00320,2022,10,27,recovery,P009,Yoga Mat,Gym Equipment,2384,C010,1900,13
O02318,2022,10,27,recovery,P013,Hand Sanitizer (Bulk Pack),Groceries & Hygiene,1410,C016,1520,16
O07674,2022,10,27,recovery,P012,Festive Sarees,Fashion,238,C015,7600,19
O02266,2022,10,28,recovery,P009,Yoga Mat,Gym Equipment,169,C005,1900,8
O03516,2022,10,28,recovery,P009,Yoga Mat,Gym Equipment,1026,C007,1900,10
O03562,2022,10,28,recovery,P009,Yoga Mat,Gym Equipment,1009,C014,1900,17
O00395,2022,10,29,recovery,P015,Drawing Tablet (EdTech),Stationery & EdTech,273,C012,9500,1
O06152,2022,10,29,recovery,P012,Festive Sarees,Fashion,1243,C015,7600,18
O07483,2022,10,29,recovery,P001,Laptop,Electronics,150,C012,69672,5
O05088,2022,10,30,recovery,P009,Yoga Mat,Gym Equipment,951,C012,1900,20
O06254,2022,10,30,recovery,P004,Air Purifier,Home & Kitchen,233,C005,15201,3
O07586,2022,10,30,recovery,P006,Office Chair (Ergonomic),Home & Kitchen,97,C007,10767,9
O03588,2022,10,31,recovery,P010,Men's Formal Shirts,Fashion,1434,C001,2280,14
O04555,2022,10,31,recovery,P010,Men's Formal Shirts,Fashion,1024,C008,2280,16
O04024,2022,11,1,recovery,P007,Treadmill,Gym Equipment,4,C016,53204,2
O04914,2022,11,2,recovery,P006,Office Chair (Ergonomic),Home & Kitchen,100,C003,10767,12
O07429,2022,11,2,recovery,P010,Men's Formal Shirts,Fashion,1146,C004,2280,20
O00245,2022,11,3,recovery,P009,Yoga Mat,Gym Equipment,2471,C015,1900,20
O03327,2022,11,3,recovery,P005,Microwave Oven,Home & Kitchen,142,C005,11400,6
O06906,2022,11,3,recovery,P013,Hand Sanitizer (Bulk Pack),Groceries & Hygiene,604,C006,1520,18
O00204,2022,11,4,recovery,P013,Hand Sanitizer (Bulk Pack),Groceries & Hygiene,1385,C005,1520,20
O03700,2022,11,4,recovery,P010,Men's Formal Shirts,Fashion,1395,C016,2280,11
O00632,2022,11,5,recovery,P002,Webcam & Headset Combo,Electronics,144,C003,5700,15
O00754,2022,11,5,recovery,P009,Yoga Mat,Gym Equipment,1812,C010,1900,19
O04574,2022,11,5,recovery,P015,Drawing Tablet (EdTech),Stationery & EdTech,160,C014,9500,1
O06502,2022,11,5,recovery,P009,Yoga Mat,Gym Equipment,1002,C013,1900,7
O03162,2022,11,6,recovery,P007,Treadmill,Gym Equipment,41,C012,53204,7
O04968,2022,11,6,recovery,P010,Men's Formal Shirts,Fashion,779,C002,2280,14
O01145,2022,11,7,recovery,P011,Casual Loungewear Set,Fashion,2941,C014,1520,1
O02995,2022,11,7,recovery,P008,Resistance Bands & Dumbbell Set,Gym Equipment,122,C013,4433,9
O04721,2022,11,7,recovery,P003,Smartphone,Electronics,199,C009,27868,1
O05024,2022,11,7,recovery,P006,Office Chair (Ergonomic),Home & Kitchen,194,C010,10767,16
O07730,2022,11,7,recovery,P008,Resistance Bands & Dumbbell Set,Gym Equipment,668,C018,4433,13
O00797,2022,11,8,recovery,P009,Yoga Mat,Gym Equipment,1782,C010,1900,19
O04814,2022,11,8,recovery,P002,Webcam & Headset Combo,Electronics,186,C008,5700,17
O05284,2022,11,8,recovery,P005,Microwave Oven,Home & Kitchen,62,C015,11400,5
O05861,2022,11,8,recovery,P012,Festive Sarees,Fashion,1493,C006,7600,20
O06375,2022,11,8,recovery,P006,Office Chair (Ergonomic),Home & Kitchen,20,C006,10767,11
O03335,2022,11,9,recovery,P015,Drawing Tablet (EdTech),Stationery & EdTech,208,C016,9500,2
O02972,2022,11,10,recovery,P008,Resistance Bands & Dumbbell Set,Gym Equipment,135,C015,4433,5
O03518,2022,11,11,recovery,P010,Men's Formal Shirts,Fashion,1458,C004,2280,12
O03639,2022,11,11,recovery,P009,Yoga Mat,Gym Equipment,961,C010,1900,10
O03925,2022,11,11,recovery,P009,Yoga Mat,Gym Equipment,614,C014,1900,9
O06605,2022,11,11,recovery,P008,Resistance Bands & Dumbbell Set,Gym Equipment,713,C001,4433,19
O02733,2022,11,13,recovery,P008,Resistance Bands & Dumbbell Set,Gym Equipment,461,C008,4433,7
O04717,2022,11,13,recovery,P012,Festive Sarees,Fashion,785,C003,7600,17
O06493,2022,11,13,recovery,P014,Packaged Grocery Staples,Groceries & Hygiene,1761,C010,1013,5
O00136,2022,11,14,recovery,P012,Festive Sarees,Fashion,1861,C004,7600,13
O05026,2022,11,14,recovery,P012,Festive Sarees,Fashion,575,C002,7600,9
O05512,2022,11,14,recovery,P009,Yoga Mat,Gym Equipment,600,C006,1900,10
O07893,2022,11,14,recovery,P008,Resistance Bands & Dumbbell Set,Gym Equipment,421,C014,4433,16
O01956,2022,11,15,recovery,P001,Laptop,Electronics,88,C006,69672,7
O02021,2022,11,15,recovery,P006,Office Chair (Ergonomic),Home & Kitchen,85,C001,10767,19
O04481,2022,11,16,recovery,P002,Webcam & Headset Combo,Electronics,476,C009,5700,18
O06414,2022,11,17,recovery,P007,Treadmill,Gym Equipment,25,C001,53204,8
O07176,2022,11,17,recovery,P009,Yoga Mat,Gym Equipment,408,C016,1900,11
O07520,2022,11,17,recovery,P012,Festive Sarees,Fashion,366,C003,7600,9
O01772,2022,11,18,recovery,P008,Resistance Bands & Dumbbell Set,Gym Equipment,1215,C007,4433,10
O07311,2022,11,18,recovery,P007,Treadmill,Gym Equipment,31,C010,53204,2
O07627,2022,11,18,recovery,P005,Microwave Oven,Home & Kitchen,92,C009,11400,1
O01354,2022,11,19,recovery,P002,Webcam & Headset Combo,Electronics,158,C011,5700,6
O05043,2022,11,19,recovery,P008,Resistance Bands & Dumbbell Set,Gym Equipment,825,C011,4433,16
O07618,2022,11,19,recovery,P007,Treadmill,Gym Equipment,16,C007,53204,8
O01948,2022,11,20,recovery,P008,Resistance Bands & Dumbbell Set,Gym Equipment,1095,C014,4433,8
O06703,2022,11,20,recovery,P005,Microwave Oven,Home & Kitchen,210,C018,11400,4
O00426,2022,11,21,recovery,P002,Webcam & Headset Combo,Electronics,300,C013,5700,18
O00946,2022,11,21,recovery,P004,Air Purifier,Home & Kitchen,64,C017,15201,2
O01017,2022,11,21,recovery,P007,Treadmill,Gym Equipment,11,C017,53204,7
O00950,2022,11,22,recovery,P006,Office Chair (Ergonomic),Home & Kitchen,32,C010,10767,19
O04146,2022,11,22,recovery,P001,Laptop,Electronics,77,C007,69672,2
O06049,2022,11,22,recovery,P013,Hand Sanitizer (Bulk Pack),Groceries & Hygiene,1392,C010,1520,16
O01261,2022,11,23,recovery,P002,Webcam & Headset Combo,Electronics,200,C001,5700,14
O01944,2022,11,23,recovery,P012,Festive Sarees,Fashion,822,C020,7600,16
O04178,2022,11,23,recovery,P007,Treadmill,Gym Equipment,30,C014,53204,8
O07103,2022,11,23,recovery,P007,Treadmill,Gym Equipment,17,C009,53204,4
O05881,2022,11,25,recovery,P004,Air Purifier,Home & Kitchen,300,C011,15201,4
O06851,2022,11,25,recovery,P013,Hand Sanitizer (Bulk Pack),Groceries & Hygiene,677,C017,1520,11
O01164,2022,11,26,recovery,P015,Drawing Tablet (EdTech),Stationery & EdTech,93,C019,9500,1
O00404,2022,11,27,recovery,P002,Webcam & Headset Combo,Electronics,373,C014,5700,18
O01102,2022,11,27,recovery,P007,Treadmill,Gym Equipment,59,C014,53204,5
O04794,2022,11,27,recovery,P001,Laptop,Electronics,131,C020,69672,7
O00879,2022,11,28,recovery,P001,Laptop,Electronics,97,C019,69672,7
O05961,2022,11,28,recovery,P008,Resistance Bands & Dumbbell Set,Gym Equipment,1126,C011,4433,15
O06069,2022,11,28,recovery,P001,Laptop,Electronics,91,C011,69672,7
O04671,2022,11,29,recovery,P014,Packaged Grocery Staples,Groceries & Hygiene,2555,C015,1013,3
O06808,2022,11,29,recovery,P008,Resistance Bands & Dumbbell Set,Gym Equipment,442,C019,4433,16
O04301,2022,11,30,recovery,P014,Packaged Grocery Staples,Groceries & Hygiene,2678,C006,1013,6
O05369,2022,11,30,recovery,P010,Men's Formal Shirts,Fashion,523,C013,2280,19
O07147,2022,11,30,recovery,P006,Office Chair (Ergonomic),Home & Kitchen,155,C016,10767,7
O02313,2022,12,1,recovery,P010,Men's Formal Shirts,Fashion,2094,C015,2280,15
O01111,2022,12,3,recovery,P007,Treadmill,Gym Equipment,52,C005,53204,8
O02795,2022,12,3,recovery,P008,Resistance Bands & Dumbbell Set,Gym Equipment,306,C002,4433,6
O00202,2022,12,4,recovery,P007,Treadmill,Gym Equipment,34,C013,53204,5
O01336,2022,12,4,recovery,P004,Air Purifier,Home & Kitchen,285,C002,15201,4
O01737,2022,12,4,recovery,P008,Resistance Bands & Dumbbell Set,Gym Equipment,1278,C018,4433,18
O00690,2022,12,7,recovery,P010,Men's Formal Shirts,Fashion,2962,C005,2280,12
O01975,2022,12,7,recovery,P001,Laptop,Electronics,69,C002,69672,7
O02876,2022,12,7,recovery,P008,Resistance Bands & Dumbbell Set,Gym Equipment,221,C003,4433,16
O07237,2022,12,7,recovery,P012,Festive Sarees,Fashion,629,C010,7600,11
O00441,2022,12,8,recovery,P010,Men's Formal Shirts,Fashion,3100,C019,2280,10
O02164,2022,12,8,recovery,P004,Air Purifier,Home & Kitchen,38,C012,15201,3
O07058,2022,12,8,recovery,P014,Packaged Grocery Staples,Groceries & Hygiene,1455,C003,1013,1
O05399,2022,12,9,recovery,P007,Treadmill,Gym Equipment,11,C015,53204,8
O05811,2022,12,9,recovery,P010,Men's Formal Shirts,Fashion,239,C002,2280,19
O02417,2022,12,10,recovery,P009,Yoga Mat,Gym Equipment,106,C007,1900,7
O05726,2022,12,10,recovery,P008,Resistance Bands & Dumbbell Set,Gym Equipment,167,C010,4433,14
O01433,2022,12,11,recovery,P007,Treadmill,Gym Equipment,38,C018,53204,6
O02145,2022,12,11,recovery,P003,Smartphone,Electronics,402,C016,27868,3
O04201,2022,12,11,recovery,P009,Yoga Mat,Gym Equipment,283,C011,1900,5
O04693,2022,12,11,recovery,P012,Festive Sarees,Fashion,802,C019,7600,7
O00520,2022,12,12,recovery,P013,Hand Sanitizer (Bulk Pack),Groceries & Hygiene,1271,C012,1520,6
O03884,2022,12,12,recovery,P008,Resistance Bands & Dumbbell Set,Gym Equipment,544,C012,4433,5
O07600,2022,12,12,recovery,P003,Smartphone,Electronics,290,C004,27868,3
O04313,2022,12,13,recovery,P015,Drawing Tablet (EdTech),Stationery & EdTech,40,C012,9500,1
O06145,2022,12,13,recovery,P005,Microwave Oven,Home & Kitchen,139,C018,11400,1
O06929,2022,12,14,recovery,P003,Smartphone,Electronics,77,C020,27868,1
O04965,2022,12,15,recovery,P008,Resistance Bands & Dumbbell Set,Gym Equipment,946,C005,4433,6
O05435,2022,12,15,recovery,P001,Laptop,Electronics,56,C020,69672,2
O01548,2022,12,16,recovery,P011,Casual Loungewear Set,Fashion,3236,C011,1520,1
O03227,2022,12,16,recovery,P009,Yoga Mat,Gym Equipment,1232,C015,1900,9
O05587,2022,12,19,recovery,P015,Drawing Tablet (EdTech),Stationery & EdTech,244,C011,9500,4
O03825,2022,12,20,recovery,P007,Treadmill,Gym Equipment,6,C005,53204,6
O06180,2022,12,20,recovery,P004,Air Purifier,Home & Kitchen,252,C007,15201,5
O02772,2022,12,21,recovery,P012,Festive Sarees,Fashion,355,C017,7600,20
O05646,2022,12,21,recovery,P009,Yoga Mat,Gym Equipment,419,C011,1900,19
O03728,2022,12,22,recovery,P012,Festive Sarees,Fashion,1288,C005,7600,20
O04111,2022,12,22,recovery,P004,Air Purifier,Home & Kitchen,120,C004,15201,6
O05570,2022,12,22,recovery,P009,Yoga Mat,Gym Equipment,524,C017,1900,7
O05915,2022,12,22,recovery,P014,Packaged Grocery Staples,Groceries & Hygiene,2036,C020,1013,3
O07194,2022,12,22,recovery,P002,Webcam & Headset Combo,Electronics,388,C019,5700,17
O06972,2022,12,23,recovery,P012,Festive Sarees,Fashion,724,C011,7600,12
O01376,2022,12,24,recovery,P004,Air Purifier,Home & Kitchen,281,C006,15201,3
O05593,2022,12,24,recovery,P009,Yoga Mat,Gym Equipment,456,C002,1900,9
O05125,2022,12,25,recovery,P006,Office Chair (Ergonomic),Home & Kitchen,46,C019,10767,9
O07069,2022,12,25,recovery,P014,Packaged Grocery Staples,Groceries & Hygiene,1454,C011,1013,2
O00250,2022,12,27,recovery,P002,Webcam & Headset Combo,Electronics,621,C017,5700,12
O00968,2022,12,27,recovery,P007,Treadmill,Gym Equipment,25,C010,53204,2
O03719,2022,12,27,recovery,P008,Resistance Bands & Dumbbell Set,Gym Equipment,782,C012,4433,19
O03616,2022,12,29,recovery,P012,Festive Sarees,Fashion,1347,C003,7600,20
O02793,2022,12,30,recovery,P008,Resistance Bands & Dumbbell Set,Gym Equipment,323,C016,4433,17
O07074,2022,12,30,recovery,P008,Resistance Bands & Dumbbell Set,Gym Equipment,135,C010,4433,9
O07425,2022,12,30,recovery,P002,Webcam & Headset Combo,Electronics,145,C014,5700,18
O02674,2022,12,31,recovery,P006,Office Chair (Ergonomic),Home & Kitchen,68,C008,10767,9
O04884,2022,12,31,recovery,P008,Resistance Bands & Dumbbell Set,Gym Equipment,1078,C015,4433,16
